start_station_name,casual,member,total_rides,casual_percentage,member_percentage,start_lat,start_lng
11th St Ped Bridge,1,0,1,100.0,0.0,41.86935,-87.62178
2112 W Peterson Ave,244,579,823,29.65,70.35,41.991178045712026,-87.68359333771082
21st St & Pulaski Rd,58,32,90,64.44,35.56,41.85365312937705,-87.72466614562907
63rd St Beach,881,434,1315,67.0,33.0,41.78091117793815,-87.57632362253314
900 W Harrison St,2717,5879,8596,31.61,68.39,41.87475400242846,-87.64980712337389
Aberdeen St & 103rd St,40,9,49,81.63,18.37,41.70704,-87.65022
Aberdeen St & 106th St,1,1,2,50.0,50.0,41.70121,-87.64934
Aberdeen St & Carroll Ave,2711,6344,9055,29.94,70.06,41.8881901774198,-87.65459153692541
Aberdeen St & Jackson Blvd,3756,9995,13751,27.31,72.69,41.87772745593681,-87.6547888380632
Aberdeen St & Monroe St,1973,6034,8007,24.64,75.36,41.880230847617206,-87.65496938063058
Aberdeen St & Randolph St,3221,6825,10046,32.06,67.94,41.88411480460823,-87.65426508797259
Ada St & 113th Pl,13,3,16,81.25,18.75,41.68759,-87.65541
Ada St & 113th Place,4,1,5,80.0,20.0,41.68759,-87.65541
Ada St & Washington Blvd,1828,5161,6989,26.16,73.84,41.882829213378734,-87.66120658018015
Addison Red Line Corral,3,4,7,42.86,57.14,41.9471976,-87.6539514
Addison/Racine Corral,1008,822,1830,55.08,44.92,41.94707238236229,-87.65935193792677
Addison/Sheffield SE Corral,465,400,865,53.76,46.24,41.947029911447395,-87.65425301967745
Addison/Sheffield SW Corral,961,662,1623,59.21,40.79,41.94695169166666,-87.65440864202711
Addison/Wilton Corral,522,377,899,58.06,41.94,41.94738808590174,-87.65317487810678
Adler Planetarium,10483,3989,14472,72.44,27.56,41.86609586343099,-87.60726860967523
Albany Ave & 16th St,102,95,197,51.78,48.22,41.85933878535026,-87.70302051147715
Albany Ave & 26th St,76,110,186,40.86,59.14,41.844507884526884,-87.70166608599462
Albany Ave & Belmont Ave,406,681,1087,37.35,62.65,41.93965113579516,-87.70526192412235
Albany Ave & Bloomingdale Ave,1340,2788,4128,32.46,67.54,41.91402492590026,-87.70512683131928
Albany Ave & Douglas Blvd,92,51,143,64.34,35.66,41.86293375548226,-87.70322369634336
Albany Ave & Montrose Ave,788,1596,2384,33.05,66.95,41.96104089499189,-87.70586528502936
Altgeld Gardens,36,1,37,97.3,2.7,41.65666552967373,-87.59880065917969
Archer (Damen) Ave & 37th St,157,264,421,37.29,62.71,41.826712020505944,-87.68314403995487
Archer Ave & 43rd St,48,25,73,65.75,34.25,41.81549065890411,-87.70242088219177
Archer Ave & 49th St,41,49,90,45.56,54.44,41.8042,-87.72082
Archer Ave & Homan Ave,49,35,84,58.33,41.67,41.81153,-87.70885
Archer Ave & Wentworth Ave,1238,1353,2591,47.78,52.22,41.854687304225784,-87.6308528454064
Arrington Lagoon,0,2,2,0.0,100.0,42.046434,-87.6738773
Artesian Ave & 55th St,42,93,135,31.11,68.89,41.79402,-87.68577
Artesian Ave & 71st St,24,26,50,48.0,52.0,41.764345000000006,-87.684417
Artesian Ave & Hubbard St,1395,3973,5368,25.99,74.01,41.889499886464975,-87.68825589268647
Artesian Ave & Marquette Rd,39,17,56,69.64,30.36,41.77203052358929,-87.68463767392856
Ashland Ave & 13th St,937,2529,3466,27.03,72.97,41.86523413663878,-87.66650682740912
Ashland Ave & 50th St,117,118,235,49.79,50.21,41.80302300000001,-87.664699
Ashland Ave & 63rd St,35,32,67,52.24,47.76,41.779374,-87.664843
Ashland Ave & 66th St,19,8,27,70.37,29.63,41.77407370707407,-87.66381079755556
Ashland Ave & 74th St,59,30,89,66.29,33.71,41.75923602425868,-87.66347408294678
Ashland Ave & 78th St,25,20,45,55.56,44.44,41.75220484941116,-87.66369938850403
Ashland Ave & Archer Ave,197,312,509,38.7,61.3,41.8392086253953,-87.66560990307525
Ashland Ave & Augusta Blvd,1778,5365,7143,24.89,75.11,41.89962183537314,-87.66841138812441
Ashland Ave & Belle Plaine Ave,1036,1860,2896,35.77,64.23,41.95579367658667,-87.66915118000794
Ashland Ave & Blackhawk St,2354,5055,7409,31.77,68.23,41.907065869074145,-87.66725160377172
Ashland Ave & Chicago Ave,1852,5205,7057,26.24,73.76,41.89595450863282,-87.66773046532475
Ashland Ave & Division St,1493,3393,4886,30.56,69.44,41.903311494073066,-87.66968541096705
Ashland Ave & Garfield Blvd,43,27,70,61.43,38.57,41.792822,-87.664429
Ashland Ave & Grace St,1836,3084,4920,37.32,62.68,41.95078564704025,-87.66873339995915
Ashland Ave & Grand Ave,1545,3122,4667,33.1,66.9,41.89107203623134,-87.66661559534947
Ashland Ave & Lake St,2043,3271,5314,38.45,61.55,41.88592051873447,-87.667170441812
Ashland Ave & McDowell Ave,93,146,239,38.91,61.09,41.809719,-87.663477
Ashland Ave & Pershing Rd,238,184,422,56.4,43.6,41.82346527108768,-87.66557713864692
Ashland Ave & Wellington Ave,1804,4409,6213,29.04,70.96,41.93608303172971,-87.66980815752439
Ashland Ave & Wrightwood Ave,1711,3799,5510,31.05,68.95,41.928829821858436,-87.66850787383339
Augusta Blvd & Laramie Ave,60,9,69,86.96,13.04,41.89866082553623,-87.75545471698551
Austin Ave & Milwaukee Ave,80,88,168,47.62,52.38,41.98735999716667,-87.77804999613095
Austin Blvd & Chicago Ave,85,34,119,71.43,28.57,41.894886723268904,-87.77470346288236
Austin Blvd & Lake St,215,157,372,57.8,42.2,41.887943372446365,-87.7742775717098
Austin Blvd & Madison St,121,84,205,59.02,40.98,41.8802814624683,-87.77445317393658
Ave H & 110th St,19,2,21,90.48,9.52,41.69553,-87.53304
Ave L & 114th,81,3,84,96.43,3.57,41.688030841619046,-87.5364102012143
Avenue O & 118th St,34,5,39,87.18,12.82,41.68100145911039,-87.5379312226869
Avenue O & 134th St,37,5,42,88.1,11.9,41.65190274469411,-87.53955570400834
Avers Ave & 103rd St,21,6,27,77.78,22.22,41.70585836777778,-87.71709153281482
Avers Ave & 16th St,39,55,94,41.49,58.51,41.85909,-87.72120999999999
Avers Ave & Belmont Ave,1130,1967,3097,36.49,63.51,41.93940782111452,-87.72357430436024
Avers Ave & Foster Ave,153,177,330,46.36,53.64,41.97541024170606,-87.72452072035757
Avondale Ave & Irving Park Rd,825,1876,2701,30.54,69.46,41.95339365867604,-87.73200107150574
Baltimore Ave & 133rd St,51,4,55,92.73,7.27,41.65349049105454,-87.5470301902182
Baltimore Ave & 87th St,56,57,113,49.56,50.44,41.737336201463854,-87.54851353379613
Bennett Ave & 79th St,31,15,46,67.39,32.61,41.75178579645652,-87.57849624573913
Benson Ave & Church St,2565,4011,6576,39.01,60.99,42.04821480968375,-87.68348493221646
Bent Park,1,0,1,100.0,0.0,42.064494,-87.724011
Bernard St & Elston Ave,330,731,1061,31.1,68.9,41.9499230035966,-87.7139499060264
Bernard St & Peterson Ave,59,256,315,18.73,81.27,41.99044188273333,-87.71523369251746
Big Marsh Park,299,71,370,80.81,19.19,41.68587763055647,-87.57382233014113
Bissell St & Armitage Ave,2419,4140,6559,36.88,63.12,41.9182955629354,-87.65218332409859
Bissell St & Armitage Ave*,2093,3816,5909,35.42,64.58,41.91830005995676,-87.6521837993069
Blackstone Ave & 53rd St,922,2004,2926,31.51,68.49,41.79961965256118,-87.59012910737901
Blackstone Ave & 59th St,2452,6928,9380,26.14,73.86,41.78787816213899,-87.59046404600906
Blackstone Ave & Hyde Park Blvd,1437,2658,4095,35.09,64.91,41.80256242870964,-87.59036632682515
Blue Island Ave & 18th St,1634,3769,5403,30.24,69.76,41.8575542208649,-87.66153593621581
Bosworth Ave & Howard St,195,668,863,22.6,77.4,42.01953785777636,-87.66956274407879
Bradley Park,21,24,45,46.67,53.33,41.71787725996011,-87.56459179720802
Broadway & Argyle St,2144,4613,6757,31.73,68.27,41.974231325483935,-87.65977714919373
Broadway & Barry Ave,5509,11399,16908,32.58,67.42,41.937584876302175,-87.64409728627083
Broadway & Belmont Ave,4061,8431,12492,32.51,67.49,41.940105263791125,-87.64545257813799
Broadway & Berwyn Ave,1987,5304,7291,27.25,72.75,41.97836155125387,-87.65978803584488
Broadway & Cornelia Ave,5514,13236,18750,29.41,70.59,41.94552846864879,-87.64643924362358
Broadway & Cuyler Ave,796,1834,2630,30.27,69.73,41.95541865649265,-87.65149985470647
Broadway & Granville Ave,2244,4941,7185,31.23,68.77,41.99477969405055,-87.66028502076071
Broadway & Oakdale Ave,3136,5576,8712,36.0,64.0,41.93558015575372,-87.64405087274334
Broadway & Ridge Ave,1416,3150,4566,31.01,68.99,41.98404163978969,-87.66027745934703
Broadway & Roscoe Ave,1975,4164,6139,32.17,67.83,41.943599766517515,-87.64532088939485
Broadway & Sheridan Rd,3903,9387,13290,29.37,70.63,41.95283145984454,-87.64999321689929
Broadway & Sunnyside Ave,1585,4992,6577,24.1,75.9,41.96341893169475,-87.65607051001251
Broadway & Thorndale Ave,2225,4704,6929,32.11,67.89,41.98974273229908,-87.66014064738528
Broadway & Waveland Ave,5429,14017,19446,27.92,72.08,41.9490744222292,-87.64863339188946
Broadway & Wilson Ave,2675,5839,8514,31.42,68.58,41.965220516809765,-87.65814482921189
Buckingham Fountain,3040,2015,5055,60.14,39.86,41.86959062953136,-87.6239611106722
Budlong Woods Library,237,515,752,31.52,68.48,41.9836652275296,-87.69642274601077
Burley Ave & 85th St,39,24,63,61.9,38.1,41.74117,-87.54518
Burley Ave & 91st St,28,27,55,50.91,49.09,41.73053880490909,-87.54558092656364
Burling St & Armitage Ave,392,476,868,45.16,54.84,41.9180765442523,-87.64727892193433
Burling St & Diversey Pkwy,2663,8147,10810,24.63,75.37,41.93313917876661,-87.64775977226329
Burnham Greenway & 105th St,62,31,93,66.67,33.33,41.704577831768084,-87.5282391848044
Burnham Greenway & 112th St,101,56,157,64.33,35.67,41.69177367350267,-87.53043186740173
Burnham Harbor,4700,4813,9513,49.41,50.59,41.85741276556417,-87.61379204995036
California & 16th St,121,108,229,52.84,47.16,41.859231345283845,-87.69555300556767
California Ave & 16th St,52,252,304,17.11,82.89,41.85926019597258,-87.69549904845175
California Ave & 21st St,306,635,941,32.52,67.48,41.85379593831406,-87.69582318449119
California Ave & 23rd Pl,135,357,492,27.44,72.56,41.8491108694848,-87.69513830210285
California Ave & 26th St,59,171,230,25.65,74.35,41.843681276330365,-87.69496769334923
California Ave & 29th St,13,12,25,52.0,48.0,41.84022124188,-87.69412938584
California Ave & 36th St,86,59,145,59.31,40.69,41.82810045117241,-87.69468059531724
California Ave & 41st St,210,97,307,68.4,31.6,41.81866931321172,-87.69440958402932
California Ave & 71st St,44,41,85,51.76,48.24,41.76474919856471,-87.69312063572941
California Ave & Altgeld St,1001,2100,3101,32.28,67.72,41.92668898116253,-87.69767135302806
California Ave & Byron St,768,1751,2519,30.49,69.51,41.95216205819728,-87.69805117426282
California Ave & Cortez St,1761,3205,4966,35.46,64.54,41.9003632433387,-87.69670587606161
California Ave & Division St,1404,2390,3794,37.01,62.99,41.90302917670453,-87.69747546364444
California Ave & Fletcher St,1326,1829,3155,42.03,57.97,41.93842933968242,-87.69800850592488
California Ave & Francis Pl,1606,2952,4558,35.23,64.77,41.91849452689083,-87.69742566962941
California Ave & Granville Ave,219,1002,1221,17.94,82.06,41.994173590090085,-87.6995443127158
California Ave & Lake St,367,493,860,42.67,57.33,41.88445376525212,-87.69629893216138
California Ave & Madison St,122,96,218,55.96,44.04,41.880979844697244,-87.69597991132112
California Ave & Marquette Rd,75,44,119,63.03,36.97,41.77160975978992,-87.69333092699999
California Ave & Milwaukee Ave,3789,7422,11211,33.8,66.2,41.922694239958375,-87.69715200540831
California Ave & Montrose Ave,1000,2073,3073,32.54,67.46,41.96106860798265,-87.69543950318712
California Ave & North Ave,1539,2278,3817,40.32,59.68,41.910042976104535,-87.6971660689455
California Ave & Touhy Ave,170,218,388,43.81,56.19,42.01203636003608,-87.70043516460052
California Ave & Winona St,156,390,546,28.57,71.43,41.97471141273077,-87.69785413443957
California Blvd & 29th St,4,9,13,30.77,69.23,41.84024,-87.69413
Calumet Ave & 18th St,3639,5304,8943,40.69,59.31,41.85762003009297,-87.61941172298698
Calumet Ave & 21st St,2415,2584,4999,48.31,51.69,41.85418058540947,-87.61915406545809
Calumet Ave & 33rd St,783,2166,2949,26.55,73.45,41.834720217045096,-87.61796915190675
Calumet Ave & 35th St,454,576,1030,44.08,55.92,41.83137899857573,-87.61803436184465
Calumet Ave & 51st St,270,291,561,48.13,51.87,41.802293816994435,-87.61805378821782
Calumet Ave & 71st St,46,16,62,74.19,25.81,41.76550827579693,-87.61691929082257
Calumet Park,99,60,159,62.26,37.74,41.71370995632023,-87.53084304947676
Campbell Ave & 51st St,94,11,105,89.52,10.48,41.80094073753333,-87.68675966410476
Campbell Ave & Augusta Blvd,1117,2321,3438,32.49,67.51,41.899574263967224,-87.68949565842419
Campbell Ave & Fullerton Ave,881,1176,2057,42.83,57.17,41.924633208507736,-87.68930768989635
Campbell Ave & Irving Park Rd,355,510,865,41.04,58.96,41.953626073749135,-87.69078640544048
Campbell Ave & Montrose Ave,811,2760,3571,22.71,77.29,41.9615255850014,-87.6911775554741
Campbell Ave & North Ave,1417,3845,5262,26.93,73.07,41.91053499329399,-87.68955619832471
Canal St & Adams St,4143,14782,18925,21.89,78.11,41.879255050720005,-87.63990619390923
Canal St & Harrison St,980,2357,3337,29.37,70.63,41.874254671324536,-87.63957310814773
Canal St & Jackson Blvd,2595,10977,13572,19.12,80.88,41.878124479812776,-87.63996856079244
Canal St & Lake St,1284,4215,5499,23.35,76.65,41.885969748146756,-87.63999356472401
Canal St & Madison St,6631,22971,29602,22.4,77.6,41.88240593771837,-87.63976440436697
Canal St & Monroe St,2106,8225,10331,20.39,79.61,41.88290605856704,-87.63974151881442
Canal St & Taylor St,1976,3380,5356,36.89,63.11,41.87025617665429,-87.63947417543335
Cannon Dr & Fullerton Ave,2807,1948,4755,59.03,40.97,41.926755504057205,-87.6344295925973
Carpenter St & 63rd St,12,3,15,80.0,20.0,41.77987,-87.650919
Carpenter St & Fulton St,1193,3221,4414,27.03,72.97,41.88667959226726,-87.65315069735153
Carpenter St & Huron St,2766,6203,8969,30.84,69.16,41.894555850878476,-87.65344846867606
Carpenter St & Lake St Public Rack,248,503,751,33.02,66.98,41.88558816974967,-87.6531871911185
Central & Elston,102,74,176,57.95,42.05,41.98550367940152,-87.76820112524621
Central Ave & Altgeld St,114,139,253,45.06,54.94,41.925812592956525,-87.76636849962846
Central Ave & Chicago Ave,56,116,172,32.56,67.44,41.894957869122095,-87.76490188700582
Central Ave & Harrison St,51,22,73,69.86,30.14,41.8729946440137,-87.76450065634248
Central Ave & Lake St,87,125,212,41.04,58.96,41.8876641686934,-87.76546826098112
Central Ave & Madison St,62,83,145,42.76,57.24,41.88012066344828,-87.76323689312413
Central Ave & Parker Ave,79,132,211,37.44,62.56,41.9301785617346,-87.76612061417062
Central Ave & Roscoe St,79,46,125,63.2,36.8,41.942274798576,-87.766949129472
Central Ave & Wellington Ave,82,62,144,56.94,43.06,41.934908373002315,-87.7667736822361
Central Park & Augusta Blvd,33,265,298,11.07,88.93,41.89891070666108,-87.71648980694296
Central Park Ave & 24th St,188,113,301,62.46,37.54,41.84809949455814,-87.7150686203123
Central Park Ave & 66th St,25,1,26,96.15,3.85,41.77326031430769,-87.71312771334615
Central Park Ave & Ardmore Ave,114,310,424,26.89,73.11,41.98660830794104,-87.71876772505897
Central Park Ave & Augusta Blvd,41,114,155,26.45,73.55,41.89894,-87.71649
Central Park Ave & Bloomingdale Ave,799,1736,2535,31.52,68.48,41.914165418287574,-87.71675671761066
Central Park Ave & Douglas Blvd,46,28,74,62.16,37.84,41.862349933594594,-87.7158711492027
Central Park Ave & Elbridge Ave,1250,2034,3284,38.06,61.94,41.935337623129996,-87.71688856872717
Central Park Ave & North Ave,525,589,1114,47.13,52.87,41.90965735706745,-87.71663322236516
Central Park Ave & Ogden Ave,422,254,676,62.43,37.57,41.85406190042273,-87.71511733443846
Central Park Ave & Ohio St,135,141,276,48.91,51.09,41.89187656423913,-87.7164151808877
Central Park Ave & Washington Blvd,74,45,119,62.18,37.82,41.8827478302437,-87.71539936668066
Central Park Blvd & 5th Ave,67,168,235,28.51,71.49,41.87567893361702,-87.7154701966383
Central St & Girard Ave,441,581,1022,43.15,56.85,42.064312853420745,-87.68615187680236
Central St Metra,593,625,1218,48.69,51.31,42.06360519961166,-87.69872881364532
Cherry Ave & Blackhawk St,500,1671,2171,23.03,76.97,41.90722107666421,-87.65561881443391
Chicago Ave & Grove St,113,105,218,51.83,48.17,42.04522121097248,-87.67995824440366
Chicago Ave & Sheridan Rd,3103,2983,6086,50.99,49.01,42.05049094933668,-87.67782118332863
Chicago Ave & Washington St,1196,1801,2997,39.91,60.09,42.03256686516016,-87.67910332634902
Chicago State University,113,75,188,60.11,39.89,41.71896326824517,-87.60829598472391
Christiana Ave & Lawrence Ave,718,1341,2059,34.87,65.13,41.968354830222836,-87.71183082182613
Cicero Ave & Flournoy St,35,13,48,72.92,27.08,41.87213185660417,-87.74661997822916
Cicero Ave & Lake St,141,35,176,80.11,19.89,41.88684195161932,-87.74526349354545
Cicero Ave & Quincy St,47,10,57,82.46,17.54,41.87761308512281,-87.74540433485966
Cicero Ave & Roscoe Ave,96,260,356,26.97,73.03,41.94242711137641,-87.74731471521629
Cicero Ave & Wellington Ave,35,28,63,55.56,44.44,41.93515031352381,-87.746365305
Cicero Ave & Wrightwood Ave,98,245,343,28.57,71.43,41.927913092892126,-87.74674793837026
Cityfront Plaza Dr & Pioneer Ct,4593,7474,12067,38.06,61.94,41.89056773502876,-87.6220721756512
Claremont Ave & Hirsch St,752,1743,2495,30.14,69.86,41.90777970835712,-87.68585678403326
Clarendon Ave & Gordon Ter,3669,10056,13725,26.73,73.27,41.95786565174936,-87.64950380127777
Clarendon Ave & Junior Ter,3782,8473,12255,30.86,69.14,41.96100359116209,-87.64959787498785
Clarendon Ave & Leland Ave,2085,4791,6876,30.32,69.68,41.96796649564587,-87.65000284593354
Clark Beach,4,1,5,80.0,20.0,42.0500013,-87.6740198
Clark St & 9th St (AMLI),1855,2769,4624,40.12,59.88,41.87081588341133,-87.6312410389174
Clark St & Arlington Pl,4065,8231,12296,33.06,66.94,41.92693770073813,-87.6414854269579
Clark St & Armitage Ave,9590,15279,24869,38.56,61.44,41.918305924355785,-87.63628343195977
Clark St & Berwyn Ave,3878,8109,11987,32.35,67.65,41.978020900992156,-87.66806202437635
Clark St & Bryn Mawr Ave,2129,5515,7644,27.85,72.15,41.98359290679984,-87.66915418294964
Clark St & Chicago Ave,3469,7909,11378,30.49,69.51,41.89674540115735,-87.63088698938776
Clark St & Columbia Ave,670,1581,2251,29.76,70.24,42.00445050637347,-87.67240259440936
Clark St & Drummond Pl,4105,9906,14011,29.3,70.7,41.93124803445621,-87.6443345566649
Clark St & Eddy St ,2885,4339,7224,39.94,60.06,41.94628260406133,-87.65626677876453
Clark St & Elm St,8072,17587,25659,31.46,68.54,41.90296441234274,-87.63130715867374
Clark St & Elmdale Ave,923,1781,2704,34.13,65.87,41.990860445459454,-87.66972180874745
Clark St & Fletcher St,962,2165,3127,30.76,69.24,41.93892041546402,-87.65032846775173
Clark St & Grace St,4243,5344,9587,44.26,55.74,41.95078295040169,-87.65917308533805
Clark St & Ida B Wells Dr,2671,6200,8871,30.11,69.89,41.875934349869574,-87.63058593773262
Clark St & Jarvis Ave,443,1074,1517,29.2,70.8,42.0159630443764,-87.67500490686683
Clark St & Lake St,5112,12890,18002,28.4,71.6,41.886020787359655,-87.63087576291755
Clark St & Leland Ave,2961,5746,8707,34.01,65.99,41.967088609232576,-87.66729678776552
Clark St & Lincoln Ave,9764,14904,24668,39.58,60.42,41.91569189198353,-87.63460030320329
Clark St & Lunt Ave,1234,2606,3840,32.14,67.86,42.00901205379028,-87.67411504732459
Clark St & Montrose Ave,2418,4927,7345,32.92,67.08,41.96158729053842,-87.66604266212249
Clark St & Newport St,5517,7861,13378,41.24,58.76,41.94453925107034,-87.65467993839864
Clark St & North Ave,4132,6318,10450,39.54,60.46,41.91197302450583,-87.63194433677171
Clark St & Schiller St,4934,10660,15594,31.64,68.36,41.907993330742784,-87.63150256745413
Clark St & Schreiber Ave,997,1913,2910,34.26,65.74,41.999244851286605,-87.67125172788316
Clark St & Touhy Ave,278,603,881,31.56,68.44,42.01256083652136,-87.67436528669542
Clark St & Washington St,724,1491,2215,32.69,67.31,41.8830116866447,-87.63099587707254
Clark St & Wellington Ave,4313,8257,12570,34.31,65.69,41.93649678620794,-87.64754014705183
Clark St & Winnemac Ave,4481,9410,13891,32.26,67.74,41.973347603983726,-87.66785458588339
Clark St & Wrightwood Ave,5133,11220,16353,31.39,68.61,41.92954667260386,-87.64311997416016
Clark/Newport Corral,998,824,1822,54.77,45.23,41.944942679703445,-87.65461112486754
Clark/Racine Corral,1016,660,1676,60.62,39.38,41.95044487831325,-87.65931681801312
Clifton Ave & Armitage Ave,2912,6995,9907,29.39,70.61,41.9182160397561,-87.65693851348313
Clinton St & 18th St,971,2324,3295,29.47,70.53,41.85794885375964,-87.64082614435995
Clinton St & Jackson Blvd,5084,19622,24706,20.58,79.42,41.878317661429854,-87.64098499446203
Clinton St & Lake St,4100,13996,18096,22.66,77.34,41.88563146714751,-87.64182398855002
Clinton St & Madison St,6537,19528,26065,25.08,74.92,41.882198907159776,-87.64117208273713
Clinton St & Polk St,542,620,1162,46.64,53.36,41.87146585782459,-87.64094932059932
Clinton St & Roosevelt Rd,2171,3551,5722,37.94,62.06,41.86711806589436,-87.64108765843042
Clinton St & Tilden St,1758,5217,6975,25.2,74.8,41.8758846287987,-87.64079329581777
Clinton St & Washington Blvd,3372,17557,20929,16.11,83.89,41.88317611706398,-87.64118769044292
Clinton St & Washington Blvd 2,2686,12475,15161,17.72,82.28,41.883380744001585,-87.6411766455598
Clybourn Ave & Division St,1504,4665,6169,24.38,75.62,41.90461274328562,-87.64055258638159
Clyde Ave & 87th St,58,26,84,69.05,30.95,41.73715250502115,-87.57273940245776
Columbus Ave & 79th St,86,10,96,89.58,10.42,41.749118822875,-87.70426317604166
Columbus Ave & 83rd Pl,22,5,27,81.48,18.52,41.741346212,-87.71369150988887
Columbus Dr & Randolph St,7588,13840,21428,35.41,64.59,41.884717629463616,-87.6195190968583
Commercial Ave & 100th St,18,15,33,54.55,45.45,41.71331739547703,-87.55109757184982
Commercial Ave & 130th St,81,3,84,96.43,3.57,41.659150427597744,-87.55076229572296
Commercial Ave & 83rd St,42,113,155,27.1,72.9,41.74461505510968,-87.55120777709033
Commercial Ave & 90th St,34,31,65,52.31,47.69,41.73185933244615,-87.55201218767692
Commercial Ave & 97th St,13,34,47,27.66,72.34,41.71893083712766,-87.55112029765957
Conservatory Dr & Lake St,328,303,631,51.98,48.02,41.885498874055465,-87.71686648951348
Constance Ave & 95th St,17,70,87,19.54,80.46,41.722288898160066,-87.5789679973934
Cornell Ave & Hyde Park Blvd,2076,4435,6511,31.88,68.12,41.80240602595177,-87.58692385654302
Cottage Grove Ave & 107th St,16,1,17,94.12,5.88,41.70015,-87.60793
Cottage Grove Ave & 111th Pl,59,20,79,74.68,25.32,41.69170874136964,-87.61000238340496
Cottage Grove Ave & 43rd St,313,448,761,41.13,58.87,41.81649878824003,-87.60658320575209
Cottage Grove Ave & 47th St,31,89,120,25.83,74.17,41.809855188616666,-87.60675530115833
Cottage Grove Ave & 49th St,113,369,482,23.44,76.56,41.806272834738586,-87.60664147571161
Cottage Grove Ave & 51st St,355,596,951,37.33,62.67,41.80303784922187,-87.60661514935437
Cottage Grove Ave & 63rd St,435,658,1093,39.8,60.2,41.780532382550994,-87.6059722766784
Cottage Grove Ave & 67th St,163,246,409,39.85,60.15,41.77372114184156,-87.60563520650611
Cottage Grove Ave & 71st St,60,30,90,66.67,33.33,41.765719323281445,-87.60496101517778
Cottage Grove Ave & 78th St,41,264,305,13.44,86.56,41.7531740588459,-87.60502595937376
Cottage Grove Ave & 83rd St,84,104,188,44.68,55.32,41.743441,-87.604836
Cottage Grove Ave & Oakwood Blvd,525,486,1011,51.93,48.07,41.822984533947576,-87.60709976044313
Cumberland Ave & Catherine Ave,122,52,174,70.11,29.89,41.97731994778161,-87.83673991905172
Daley Center Plaza,5390,14690,20080,26.84,73.16,41.88424092878486,-87.62963371513943
Damen Ave & 33rd St,9,49,58,15.52,84.48,41.834108,-87.67559
Damen Ave & 51st St,62,19,81,76.54,23.46,41.800908127666666,-87.67468440237037
Damen Ave & 59th St,39,24,63,61.9,38.1,41.78586433408229,-87.67414469756028
Damen Ave & 74th St,23,10,33,69.7,30.3,41.75927505240205,-87.67363653759246
Damen Ave & 77th St,36,11,47,76.6,23.4,41.753965550510635,-87.67340904057447
Damen Ave & 81st St,82,19,101,81.19,18.81,41.746534,-87.67305499999999
Damen Ave & 87th St,63,32,95,66.32,33.68,41.73604398796842,-87.67286150674735
Damen Ave & Charleston St,2024,3873,5897,34.32,65.68,41.92008104940715,-87.67785907384246
Damen Ave & Chicago Ave,3340,8057,11397,29.31,70.69,41.89568851585944,-87.67713554585372
Damen Ave & Chicago Ave Public Rack,153,433,586,26.11,73.89,41.8958105906752,-87.67850628298349
Damen Ave & Clybourn Ave,1288,2923,4211,30.59,69.41,41.93208247316932,-87.67825359132915
Damen Ave & Cortland St,3754,6583,10337,36.32,63.68,41.91598343475244,-87.67733421363461
Damen Ave & Coulter St,114,161,275,41.45,58.55,41.85021856649455,-87.67510286095273
Damen Ave & Cullerton St,1031,1920,2951,34.94,65.06,41.85496676642034,-87.675698511523
Damen Ave & Division St,2885,6193,9078,31.78,68.22,41.90326540071514,-87.678437373332
Damen Ave & Evergreen Ave,653,1329,1982,32.95,67.05,41.90605040365035,-87.67758007050809
Damen Ave & Foster Ave,1876,3709,5585,33.59,66.41,41.97580316993246,-87.6795089427999
Damen Ave & Grand Ave,676,1199,1875,36.05,63.95,41.89239720233459,-87.67688641141201
Damen Ave & Lake St,1696,2681,4377,38.75,61.25,41.8849620855302,-87.67683976232625
Damen Ave & Leland Ave,2043,4961,7004,29.17,70.83,41.96708203243432,-87.67907617398586
Damen Ave & Madison St,1250,1455,2705,46.21,53.79,41.88137383007751,-87.67492852608689
Damen Ave & Melrose Ave,1350,2724,4074,33.14,66.86,41.940599111726314,-87.67850209143127
Damen Ave & Ohio St,1145,2309,3454,33.15,66.85,41.89239694063068,-87.67688626189086
Damen Ave & Pershing Rd,125,146,271,46.13,53.87,41.82319251643173,-87.67659780981549
Damen Ave & Pierce Ave,4677,9059,13736,34.05,65.95,41.90935891014626,-87.6777577106849
Damen Ave & St Paul Ave,1031,2488,3519,29.3,70.7,41.913012012635406,-87.67777867045695
Damen Ave & Sunnyside Ave,1111,2961,4072,27.28,72.72,41.963249888868866,-87.67926038444892
Damen Ave & Thomas St (Augusta Blvd),2262,5213,7475,30.26,69.74,41.901318133627996,-87.67741091126645
Damen Ave & Wabansia Ave,1482,2773,4255,34.83,65.17,41.91225389186862,-87.67722945844442
Damen Ave & Wellington Ave,1693,3135,4828,35.07,64.93,41.93588030928127,-87.67842098877298
Damen Ave & Wicker Park Ave,2258,4570,6828,33.07,66.93,41.908811877789645,-87.67719075671367
Damen Ave/Coulter St,136,207,343,39.65,60.35,41.84919990903207,-87.6756398782449
Dan Ryan Woods & 83rd St,145,38,183,79.23,20.77,41.74280555437704,-87.68017741350273
Dauphin Ave & 103rd St,63,41,104,60.58,39.42,41.7072503677818,-87.60766267776489
Dauphin Ave & 87th St,79,61,140,56.43,43.57,41.73648020347143,-87.60125270701428
Dayton St & North Ave,3743,8028,11771,31.8,68.2,41.91057920019999,-87.6494226972457
Dearborn Pkwy & Delaware Pl,6431,14765,21196,30.34,69.66,41.89896960284043,-87.62991446882403
Dearborn St & Adams St,1634,4046,5680,28.77,71.23,41.87938471475428,-87.62974753313921
Dearborn St & Adams St 1,1262,2946,4208,29.99,70.01,41.8793563587,-87.6297910363
Dearborn St & Adams St 2,969,2128,3097,31.29,68.71,41.87962901402195,-87.62937020680077
Dearborn St & Adams St Corral,196,456,652,30.06,69.94,41.879392852665646,-87.6298758669862
Dearborn St & Division St,3725,7935,11660,31.95,68.05,41.90429958468104,-87.62991286256006
Dearborn St & Erie St,6966,13343,20309,34.3,65.7,41.89390681440251,-87.62965308363155
Dearborn St & Madison St,1244,4228,5472,22.73,77.27,41.882054893798674,-87.62963967292093
Dearborn St & Maple St,3196,7895,11091,28.82,71.18,41.901911145049404,-87.63026049611761
Dearborn St & Monroe St,1809,4191,6000,30.15,69.85,41.881310974853996,-87.62952132244668
Dearborn St & Van Buren St,2395,4736,7131,33.59,66.41,41.87626876202678,-87.62915632682233
Dearborn St & Washington St,844,2186,3030,27.85,72.15,41.88298739795974,-87.62930954340099
Delano Ct & Roosevelt Rd,2598,4164,6762,38.42,61.58,41.8674906786504,-87.63219025242077
Dempster CTA,34,31,65,52.31,47.69,42.04126756910769,-87.68157524253847
Desplaines St & Jackson Blvd,3164,9358,12522,25.27,74.73,41.87811911576362,-87.6439496514989
Desplaines St & Kinzie St,6363,16102,22465,28.32,71.68,41.888711197707956,-87.64444739587046
Desplaines St & Randolph St,2487,5119,7606,32.7,67.3,41.883699684455955,-87.64424118702024
Dodge Ave & Church St,399,524,923,43.23,56.77,42.04830825146371,-87.69822605465438
Dodge Ave & Main St,277,450,727,38.1,61.9,42.03463490443875,-87.69918689258695
Dodge Ave & Mulford St,212,216,428,49.53,50.47,42.02346500326168,-87.69959542089252
Dorchester Ave & 49th St,347,879,1226,28.3,71.7,41.80577226545922,-87.59246382266885
Dorchester Ave & 53rd St,1029,2531,3560,28.9,71.1,41.79943037618989,-87.59226913572866
Dorchester Ave & 63rd St,369,394,763,48.36,51.64,41.78040595403984,-87.59141498096017
Doty Ave & 111th St,49,8,57,85.96,14.04,41.69501074800631,-87.59871466744751
Drake Ave & Addison St,565,1217,1782,31.71,68.29,41.94732823073007,-87.71758223970932
Drake Ave & Armitage Ave,304,514,818,37.16,62.84,41.91749363849511,-87.71523834588018
Drake Ave & Montrose Ave,434,873,1307,33.21,66.79,41.961153912030646,-87.71657015129242
Drexel Ave & 60th St,1227,3299,4526,27.11,72.89,41.78586014326182,-87.60455383152761
DuSable Lake Shore Dr & Balbo Dr,406,125,531,76.46,23.54,41.87318,-87.61685
DuSable Lake Shore Dr & Belmont Ave,6542,8712,15254,42.89,57.11,41.940773252641534,-87.63919004487764
DuSable Lake Shore Dr & Diversey Pkwy,7782,11081,18863,41.26,58.74,41.93258677453348,-87.636427539445
DuSable Lake Shore Dr & Jackson Blvd,546,157,703,77.67,22.33,41.87831,-87.61695
DuSable Lake Shore Dr & Monroe St,32478,8690,41168,78.89,21.11,41.88095937040841,-87.61674360087522
DuSable Lake Shore Dr & North Blvd,19711,15395,35106,56.15,43.85,41.91172226935545,-87.62680403666367
DuSable Lake Shore Dr & Wellington Ave,5979,8858,14837,40.3,59.7,41.93669046771809,-87.63682844257919
DuSable Museum,251,468,719,34.91,65.09,41.791567619343255,-87.6078521431224
Dusable Harbor,14692,5691,20383,72.08,27.92,41.88697680057113,-87.6128141639234
ETHS Main Campus,1,0,1,100.0,0.0,42.044138,-87.698823
East End Ave & 87th St,48,24,72,66.67,33.33,41.73681463821486,-87.5828015638807
Eastlake Ter & Howard St,529,979,1508,35.08,64.92,42.01920193748441,-87.66430331572816
Eberhart Ave & 131st St,10,1,11,90.91,9.09,41.658413151101065,-87.61071089698817
Eberhart Ave & 61st St,196,156,352,55.68,44.32,41.78407157275451,-87.61448370072763
Eberhart Ave & 91st St,37,8,45,82.22,17.78,41.72928580468798,-87.6110595782526
Eckhart Park,1995,5225,7220,27.63,72.37,41.896375371157895,-87.6609849636964
Eddy/Seminary Corral,1590,1128,2718,58.5,41.5,41.946131064266375,-87.65666592061478
Edgebrook Metra,121,269,390,31.03,68.97,41.997509875558976,-87.76539058611795
Eggleston Ave & 111th St,62,1,63,98.41,1.59,41.69254,-87.63374
Eggleston Ave & 115th St,37,0,37,100.0,0.0,41.68507,-87.63361
Eggleston Ave & 69th St,54,10,64,84.38,15.62,41.768898,-87.635876
Eggleston Ave & 92nd St,13,2,15,86.67,13.33,41.727575659299575,-87.63482809066771
Elizabeth St & 47th St,38,46,84,45.24,54.76,41.80839,-87.656526
Elizabeth St & 92nd St,22,5,27,81.48,18.52,41.7268007924381,-87.65429326339684
Elizabeth St & Fulton St,2032,5395,7427,27.36,72.64,41.886722630515415,-87.65954836249388
Elizabeth St & Randolph St,2978,6700,9678,30.77,69.23,41.88433762388541,-87.65890422197086
Ellis Ave & 53rd St,1600,4916,6516,24.55,75.45,41.79933690949558,-87.60095930467013
Ellis Ave & 55th St,4514,13408,17922,25.19,74.81,41.794300701125046,-87.6014495758762
Ellis Ave & 58th St,1559,6534,8093,19.26,80.74,41.788745499251945,-87.60133347269911
Ellis Ave & 60th St,4327,12184,16511,26.21,73.79,41.78509854607847,-87.60107353323949
Ellis Ave & 83rd St,63,27,90,70.0,30.0,41.744122855422226,-87.59903465114445
Elmwood Ave & Austin St,376,658,1034,36.36,63.64,42.02578386240909,-87.68410771061991
Elston Ave & Carmen Ave,101,229,330,30.61,69.39,41.973540162187874,-87.7495518535697
Elston Ave & Cortland St,3398,7779,11177,30.4,69.6,41.916434324091334,-87.666745726809
Elston Ave & George St,709,1237,1946,36.43,63.57,41.93400313082169,-87.6908228949373
Elston Ave & Henderson St,386,607,993,38.87,61.13,41.94151790343807,-87.70096441120646
Elston Ave & Wabansia Ave,988,1767,2755,35.86,64.14,41.91291912784175,-87.66416878915898
Emerald Ave & 28th St,393,1300,1693,23.21,76.79,41.843579911988186,-87.64536891059186
Emerald Ave & 31st St,1001,2669,3670,27.28,72.72,41.83819804364986,-87.64514304980518
Evans Ave & 75th St,25,59,84,29.76,70.24,41.75849,-87.60641
Evanston Civic Center,841,825,1666,50.48,49.52,42.05704369609964,-87.68655423177431
Ewing Ave & 106th St,67,36,103,65.05,34.95,41.702660280553395,-87.53564031714563
Ewing Ave & 97th St,34,12,46,73.91,26.09,41.71981925673913,-87.5354192135
Ewing Ave & 98th St,28,17,45,62.22,37.78,41.71781,-87.53504
Ewing Ave & Burnham Greenway,25,14,39,64.1,35.9,41.70999,-87.5355
Exchange Ave & 79th St,76,106,182,41.76,58.24,41.75211459373559,-87.55200751528861
Fairbanks Ct & Grand Ave,5316,9437,14753,36.03,63.97,41.8918463789186,-87.6205824325575
Fairbanks St & Superior St,1744,4613,6357,27.43,72.57,41.8957517166491,-87.62010807565362
Fairfield Ave & 44th St,233,46,279,83.51,16.49,41.813616761089605,-87.69322681910036
Fairfield Ave & Pratt Blvd,144,295,439,32.8,67.2,42.00445199491571,-87.69859670664238
Fairfield Ave & Roosevelt Rd,188,256,444,42.34,57.66,41.86662419300226,-87.69452112341442
Farragut Ave & Central Ave,107,164,271,39.48,60.52,41.97665994252399,-87.76822928783395
Federal St & Polk St,4816,12062,16878,28.53,71.47,41.87207814792651,-87.62954475267688
Field Blvd & South Water St,5516,8216,13732,40.17,59.83,41.886349115385265,-87.61751618612857
Field Museum,10325,2413,12738,81.06,18.94,41.86531200884158,-87.61787365762443
Financial Pl & Ida B Wells Dr,2821,6640,9461,29.82,70.18,41.87502353040685,-87.63309460322742
Fort Dearborn Dr & 31st St,1275,621,1896,67.25,32.75,41.83855457797046,-87.60822202762606
Fort Dearborn Dr & 31st St*,2427,1599,4026,60.28,39.72,41.838675094445556,-87.60882799200782
Foster CTA,22,16,38,57.89,42.11,42.053903,-87.683677
Francisco Ave & 47th St,94,70,164,57.32,42.68,41.80848986816463,-87.69672962296342
Francisco Ave & 85th St,59,1,60,98.33,1.67,41.738902,-87.695518
Francisco Ave & Bloomingdale Ave,812,914,1726,47.05,52.95,41.913960991489574,-87.6994002810786
Francisco Ave & Chicago Ave,928,1643,2571,36.09,63.91,41.895744612206144,-87.6986527147604
Francisco Ave & Foster Ave,607,1916,2523,24.06,75.94,41.97563300378614,-87.70141948942815
Francisco Ave & Hollywood Ave,69,102,171,40.35,59.65,41.98451475898831,-87.70157689132749
Francisco Ave & Montrose Ave,490,991,1481,33.09,66.91,41.96105376556111,-87.70092619896556
Franciso Ave & Bloomingdale Ave,6,9,15,40.0,60.0,41.91396752213334,-87.69941203773332
Franklin St & Adams St ,2324,6386,8710,26.68,73.32,41.879428791041406,-87.63550429626135
Franklin St & Adams St Corral,243,995,1238,19.63,80.37,41.8794118663635,-87.63557678914863
Franklin St & Chicago Ave,3832,9231,13063,29.33,70.67,41.89679405203639,-87.63564276884911
Franklin St & Illinois St,3830,8736,12566,30.48,69.52,41.891024442611894,-87.63545564633979
Franklin St & Jackson Blvd,4740,10804,15544,30.49,69.51,41.87771031528271,-87.63533070320253
Franklin St & Lake St,3166,9056,12222,25.9,74.1,41.88583769575662,-87.63550132481042
Franklin St & Madison St,600,1726,2326,25.8,74.2,41.881386217633704,-87.63541483052148
Franklin St & Monroe St,2837,12182,15019,18.89,81.11,41.88031658425993,-87.63518470304282
Franklin St & Monroe St Corral,11,20,31,35.48,64.52,41.8805685843871,-87.6352466397742
Franklin St & Randolph St,367,774,1141,32.16,67.84,41.88439,-87.63517
Franklin St & Washington St,1930,6026,7956,24.26,75.74,41.88318,-87.63511
Front Ave & 115th St,37,26,63,58.73,41.27,41.68577206795238,-87.61248001725397
Fullerton & Monitor,14,8,22,63.64,36.36,41.92379041131818,-87.77230967495454
Fulton Market,3248,8327,11575,28.06,71.94,41.88686977988207,-87.64808962073349
Glenwood Ave & Devon Ave,259,275,534,48.5,51.5,41.997909927129214,-87.6654499735281
Glenwood Ave & Morse Ave,1077,3661,4738,22.73,77.27,42.00797177420555,-87.66550059134174
Glenwood Ave & Touhy Ave,621,1095,1716,36.19,63.81,42.012703162054784,-87.66605734448194
Grace St & Central Ave,104,76,180,57.78,42.22,41.949533000933336,-87.7672646843389
Grace St & Cicero Ave,143,125,268,53.36,46.64,41.94973038264179,-87.7469476285112
Grace/Sheffield Corral,379,559,938,40.41,59.59,41.951160091801704,-87.65461056242538
Granville Ave & Clark St,493,978,1471,33.51,66.49,41.994400147191705,-87.66982908617948
Granville Ave & Pulaski Rd,20,69,89,22.47,77.53,41.992448082808984,-87.72891116255056
Green St & 86th St,8,10,18,44.44,55.56,41.737846068470446,-87.64490210676759
Green St & Chicago Ave,1924,3733,5657,34.01,65.99,41.89382429149578,-87.65047000756009
Green St & Lake St ,2832,5313,8145,34.77,65.23,41.88558114504444,-87.64840935016697
Green St & Madison St,4658,12559,17217,27.05,72.95,41.88185974701653,-87.64926152831531
Green St & Randolph St,1646,2528,4174,39.43,60.57,41.88360136676694,-87.64862474111533
Green St & Randolph St*,1526,2692,4218,36.18,63.82,41.88360142534733,-87.64862524139582
Green St & Washington Blvd,2213,4176,6389,34.64,65.36,41.88317894620359,-87.64873172167955
Greenview Ave & Diversey Pkwy,973,1794,2767,35.16,64.84,41.932595449380926,-87.66580603200853
Greenview Ave & Fullerton Ave,2494,5080,7574,32.93,67.07,41.925331830078825,-87.66580141689505
Greenview Ave & Jarvis Ave,1011,2124,3135,32.25,67.75,42.0159621867327,-87.66857101190496
Greenwood Ave & 47th St,439,1444,1883,23.31,76.69,41.80983434201009,-87.59938197454487
Greenwood Ave & 79th St,42,21,63,66.67,33.33,41.75129,-87.5976
Greenwood Ave & 91st St,25,13,38,65.79,34.21,41.728287250680474,-87.59729783157181
Greenwood Ave & 97th St,26,9,35,74.29,25.71,41.718702776456986,-87.59703070095372
Griffin Museum of Science and Industry,3292,2488,5780,56.96,43.04,41.791729459257496,-87.58394566146922
Hale Ave & 107th St,81,34,115,70.43,29.57,41.69920584650474,-87.6689165125754
Halsted St & 104th St,51,42,93,54.84,45.16,41.705140075353164,-87.64242504488612
Halsted St & 111th St,39,5,44,88.64,11.36,41.69226356316685,-87.64261413974647
Halsted St & 119th St,46,13,59,77.97,22.03,41.67764029505085,-87.64174040835593
Halsted St & 123rd St,25,0,25,100.0,0.0,41.67095784268,-87.64153956808
Halsted St & 18th St,1441,2876,4317,33.38,66.62,41.857507534468255,-87.64599676146388
Halsted St & 21st St,935,1558,2493,37.51,62.49,41.853780620920766,-87.6466029817394
Halsted St & 35th St,1050,1999,3049,34.44,65.56,41.83066134883437,-87.64717105039652
Halsted St & 37th St,262,532,794,33.0,67.0,41.82705926878967,-87.64571967047858
Halsted St & 47th Pl,74,152,226,32.74,67.26,41.808134175449695,-87.64561648720132
Halsted St & 51st St,164,187,351,46.72,53.28,41.801829583872,-87.64521399497721
Halsted St & 56th St,44,25,69,63.77,36.23,41.792930299091594,-87.64499063915943
Halsted St & 59th St,77,33,110,70.0,30.0,41.787538999999995,-87.644874
Halsted St & 63rd St,112,78,190,58.95,41.05,41.77938156460485,-87.64462174726579
Halsted St & 69th St,94,21,115,81.74,18.26,41.76906220865948,-87.64461402378957
Halsted St & 73rd St,92,20,112,82.14,17.86,41.76160703785565,-87.644159768765
Halsted St & 78th St,29,40,69,42.03,57.97,41.75248799109172,-87.64390011229243
Halsted St & 83rd St,41,19,60,68.33,31.67,41.74307,-87.6437
Halsted St & 93rd St,65,5,70,92.86,7.14,41.72489,-87.64358
Halsted St & 96th St,37,184,221,16.74,83.26,41.719712197978005,-87.64301886439739
Halsted St & Archer Ave,1218,1555,2773,43.92,56.08,41.84720268869888,-87.64679611229751
Halsted St & Armitage Ave,3164,5441,8605,36.77,63.23,41.918229475292506,-87.6487908021441
Halsted St & Belden St,2146,3308,5454,39.35,60.65,41.92365059845746,-87.64894200217076
Halsted St & Clybourn Ave,5713,13140,18853,30.3,69.7,41.90966549548467,-87.64812868028254
Halsted St & Court Pl,710,999,1709,41.54,58.46,41.88370063893446,-87.64721814645056
Halsted St & Dickens Ave,3136,6233,9369,33.47,66.53,41.91993661632896,-87.6488313917605
Halsted St & Fulton St,2358,4961,7319,32.22,67.78,41.88677496076227,-87.64758288209332
Halsted St & Lake St,1383,2416,3799,36.4,63.6,41.88577821079179,-87.64712288299343
Halsted St & Maxwell St,2827,4739,7566,37.36,62.64,41.86488216719517,-87.64707151872213
Halsted St & Melrose St,931,2887,3818,24.38,75.62,41.94111958729806,-87.64906781879814
Halsted St & North Branch St,425,371,796,53.39,46.61,41.89954411806525,-87.64884004623416
Halsted St & Polk St,2143,7805,9948,21.54,78.46,41.87183967411701,-87.64663975783697
Halsted St & Roosevelt Rd,1572,4414,5986,26.26,73.74,41.867325074437524,-87.64862545504961
Halsted St & Roscoe St,4969,9301,14270,34.82,65.18,41.943670273202315,-87.6489477377421
Halsted St & Willow St,2732,6279,9011,30.32,69.68,41.913865114718675,-87.64875692927666
Halsted St & Wrightwood Ave,4688,9075,13763,34.06,65.94,41.92914315318936,-87.64907940208097
Hamilton Park,33,3,36,91.67,8.33,41.76252,-87.63734
Hamlin Ave & 62nd Pl,60,13,73,82.19,17.81,41.779907978013696,-87.7178260611233
Hamlin Ave & Grand Ave,139,118,257,54.09,45.91,41.90403298909338,-87.72156177719066
Hampden Ct & Diversey Ave,31,68,99,31.31,68.69,41.93254728412121,-87.64239391501009
Hampden Ct & Diversey Pkwy,3404,7449,10853,31.36,68.64,41.932468416193586,-87.64242351595101
Harding Ave & 26th St,56,66,122,45.9,54.1,41.84422251066393,-87.72334736655738
Harding Ave & 31st St,12,14,26,46.15,53.85,41.83672,-87.72303000000001
Harding Ave & Chicago Ave,45,74,119,37.82,62.18,41.8953052805042,-87.7247522862437
Harding Ave & Division St,79,86,165,47.88,52.12,41.9023453,-87.7250744
Harlem Ave & Bloomingdale Ave,70,84,154,45.45,54.55,41.91202955234416,-87.80577063835715
Harlem Ave & Grace St,39,32,71,54.93,45.07,41.94894,-87.80683
Harlem Ave & Irving Park Rd,103,116,219,47.03,52.97,41.953260326726024,-87.8071399704064
Harlem Ave & Roscoe St,13,10,23,56.52,43.48,41.94159,-87.8072
Harper Ave & 55th St,1726,4026,5752,30.01,69.99,41.79529977002329,-87.58833258169042
Harper Ave & 59th St,806,2128,2934,27.47,72.53,41.78794211965904,-87.58831418231125
Hastings LWS,22,189,211,10.43,89.57,41.86352257907109,-87.67975413563506
Hastings St Depot LWS,10,92,102,9.8,90.2,41.86351868182353,-87.67975040301961
Hastings St Depot Public Rack,24,127,151,15.89,84.11,41.8635164,-87.6797485
Hegewisch Metra Station,28,9,37,75.68,24.32,41.648503547375874,-87.546092700305
Hermitage Ave & Polk St,1004,4206,5210,19.27,80.73,41.87151428296615,-87.66988682827441
Higgins Ave & Austin Ave,87,69,156,55.77,44.23,41.9734199241923,-87.7786492094936
Homan Ave & 26th St,118,28,146,80.82,19.18,41.844249492205485,-87.70983078723287
Homan Ave & 65th St,20,3,23,86.96,13.04,41.77517621230435,-87.70811503
Homan Ave & 77th St,33,2,35,94.29,5.71,41.75374,-87.70751
Homan Ave & Arthington Ave,72,48,120,60.0,40.0,41.869627650875,-87.71055456605833
Homan Ave & Fillmore St,49,105,154,31.82,68.18,41.86811384885065,-87.71090438651947
Homewood Ave & 115th St,44,8,52,84.62,15.38,41.68459507202618,-87.67070800065994
Honore St & Division St,3081,6573,9654,31.91,68.09,41.90311883980971,-87.67393274721884
Houston Ave & 92nd St,42,66,108,38.89,61.11,41.72820451955505,-87.5496971011206
Hoyne Ave & 34th St,107,190,297,36.03,63.97,41.83202470096745,-87.67783876330527
Hoyne Ave & 47th St,255,305,560,45.54,54.46,41.808226941283934,-87.67717999435179
Hoyne Ave & Balmoral Ave,749,1409,2158,34.71,65.29,41.97985237779193,-87.68193207604588
Hubbard St Depot,7,35,42,16.67,83.33,41.889779356738096,-87.68034664364286
Hubbard St Depot Public Rack,9,66,75,12.0,88.0,41.88977707356,-87.68034577805334
Hudson Ave & Armitage Ave,2423,3977,6400,37.86,62.14,41.91817535620625,-87.64000005575136
Humboldt Blvd & Armitage Ave,2152,3000,5152,41.77,58.23,41.91751324998326,-87.70180968022913
Hyacinth Ave & Milwaukee Ave,95,212,307,30.94,69.06,41.992820225921825,-87.78377019680457
Indiana Ave & 103rd St,31,48,79,39.24,60.76,41.70717027117756,-87.6184719800949
Indiana Ave & 133rd St,17,8,25,68.0,32.0,41.653785721919995,-87.61718038852
Indiana Ave & 133rd St Public Rack,3,1,4,75.0,25.0,41.653564,-87.617054
Indiana Ave & 26th St,1116,1777,2893,38.58,61.42,41.84568741302661,-87.62248190356205
Indiana Ave & 31st St,666,780,1446,46.06,53.94,41.838841424295985,-87.62185698022546
Indiana Ave & 40th St,221,218,439,50.34,49.66,41.82168000680182,-87.62159674900228
Indiana Ave & Roosevelt Rd,8637,11287,19924,43.35,56.65,41.86788953411654,-87.6230412065271
Inner Lake Shore Dr & Aldine Ave,2002,2031,4033,49.64,50.36,41.94232,-87.63989
Jefferson St & Monroe St,2134,4775,6909,30.89,69.11,41.880330281114894,-87.64274648644256
Jeffery Blvd & 67th St,283,287,570,49.65,50.35,41.77351724974255,-87.57714782657983
Jeffery Blvd & 71st St,144,308,452,31.86,68.14,41.76663765237113,-87.57644959051215
Jeffery Blvd & 76th St,54,36,90,60.0,40.0,41.75712034495289,-87.57583988017333
Karlov Ave & Armitage Ave,220,728,948,23.21,76.79,41.91747937721624,-87.7289529873882
Karlov Ave & Fillmore St,19,10,29,65.52,34.48,41.86815,-87.7276
Karlov Ave & Lawrence Ave,162,363,525,30.86,69.14,41.96794630464,-87.73040834097333
Karlov Ave & Madison St,34,22,56,60.71,39.29,41.88085,-87.727907
Kedvale Ave & Peterson Ave,72,96,168,42.86,57.14,41.99007497995238,-87.73171280908333
Kedzie Ave & 104th St,34,7,41,82.93,17.07,41.70380146939024,-87.70137632029267
Kedzie Ave & 110th St,39,10,49,79.59,20.41,41.69239655271992,-87.70095789431409
Kedzie Ave & 21st St,239,363,602,39.7,60.3,41.853533757422944,-87.70507277845282
Kedzie Ave & 24th St,133,91,224,59.38,40.62,41.84819254799107,-87.70541316549107
Kedzie Ave & 38th Pl,64,12,76,84.21,15.79,41.823510399250004,-87.70410414957894
Kedzie Ave & 45th St,55,43,98,56.12,43.88,41.811390638744896,-87.70400313191836
Kedzie Ave & 48th Pl,458,290,748,61.23,38.77,41.80475783008197,-87.70421753259875
Kedzie Ave & 52nd St,106,22,128,82.81,17.19,41.79906,-87.70342
Kedzie Ave & 54th Pl,123,63,186,66.13,33.87,41.79420456166667,-87.70346482116129
Kedzie Ave & 57th St,245,172,417,58.75,41.25,41.78983016923022,-87.70310028154677
Kedzie Ave & 60th St,90,169,259,34.75,65.25,41.784579319884166,-87.70319051016216
Kedzie Ave & 66th Pl,34,16,50,68.0,32.0,41.77258400000001,-87.703007
Kedzie Ave & 73rd St,18,13,31,58.06,41.94,41.760703105580646,-87.70229279377419
Kedzie Ave & 83rd St,57,5,62,91.94,8.06,41.742523,-87.702279
Kedzie Ave & Archer Ave,78,70,148,52.7,47.3,41.81447052426351,-87.70410989242568
Kedzie Ave & Armitage Ave,1091,2055,3146,34.68,65.32,41.91758924956293,-87.70685199677166
Kedzie Ave & Bryn Mawr Ave,214,643,857,24.97,75.03,41.982230170055615,-87.70888697322133
Kedzie Ave & Chicago Ave,227,555,782,29.03,70.97,41.89546538614738,-87.70612886995973
Kedzie Ave & Foster Ave,368,676,1044,35.25,64.75,41.975672384711686,-87.70926119948467
Kedzie Ave & George St,739,1286,2025,36.49,63.51,41.93388679306667,-87.70726044637283
Kedzie Ave & Harrison St,68,80,148,45.95,54.05,41.8736001211277,-87.7048715594223
Kedzie Ave & Jackson Blvd,73,109,182,40.11,59.89,41.87716932585714,-87.70614017272528
Kedzie Ave & Lake St,301,317,618,48.71,51.29,41.88460951713591,-87.70630559202816
Kedzie Ave & Leland Ave,755,1309,2064,36.58,63.42,41.966686747753904,-87.70805321023333
Kedzie Ave & Milwaukee Ave,4174,6479,10653,39.18,60.82,41.92946500297381,-87.70800121974787
Kedzie Ave & Palmer Ct,1287,2872,4159,30.94,69.06,41.921525115594136,-87.70732271349998
Kedzie Ave & Redfield Dr,46,29,75,61.33,38.67,41.765230098560004,-87.70316455506666
Kedzie Ave & Roosevelt Rd,66,74,140,47.14,52.86,41.86649441540143,-87.70649565003214
Keeler Ave & Carmen Ave,166,203,369,44.99,55.01,41.974322115696474,-87.73310018441734
Keeler Ave & Roosevelt Rd,155,10,165,93.94,6.06,41.866401456327274,-87.73001543398182
Kenmore Ave & Catalpa Ave,160,281,441,36.28,63.72,41.982030289981104,-87.6565302786508
Kenmore Ave & School St,77,148,225,34.22,65.78,41.94166283616445,-87.65560327731556
Kenneth Ave & 50th St,59,42,101,58.42,41.58,41.80231352596039,-87.73440912242575
Kenneth Ave & Lawrence Ave,140,471,611,22.91,77.09,41.9678856603306,-87.73998248094108
Kenosha Ave & Wellington Ave,127,257,384,33.07,66.93,41.93445466674479,-87.73379420141146
Kenton Ave & Madison St,29,24,53,54.72,45.28,41.880420560603774,-87.74108227430189
Kenwood Ave & 57th St,601,1813,2414,24.9,75.1,41.79157349731441,-87.59284451241757
Keystone Ave & Fullerton Ave,424,907,1331,31.86,68.14,41.92458851453343,-87.72785201267544
Keystone Ave & Montrose Ave,273,826,1099,24.84,75.16,41.96110729378352,-87.7289706537758
Kilbourn Ave & 49th St,48,7,55,87.27,12.73,41.80385,-87.73566
Kilbourn Ave & Belden Ave,126,349,475,26.53,73.47,41.922367981633684,-87.73902351385053
Kilbourn Ave & Diversey Ave,134,188,322,41.61,58.39,41.931791938670806,-87.73933882541304
Kilbourn Ave & Irving Park Rd,173,461,634,27.29,72.71,41.953733015776024,-87.74056910180283
Kilbourn Ave & Milwaukee Ave,391,366,757,51.65,48.35,41.94868822292049,-87.7400325465812
Kilbourn Ave & Roscoe St,203,278,481,42.2,57.8,41.942723334532225,-87.73955704503119
Kildare & Cermak,22,15,37,59.46,40.54,41.851414,-87.73215
Kildare Ave & 26th St,40,34,74,54.05,45.95,41.8444039031335,-87.73257392671096
Kildare Ave & 47th St,82,8,90,91.11,8.89,41.807619348866666,-87.73083996387778
Kildare Ave & 55th St,51,13,64,79.69,20.31,41.7933201518125,-87.73059020281251
Kildare Ave & 85th St,3,0,3,100.0,0.0,41.734929,-87.73118700000002
Kildare Ave & 85th St (Kostner Ave & 87th St TEMPORARY),11,1,12,91.67,8.33,41.734929,-87.73118700000002
Kildare Ave & Archer Ave,65,52,117,55.56,44.44,41.8004158034188,-87.73046458974359
Kildare Ave & Chicago Ave,43,87,130,33.08,66.92,41.895435706984614,-87.73348414798463
Kildare Ave & Division St,62,230,292,21.23,78.77,41.90239360527739,-87.73359852642808
Kildare Ave & Montrose Ave,249,375,624,39.9,60.1,41.961079679639425,-87.73569064009777
Kildare Ave & North Ave,149,214,363,41.05,58.95,41.909540398223136,-87.73385487378512
Kilpatrick Ave & Grand Ave,60,248,308,19.48,80.52,41.91273104060065,-87.74363563482467
Kilpatrick Ave & Parker Ave,93,174,267,34.83,65.17,41.93073882143446,-87.74407643522348
Kimball Ave & Belmont Ave,1466,2651,4117,35.61,64.39,41.93939393494766,-87.71207035937188
Kimball Ave & Wrightwood Ave,426,709,1135,37.53,62.47,41.92837008914361,-87.7124416542423
Kimbark Ave & 53rd St,3424,8765,12189,28.09,71.91,41.79945700349219,-87.59477685426097
Kingsbury St & Erie St,4678,15869,20547,22.77,77.23,41.893906835949714,-87.64173755189027
Kingsbury St & Kinzie St,4128,13389,17517,23.57,76.43,41.889166563567805,-87.6384921057796
Kingsbury St & Kinzie St 1,3446,10480,13926,24.75,75.25,41.889070871281746,-87.6383526281892
Kingsbury St & Kinzie St 2,3436,12982,16418,20.93,79.07,41.88918702710431,-87.6383916211682
Knox Ave & Marquette Ave,50,14,64,78.12,21.88,41.771139394,-87.73773647525
Knox Ave & Montrose Ave,417,536,953,43.76,56.24,41.96063194126128,-87.74536062018574
Komensky Ave & 31st St,48,81,129,37.21,62.79,41.836705045573645,-87.72563958916278
Komensky Ave & 47th St,46,111,157,29.3,70.7,41.80769,-87.72472
Komensky Ave & 55th St,36,5,41,87.8,12.2,41.79328187682927,-87.72419258895121
Kosciuszko Park,992,1294,2286,43.39,56.61,41.930584790128066,-87.72377821575897
Kostner & 87th,1,0,1,100.0,0.0,41.734929,-87.731187
Kostner Ave & 63rd St,110,31,141,78.01,21.99,41.77875075843972,-87.73246078013476
Kostner Ave & Adams St,14,12,26,53.85,46.15,41.877917,-87.735737
Kostner Ave & Belmont Ave,171,244,415,41.2,58.8,41.939188558816866,-87.7371065044506
Kostner Ave & Bryn Mawr Ave,153,181,334,45.81,54.19,41.98277071833233,-87.7380821153503
Kostner Ave & Devon Ave,101,161,262,38.55,61.45,41.99703329244657,-87.73837575619083
Kostner Ave & Lake St,62,29,91,68.13,31.87,41.885927084692305,-87.73541009273627
Kostner Ave & Wrightwood Ave,163,395,558,29.21,70.79,41.92795729640681,-87.73595358353046
La Villita Park,64,25,89,71.91,28.09,41.83925075607865,-87.70202017523596
LaSalle Dr & Huron St,3805,7419,11224,33.9,66.1,41.894873407728085,-87.63232634057249
LaSalle St & Adams St,1637,2885,4522,36.2,63.8,41.87935398224476,-87.63197716776236
LaSalle St & Adams St Corral,148,442,590,25.08,74.92,41.87938616896441,-87.63207296294237
LaSalle St & Calhoun Pl ,1004,3465,4469,22.47,77.53,41.88266333267196,-87.6325291673314
LaSalle St & Calhoun Pl Corral,247,832,1079,22.89,77.11,41.882878658162184,-87.63250723716588
LaSalle St & Illinois St,7904,13353,21257,37.18,62.82,41.89076457500661,-87.63170244973935
LaSalle St & Jackson Blvd,2659,10484,13143,20.23,79.77,41.87816402054401,-87.63192691533234
LaSalle St & Jackson Blvd Corral,165,835,1000,16.5,83.5,41.878157706053,-87.632037416852
LaSalle St & Washington St,1122,3108,4230,26.52,73.48,41.883167659701186,-87.63215986831418
LaSalle St & Washington St Corral,56,173,229,24.45,75.55,41.88287680429258,-87.63250847381659
Laflin St & 115th St,42,13,55,76.36,23.64,41.68498996187272,-87.65990955067272
Laflin St & Cullerton St,1080,1733,2813,38.39,61.61,41.85491257464615,-87.66356390191338
Lake Park Ave & 35th St,1125,1005,2130,52.82,47.18,41.83127418874903,-87.60879921210291
Lake Park Ave & 47th St,782,1096,1878,41.64,58.36,41.809442724652286,-87.59187473288073
Lake Park Ave & 53rd St,1650,4301,5951,27.73,72.27,41.799494544312616,-87.58644957213261
Lake Park Ave & 56th St,1640,4066,5706,28.74,71.26,41.79160989176358,-87.58747873851613
Lake Park Ave & 56th St (temp location),29,55,84,34.52,65.48,41.793250229488095,-87.58777232014286
Lake/Aberdeen Corral,44,84,128,34.38,65.62,41.885697542796876,-87.6545376484974
Lake/Carpenter Corral,13,42,55,23.64,76.36,41.885720670672725,-87.6533840704909
Lake/Green Corral,266,378,644,41.3,58.7,41.885471622645966,-87.64856191616924
Lake/Morgan Corral,63,79,142,44.37,55.63,41.88549831731691,-87.65231753254929
Lake/Sangamon Corral,34,71,105,32.38,67.62,41.885470401933325,-87.6508934031143
Lakefront Trail & Bryn Mawr Ave,5429,6417,11846,45.83,54.17,41.9840439547947,-87.65228208261968
Lakefront Trail & Wilson Ave,4077,3116,7193,56.68,43.32,41.96673127111692,-87.64339843265925
Lakeview Ave & Fullerton Pkwy,5092,8954,14046,36.25,63.75,41.925868376078974,-87.63897319653105
Lakewood Ave & Addison St,773,776,1549,49.9,50.1,41.94719926309038,-87.66085101157584
Lamon Ave & 47th St,23,4,27,85.19,14.81,41.80781,-87.74569
Lamon Ave & Armitage Ave,57,85,142,40.14,59.86,41.916757847450704,-87.74945957616902
Lamon Ave & Belmont Ave,124,264,388,31.96,68.04,41.93898895363402,-87.74927668546391
Lamon Ave & Chicago Ave,35,61,96,36.46,63.54,41.89502084141667,-87.7485031754375
Laramie Ave & Addison St,213,59,272,78.31,21.69,41.94568606160662,-87.75693772483456
Laramie Ave & Augusta Blvd,17,7,24,70.83,29.17,41.89865,-87.75547
Laramie Ave & Bloomingdale Ave,97,92,189,51.32,48.68,41.9143176068201,-87.7557209074127
Laramie Ave & Gladys Ave,26,12,38,68.42,31.58,41.87580479328947,-87.75529127926316
Laramie Ave & Irving Park Rd,219,112,331,66.16,33.84,41.95333381143807,-87.75838482613293
Laramie Ave & Kinzie St,97,62,159,61.01,38.99,41.887831702283016,-87.75553091427673
Laramie Ave & Madison St,47,80,127,37.01,62.99,41.880207109401574,-87.75533889983464
Larrabee St & Armitage Ave,2534,4896,7430,34.1,65.9,41.91808473944388,-87.64374891187035
Larrabee St & Chicago Ave,52,131,183,28.42,71.58,41.896769696469946,-87.63860185781968
Larrabee St & Clybourn Ave,991,2289,3280,30.21,69.79,41.906601799215544,-87.6432207148564
Larrabee St & Division St,3768,7837,11605,32.47,67.53,41.90348738001869,-87.64335354600381
Larrabee St & Kingsbury St,1780,5965,7745,22.98,77.02,41.897761274593805,-87.64288852284143
Larrabee St & Kingsbury St 1,2083,9421,11504,18.11,81.89,41.89776213484463,-87.64288674295263
Larrabee St & Kingsbury St 2,1337,6999,8336,16.04,83.96,41.897577228539625,-87.6429006439439
Larrabee St & Menomonee St,1410,4232,5642,24.99,75.01,41.91468125605033,-87.64332111558596
Larrabee St & North Ave,1909,4388,6297,30.32,69.68,41.91020703092928,-87.64349933638104
Larrabee St & Oak St,1639,5221,6860,23.89,76.11,41.90035383183793,-87.64217545226272
Larrabee St & Webster Ave,5741,9867,15608,36.78,63.22,41.921822400709225,-87.64413731673227
Lasalle St & Washington St,3,8,11,27.27,72.73,41.8832351,-87.6321117
Latrobe Ave & Chicago Ave,18,32,50,36.0,64.0,41.89491373824,-87.75592130234
Lavergne Ave & 44th St,10,4,14,71.43,28.57,41.813107078928574,-87.74868700335715
Lavergne Ave & 46th St,57,3,60,95.0,5.0,41.80933932051666,-87.74782856208331
Lavergne Ave & Archer Ave,35,6,41,85.37,14.63,41.79815972168293,-87.74771964834147
Lavergne Ave & Diversey Ave,111,120,231,48.05,51.95,41.931280390285714,-87.7514106224329
Lavergne Ave & Division St,52,35,87,59.77,40.23,41.90210903294253,-87.75087199034483
Lavergne Ave & Fullerton Ave,108,152,260,41.54,58.46,41.9240331040923,-87.75119103553463
Lavergne Ave & Lawrence Ave,71,235,306,23.2,76.8,41.96774906456863,-87.75258983619281
Lawler Ave & 50th St,89,1,90,98.89,1.11,41.80217,-87.74894
Lawler Ave & North Ave,93,46,139,66.91,33.09,41.909175781611516,-87.75225490212232
Lawndale Ave & 111th St,79,15,94,84.04,15.96,41.691318487329355,-87.71288202545448
Lawndale Ave & 16th St,53,23,76,69.74,30.26,41.85915782857895,-87.71769589197368
Lawndale Ave & 30th St,96,53,149,64.43,35.57,41.83891257798658,-87.71689457620134
Lawndale Ave & 59th St,36,68,104,34.62,65.38,41.78637997757692,-87.71569964380768
Le Mai Ave & Devon Ave,49,55,104,47.12,52.88,41.997220081759615,-87.75686950398078
Leamington Ave & Hirsch St,50,5,55,90.91,9.09,41.90584059999999,-87.7548602014909
Leavitt St & Addison St,1282,1694,2976,43.08,56.92,41.946654264350805,-87.68335880345563
Leavitt St & Archer Ave,489,571,1060,46.13,53.87,41.828791184586194,-87.6806056485449
Leavitt St & Armitage Ave,1619,3840,5459,29.66,70.34,41.917804709348786,-87.68244029632972
Leavitt St & Augusta Blvd,817,2115,2932,27.86,72.14,41.89962183844952,-87.68193992503001
Leavitt St & Belmont Ave,1536,2995,4531,33.9,66.1,41.93935324984132,-87.6832812527387
Leavitt St & Chicago Ave,1422,3937,5359,26.53,73.47,41.8954992732424,-87.68201466504442
Leavitt St & Division St,1431,2582,4013,35.66,64.34,41.902997738252346,-87.6838213807136
Leavitt St & Hirsch St,829,1228,2057,40.3,59.7,41.90689837276875,-87.6823298865268
Leavitt St & Lawrence Ave,1114,2470,3584,31.08,68.92,41.968886774770375,-87.68400431814621
Leavitt St & North Ave,1885,4671,6556,28.75,71.25,41.91017959078218,-87.68233429717205
Leavitt St/North Ave,121,248,369,32.79,67.21,41.91007678462873,-87.6823084451653
Leclaire Ave & Belmont Ave,83,95,178,46.63,53.37,41.93904139266292,-87.7541971667809
Lexington St & California Ave,135,176,311,43.41,56.59,41.871993108704174,-87.695811102
Lincoln Ave & Addison St,1193,2587,3780,31.56,68.44,41.946176143949735,-87.67330788801218
Lincoln Ave & Balmoral Ave,306,762,1068,28.65,71.35,41.979461174682584,-87.69301341293539
Lincoln Ave & Belle Plaine Ave,1573,3259,4832,32.55,67.45,41.95600360687558,-87.68016272973284
Lincoln Ave & Byron St,1567,3282,4849,32.32,67.68,41.952372087097544,-87.67729499695875
Lincoln Ave & Dickens Ave,2229,3947,6176,36.09,63.91,41.920120963319356,-87.64160649865705
Lincoln Ave & Diversey Pkwy,3386,7096,10482,32.3,67.7,41.93222368749021,-87.65861977889557
Lincoln Ave & Fullerton Ave,4806,11573,16379,29.34,70.66,41.924161973613096,-87.64637904902936
Lincoln Ave & Melrose St,2599,7513,10112,25.7,74.3,41.94059960705798,-87.66943707007839
Lincoln Ave & Montana St,1771,3148,4919,36.0,64.0,41.92657176031348,-87.65060088736674
Lincoln Ave & Peterson Ave,216,454,670,32.24,67.76,41.99026655124179,-87.7085698849597
Lincoln Ave & Roscoe St,1273,3558,4831,26.35,73.65,41.943350091890444,-87.67066839056665
Lincoln Ave & Roscoe St*,947,3149,4096,23.12,76.88,41.94335005566394,-87.67066950176445
Lincoln Ave & Sunnyside Ave,1925,4294,6219,30.95,69.05,41.96300414514375,-87.68478172273468
Lincoln Ave & Waveland Ave,1154,3094,4248,27.17,72.83,41.94879685822316,-87.67527787978366
Lincoln Ave & Winona St,676,1742,2418,27.96,72.04,41.9749109804021,-87.69250792395799
Lincoln Park Conservatory,6919,6370,13289,52.07,47.93,41.92393707967701,-87.63582633205998
Lincoln Park Zoo,212,60,272,77.94,22.06,41.92242,-87.63195
Lincolnwood Dr & Central St,237,212,449,52.78,47.22,42.064851382924275,-87.71529740149666
Linder Ave & Montrose Ave,103,217,320,32.19,67.81,41.96080888116875,-87.76487970464687
Lock St & 31st St,312,657,969,32.2,67.8,41.83796212833436,-87.65904875523735
Lockwood Ave & Grand Ave,115,154,269,42.75,57.25,41.9175941,-87.7584143
Lockwood Ave & Wrightwood Ave,162,462,624,25.96,74.04,41.92776606547115,-87.75854365512019
Logan Blvd & Elston Ave,1214,2965,4179,29.05,70.95,41.92946458209978,-87.68415804813401
Long & Irving Park,84,111,195,43.08,56.92,41.95303707986154,-87.76216301483076
Long Ave & Belden Ave,63,45,108,58.33,41.67,41.92271520299074,-87.76095296879629
Long Ave & Belmont Ave,158,68,226,69.91,30.09,41.938329870482306,-87.76166026997788
Long Ave & Diversey Ave,65,150,215,30.23,69.77,41.93104029597675,-87.76124029225116
Long Ave & Irving Park Rd,94,71,165,56.97,43.03,41.95301,-87.76214
Long Ave & North Ave,38,90,128,29.69,70.31,41.90921386701562,-87.76092052725781
Loomis Blvd & 84th St,14,22,36,38.89,61.11,41.74148652861805,-87.65841007232666
Loomis St & 89th St,17,15,32,53.12,46.88,41.73238950121457,-87.65806971120166
Loomis St & 95th St,28,21,49,57.14,42.86,41.72148057951021,-87.6577428487347
Loomis St & Archer Ave,363,652,1015,35.76,64.24,41.84163257009575,-87.65743538064633
Loomis St & Jackson Blvd,1111,3649,4760,23.34,76.66,41.8779443395168,-87.66200675469433
Loomis St & Lexington St,2898,11029,13927,20.81,79.19,41.872229875087804,-87.66136282196452
Lowell Ave & Armitage Ave,199,208,407,48.89,51.11,41.91707645403686,-87.73535390140786
Lynch Ave & Elston Ave,68,108,176,38.64,61.36,41.98095688866477,-87.76149022582386
MLK Dr & 111th St,18,12,30,60.0,40.0,41.69263,-87.6136
MLK Jr Dr & 29th St,1579,2609,4188,37.7,62.3,41.84205169297636,-87.61699871082259
MLK Jr Dr & 47th St,284,398,682,41.64,58.36,41.80985074845748,-87.616280296044
MLK Jr Dr & 56th St,118,85,203,58.13,41.87,41.7934302082069,-87.61585378054679
MLK Jr Dr & 63rd St,93,93,186,50.0,50.0,41.78008040799543,-87.61594304693817
MLK Jr Dr & 83rd St,8,113,121,6.61,93.39,41.743116,-87.6148
MLK Jr Dr & Pershing Rd,420,804,1224,34.31,65.69,41.82459800707598,-87.61678058473694
MTV Hubbard St,1,3,4,25.0,75.0,41.8897772,-87.680351
Madison St & Wells St,5,6,11,45.45,54.55,41.88199,-87.63418
Major Ave & Addison St,73,44,117,62.39,37.61,41.94579477736752,-87.76976694021369
Major Ave & Bloomingdale Ave,29,6,35,82.86,17.14,41.91258667714286,-87.76874544285715
Major Taylor Trail & 111th St,38,7,45,84.44,15.56,41.69211,-87.6489
Major Taylor Trail & 115th St,35,14,49,71.43,28.57,41.68493159519296,-87.6452887058258
Major Taylor Trail & 124th St,21,1,22,95.45,4.55,41.66869766374769,-87.63712579008947
Malcolm X College,559,1565,2124,26.32,73.68,41.87761803290113,-87.6738947168272
Malden St & Wilson Ave,918,2579,3497,26.25,73.75,41.965262305592795,-87.66274887993022
Mango Ave & Diversey Ave,40,21,61,65.57,34.43,41.930963711737704,-87.76988038214755
Mango Ave & Grand Ave,30,15,45,66.67,33.33,41.91965080666667,-87.76941520666666
Mango Ave & North Ave,70,20,90,77.78,22.22,41.90957949782222,-87.7691188028
Manistee Ave & 95th St,10,11,21,47.62,52.38,41.7226,-87.55692
Manor Ave & Leland Ave,470,1175,1645,28.57,71.43,41.96587494124316,-87.7008246879781
Maple Ave & Grove St,8,1,9,88.89,11.11,42.045537,-87.685317
Maplewood Ave & 59th St,63,64,127,49.61,50.39,41.78633392784252,-87.68743354354332
Maplewood Ave & Peterson Ave,135,393,528,25.57,74.43,41.99023598231449,-87.69336996589205
Marine Dr & Ainslie St,2444,4600,7044,34.7,65.3,41.97160053116113,-87.65015487770103
Marmora Ave & Belmont Ave,81,31,112,72.32,27.68,41.93828473830357,-87.774286016875
Marmora Ave & Belmont Ave (temporary),7,0,7,100.0,0.0,41.938251,-87.778601
Marmora Ave & Irving Park Rd,164,80,244,67.21,32.79,41.95310620217623,-87.77473294777458
Marquette Ave & 89th St,21,8,29,72.41,27.59,41.7336654003206,-87.55835053430256
Marshfield Ave & 44th St,89,31,120,74.17,25.83,41.81390094784167,-87.66645836764168
Marshfield Ave & 59th St,12,10,22,54.55,45.45,41.786833,-87.666215
Marshfield Ave & Diversey Pkwy,440,1061,1501,29.31,70.69,41.93203903399534,-87.6697010048934
Marshfield Ave & Wabansia Ave,517,936,1453,35.58,64.42,41.91217357950585,-87.66888379621473
Martin Luther King Dr & 111th St,47,35,82,57.32,42.68,41.69263925337561,-87.61367214798906
Martin Luther King Dr & 87th St,34,47,81,41.98,58.02,41.73677,-87.61439
Mason Ave & Belmont Ave,57,11,68,83.82,16.18,41.938368361308825,-87.77250301744118
Mason Ave & Grand Ave,88,44,132,66.67,33.33,41.92043510559091,-87.7743896276894
Mason Ave & Montrose Ave,94,179,273,34.43,65.57,41.96056030195971,-87.77588036467033
May St & 69th St,22,11,33,66.67,33.33,41.76894505369697,-87.65293835972727
May St & Cullerton St,654,2249,2903,22.53,77.47,41.85513796453531,-87.65412865594006
May St & Hubbard St,1361,3253,4614,29.5,70.5,41.89008087600845,-87.65597026264521
May St & Taylor St,2193,7007,9200,23.84,76.16,41.869392846369564,-87.65539973456936
Mayfield Ave & Roosevelt Rd,48,19,67,71.64,28.36,41.865689179343285,-87.7717576417164
McClurg Ct & Erie St,3489,8467,11956,29.18,70.82,41.89450335137839,-87.61785882141565
McClurg Ct & Ohio St,7645,14925,22570,33.87,66.13,41.892595360916715,-87.61729099005045
McCormick Blvd & Devon Ave,400,745,1145,34.93,65.07,41.99719993264018,-87.71105003121572
McCormick Place,5032,1927,6959,72.31,27.69,41.8513774304513,-87.61883522810902
Meade Ave & Addison St,57,20,77,74.03,25.97,41.94594932736364,-87.7788800418052
Meade Ave & Diversey Ave,52,30,82,63.41,36.59,41.93085927073171,-87.77844965414634
Meade Ave & Fullerton Ave,92,70,162,56.79,43.21,41.92475825738889,-87.77827141580246
Melvina Ave & Giddings Ave,130,231,361,36.01,63.99,41.96647858886426,-87.78202034879779
Menard Ave & Lawrence Ave,111,213,324,34.26,65.74,41.96788274771605,-87.77274187175
Menard Ave & Milwaukee Ave,63,42,105,60.0,40.0,41.981389344914284,-87.77330951129522
Menard Ave & North Ave,35,6,41,85.37,14.63,41.9097167,-87.7702037
Merrimac Park,75,176,251,29.88,70.12,41.95260998403984,-87.78534943915936
Michigan Ave & 105th St,50,36,86,58.14,41.86,41.70345963518605,-87.62037014036045
Michigan Ave & 108th St,22,8,30,73.33,26.67,41.698150000000005,-87.62111
Michigan Ave & 113th St,11,8,19,57.89,42.11,41.68905,-87.62079
Michigan Ave & 114th St,25,1,26,96.15,3.85,41.687014794671185,-87.62105226516724
Michigan Ave & 118th St,9,1,10,90.0,10.0,41.6798217108,-87.6207512229
Michigan Ave & 11th St,1249,1812,3061,40.8,59.2,41.86958987017544,-87.6239609919353
Michigan Ave & 14th St,3465,7765,11230,30.85,69.15,41.86406037380377,-87.62372682536379
Michigan Ave & 18th St,3307,5344,8651,38.23,61.77,41.85792560207502,-87.62433530158208
Michigan Ave & 71st St,38,22,60,63.33,36.67,41.76528676785001,-87.62174796523333
Michigan Ave & 8th St,11006,6397,17403,63.24,36.76,41.87277064826338,-87.62398043007187
Michigan Ave & 9th St,1059,1013,2072,51.11,48.89,41.87093994441747,-87.62438898191361
Michigan Ave & Ida B Wells Dr,4160,3282,7442,55.9,44.1,41.87620478044598,-87.62446259617644
Michigan Ave & Jackson Blvd,6212,5115,11327,54.84,45.16,41.878557284306176,-87.62414538106408
Michigan Ave & Lake St,8812,12112,20924,42.11,57.89,41.88602216855405,-87.62440050898147
Michigan Ave & Madison St,2615,4103,6718,38.93,61.07,41.882125379778806,-87.62514120175602
Michigan Ave & Oak St,22598,13931,36529,61.86,38.14,41.90096086184292,-87.62377577653213
Michigan Ave & Pearson St,4027,4072,8099,49.72,50.28,41.89765736894868,-87.62350982306499
Michigan Ave & Washington St,8521,11755,20276,42.03,57.97,41.88398404305658,-87.62468350671469
Midway Corral,1,0,1,100.0,0.0,41.786586642,-87.738883257
Midway Orange Line,347,227,574,60.45,39.55,41.786918020017424,-87.73892006972648
Mies van der Rohe Way & Chestnut St,5258,9506,14764,35.61,64.39,41.898587397067544,-87.62191449478799
Mies van der Rohe Way & Chicago Ave,3986,8401,12387,32.18,67.82,41.89694669234778,-87.62175909158476
Millard Ave & 26th St,77,187,264,29.17,70.83,41.84453190165009,-87.71592366198574
Millennium Park,18192,8634,26826,67.81,32.19,41.88103337153206,-87.62408462507213
Milwaukee Ave & Agatite Ave,161,218,379,42.48,57.52,41.96149974120845,-87.75489012836675
Milwaukee Ave & Ainslie St,539,1231,1770,30.45,69.55,41.96860896404821,-87.76107936913088
Milwaukee Ave & Armitage Ave,1571,2844,4415,35.58,64.42,41.91770989182039,-87.68864049879639
Milwaukee Ave & Cuyler Ave,240,322,562,42.7,57.3,41.9544681902669,-87.74959413633808
Milwaukee Ave & Diversey Ave,295,417,712,41.43,58.57,41.932660777995785,-87.71222001852809
Milwaukee Ave & Fullerton Ave,2058,2886,4944,41.63,58.37,41.92469022927953,-87.70059936024533
Milwaukee Ave & Grand Ave,4700,9336,14036,33.49,66.51,41.89157795868441,-87.64838199511931
Milwaukee Ave & Highland Ave,135,249,384,35.16,64.84,41.99635992102344,-87.78674028486718
Milwaukee Ave & Rockwell St,1638,2466,4104,39.91,60.09,41.92033021935088,-87.69309009848197
Milwaukee Ave & The 606,3580,8114,11694,30.61,69.39,41.913756202789976,-87.68266619756994
Milwaukee Ave & Wabansia Ave,1046,2523,3569,29.31,70.69,41.91261673912973,-87.68146932609388
Milwaukee Ave & Wolfram St,326,544,870,37.47,62.53,41.933010885632186,-87.7142796187115
Monitor Ave & Division St,42,31,73,57.53,42.47,41.90191856189041,-87.77177926553425
Monitor Ave & Fullerton Ave,32,14,46,69.57,30.43,41.92379,-87.77228
Monticello Ave & Chicago Ave,91,60,151,60.26,39.74,41.89581039799338,-87.7176299198543
Monticello Ave & Diversey Ave,230,449,679,33.87,66.13,41.93171853638733,-87.7184604148866
Monticello Ave & Irving Park Rd,601,1523,2124,28.3,71.7,41.95400462616286,-87.71912755122288
Monticello Ave & Lawrence Ave,272,851,1123,24.22,75.78,41.968421239626515,-87.71867506603677
Montrose Harbor,10515,7903,18418,57.09,42.91,41.96398065956114,-87.63818123417988
Morgan Ave & 14th Pl,1123,3347,4470,25.12,74.88,41.86237915080805,-87.65106369570648
Morgan St & 18th St,1794,3309,5103,35.16,64.84,41.85808614298491,-87.65107426943281
Morgan St & 31st St,1060,2284,3344,31.7,68.3,41.83779975582117,-87.6511407625918
Morgan St & Hubbard St,653,1234,1887,34.61,65.39,41.89015759424696,-87.65253177958506
Morgan St & Lake St,2036,4032,6068,33.55,66.45,41.88549170626906,-87.65228927135468
Morgan St & Lake St*,1728,3948,5676,30.44,69.56,41.88549203917985,-87.65229187180066
Morgan St & Pershing Rd,112,83,195,57.44,42.56,41.82361330774359,-87.65093046753333
Morgan St & Polk St,1938,9757,11695,16.57,83.43,41.871739751458,-87.6510298282158
Mozart St & 55th St,10,11,21,47.62,52.38,41.79375,-87.69472
Mozart St & 79th St,51,3,54,94.44,5.56,41.74969804757407,-87.69391522422222
Mozart St & Jackson Blvd,122,88,210,58.1,41.9,41.8774999630619,-87.69740074938572
Mulligan Ave & Archer Ave,66,19,85,77.65,22.35,41.79296,-87.78052
Museum Campus Metra Station,1925,1215,3140,61.31,38.69,41.86934918486849,-87.62191521994438
N Carpenter St & W Lake St,357,1185,1542,23.15,76.85,41.88558951633269,-87.65318074616991
N Damen Ave & W Chicago Ave,130,439,569,22.85,77.15,41.89581184421617,-87.67849052499648
N Green St & W Lake St,372,688,1060,35.09,64.91,41.88557942054906,-87.64848002471226
N Paulina St & Lincoln Ave,276,650,926,29.81,70.19,41.943837401006476,-87.67147361757668
N Shore Channel Trail & Argyle St,283,607,890,31.8,68.2,41.972202853560304,-87.70279142446479
N Southport Ave & W Newport Ave,401,734,1135,35.33,64.67,41.94401931171894,-87.66397623726519
N Whipple St & Irving Park Rd,10,27,37,27.03,72.97,41.95419074005406,-87.70444315908108
Nagle Ave & Belmont Ave,60,28,88,68.18,31.82,41.93851941376136,-87.78734943779546
Narragansett Ave & McLean Ave,76,34,110,69.09,30.91,41.915899777618186,-87.78511061872727
Narragansett Ave & Montrose Ave,87,176,263,33.08,66.92,41.95997797942585,-87.7869276384981
Narragansett Ave & North Ave,108,43,151,71.52,28.48,41.90950021084768,-87.7849104050596
Narragansett Ave & School St,40,18,58,68.97,31.03,41.94012673139655,-87.78647539081035
Narragansett Ave & Wrightwood Ave,197,140,337,58.46,41.54,41.92729005118101,-87.78523014479822
Navy Pier,54760,16411,71171,76.94,23.06,41.8922783655641,-87.61204356399831
Navy Pier Overflow Corral,51,11,62,82.26,17.74,41.89231,-87.61217
Navy Pier Public Rack - East,363,37,400,90.75,9.25,41.89093,-87.6096738
Navy Pier Public Rack - West,367,40,407,90.17,9.83,41.8909738,-87.6114815
New England Ave & North Ave,32,19,51,62.75,37.25,41.909290366117645,-87.79714934115685
New St & Illinois St,8971,13007,21978,40.82,59.18,41.8908432542135,-87.61862138527323
Newcastle Ave & Irving Park Rd,48,17,65,73.85,26.15,41.952560819,-87.79755014981538
Noble St & Milwaukee Ave,2155,5716,7871,27.38,72.62,41.900699629613264,-87.66260740378989
Noble St & Ohio St,1748,3716,5464,31.99,68.01,41.89242166902111,-87.6620610042722
Noble St & Potomac Ave,787,1890,2677,29.4,70.6,41.90549116912551,-87.66272743591995
Nordica Ave & Medill Ave,111,83,194,57.22,42.78,41.92227120037629,-87.8020217145103
Normal Ave & Archer Ave,337,599,936,36.0,64.0,41.84952689990171,-87.64059097351603
North Ave & New England Ave,24,8,32,75.0,25.0,41.909223214375004,-87.79714016037501
North Ave Beach Overflow Corral,153,98,251,60.96,39.04,41.9139321,-87.6252532
North Ave Public Rack - 1,3,2,5,60.0,40.0,41.9211296,-87.6293063
North Ave Public Rack - 2,8,4,12,66.67,33.33,41.9206217,-87.6291956
North Ave Public Rack - 3,59,19,78,75.64,24.36,41.9195444,-87.6289383
North Ave Public Rack - 4,36,28,64,56.25,43.75,41.9188083,-87.6287089
North Ave Public Rack - 5,61,47,108,56.48,43.52,41.9177217,-87.62828819999999
North Ave Public Rack - 6,16,10,26,61.54,38.46,41.916290399999994,-87.6274584
North Avenue Beach,1342,481,1823,73.61,26.39,41.91399,-87.62527
North Avenue Beach Pedestrian Bridge,380,207,587,64.74,35.26,41.915560938671206,-87.62827124020443
North Boundary Park,181,402,583,31.05,68.95,42.01302836793997,-87.70891011587823
North Branch St & Haines St,208,471,679,30.63,69.37,41.90055618711782,-87.65078389880266
Oak Park & Wellington,31,89,120,25.83,74.17,41.934585876250004,-87.79595581342501
Oak Park Ave & Wellington Ave,28,29,57,49.12,50.88,41.93459,-87.79586
Oak St Beach Public Rack - North,156,77,233,66.95,33.05,41.9027778,-87.6235803
Oak St Beach Public Rack - South,210,52,262,80.15,19.85,41.9018549,-87.6222465
Oakley Ave & Irving Park Rd,532,1737,2269,23.45,76.55,41.95433986802319,-87.68608015775968
Oakley Ave & Lyndale St,743,1572,2315,32.1,67.9,41.9226098518514,-87.68512988980476
Oakley Ave & Touhy Ave,205,360,565,36.28,63.72,42.01234190526372,-87.68824308678583
Obama Presidential Center,406,128,534,76.03,23.97,41.786419,-87.586462
Oconto Ave & Belmont Ave,28,31,59,47.46,52.54,41.93783,-87.80788
Ogden Ave & Chicago Ave,2888,7180,10068,28.68,71.32,41.89636213071762,-87.65406215523895
Ogden Ave & Congress Pkwy,723,2148,2871,25.18,74.82,41.87500965089446,-87.67327849712818
Ogden Ave & Race Ave,1941,4744,6685,29.04,70.96,41.8917938849116,-87.6587560409276
Ogden Ave & Roosevelt Rd,271,1498,1769,15.32,84.68,41.86650146925253,-87.68469441055963
Oglesby Ave & 100th St,38,114,152,25.0,75.0,41.713394290691454,-87.56584331236374
Oketo Ave & Addison St,32,13,45,71.11,28.89,41.94496,-87.81189
Olive Harvey College,38,5,43,88.37,11.63,41.70958113526255,-87.59023368358612
Orange Ave & Addison St,61,33,94,64.89,35.11,41.94485058395745,-87.8242293205851
Oriole Ave & Irving Park Rd,29,10,39,74.36,25.64,41.95224,-87.81697
Orleans St & Chestnut St (NEXT Apts),2351,5352,7703,30.52,69.48,41.898200184112035,-87.6375361427133
Orleans St & Elm St,1583,4505,6088,26.0,74.0,41.902923291734176,-87.63771671371715
Orleans St & Hubbard St,2507,7242,9749,25.72,74.28,41.89001999672712,-87.63662000873977
Orleans St & Merchandise Mart Plaza,5465,13810,19275,28.35,71.65,41.88823478180123,-87.63639980274822
Orrington & Clark,3,1,4,75.0,25.0,42.04343025,-87.68486575
Orrington Ave & Clark St,26,17,43,60.47,39.53,42.0463711627907,-87.6826963255814
Overhill Ave & Belmont Ave,42,67,109,38.53,61.47,41.9379893909266,-87.81915418140366
Panama Ave & Grace St,56,11,67,83.58,16.42,41.94766,-87.82925
Parkside Ave & Armitage Ave,24,35,59,40.68,59.32,41.916906850915254,-87.76717560011863
Parnell Ave & 127th St,26,4,30,86.67,13.33,41.66338,-87.63429
Parnell Ave & 31st St,383,488,871,43.97,56.03,41.837911044833525,-87.64027840124456
Paulina Ave & 87th St,14,11,25,56.0,44.0,41.735628999999996,-87.66552
Paulina Ave & North Ave,2140,4481,6621,32.32,67.68,41.909878251310055,-87.66993700797316
Paulina St & 18th St,1424,3033,4457,31.95,68.05,41.85790131177159,-87.66874433894121
Paulina St & Adams St,733,1130,1863,39.35,60.65,41.87862085273931,-87.66913158909107
Paulina St & Cortland St,1091,2341,3432,31.79,68.21,41.916259469582755,-87.67019177206498
Paulina St & Division St,3022,7841,10863,27.82,72.18,41.90355326465099,-87.67042939570113
Paulina St & Flournoy St,1566,5987,7553,20.73,79.27,41.87306184482431,-87.66913214896081
Paulina St & Howard St,1022,1317,2339,43.69,56.31,42.01915871481958,-87.67357286940403
Paulina St & Lincoln Ave Public Rack,424,816,1240,34.19,65.81,41.94383738329113,-87.67146995047177
Paulina St & Montrose Ave,1247,3475,4722,26.41,73.59,41.96150743085281,-87.67138892570478
Peoria St & Jackson Blvd,3994,9170,13164,30.34,69.66,41.87764193159329,-87.6496147855791
Peoria St & Kinzie St,2360,5136,7496,31.48,68.52,41.888959653036814,-87.64972578713594
Perry Ave & 69th St,283,50,333,84.98,15.02,41.7692929294518,-87.6281959843036
Perry St & 119th St,6,0,6,100.0,0.0,41.67785,-87.62519000000002
Pershing Rd & Sacramento Ave,107,39,146,73.29,26.71,41.82237594122995,-87.699752683044
Peterson/Ridge Metra,1309,2838,4147,31.56,68.44,41.9918022363687,-87.67488772327417
Phillips Ave & 79th St,64,130,194,32.99,67.01,41.75181976506186,-87.5652111827629
Phillips Ave & 83rd St,45,44,89,50.56,49.44,41.7445311437191,-87.56505967205618
Pine Ave & Division St,104,96,200,52.0,48.0,41.90190014564,-87.76389054223
Pine Grove Ave & Belmont Ave,492,718,1210,40.66,59.34,41.94002257943389,-87.64165918140496
Pine Grove Ave & Irving Park Rd,4198,10203,14401,29.15,70.85,41.95436785041571,-87.64793769438702
Pine Grove Ave & Waveland Ave,5140,12436,17576,29.24,70.76,41.9494490978417,-87.64645538561899
Pine Grove Ave & Wellington Ave,1657,3305,4962,33.39,66.61,41.93651123389171,-87.64121284326998
Ping Tom Park (East),132,158,290,45.52,54.48,41.85800043398276,-87.63194816262069
Ping Tom Park East Public Rack,96,100,196,48.98,51.02,41.85799883064626,-87.63194753996599
Portage Park,263,164,427,61.59,38.41,41.95606959014988,-87.76471901148945
Prairie Ave & 43rd St,402,312,714,56.3,43.7,41.816659022111935,-87.61941272319383
Prairie Ave & Garfield Blvd,622,791,1413,44.02,55.98,41.79485260666526,-87.61869239247133
Princeton Ave & 47th St,228,286,514,44.36,55.64,41.80931809466148,-87.63344959652333
Princeton Ave & 95th St,61,12,73,83.56,16.44,41.72174867678083,-87.63075111210959
Princeton Ave & Garfield Blvd,147,220,367,40.05,59.95,41.79498140256403,-87.63312394008173
Prospect Sq & 91st St,117,47,164,71.34,28.66,41.7282338,-87.6675239
Public Rack - 10101 S Stony Island Ave,0,1,1,0.0,100.0,41.70838,-87.581455
Public Rack - 10557 S Western Ave,1,0,1,100.0,0.0,41.701719,-87.68128
Public Rack - 111th St - Morgan Park Metra,5,6,11,45.45,54.55,41.692803103636365,-87.67057806609091
Public Rack - 2302 S Pulaski Rd,0,3,3,0.0,100.0,41.849437,-87.724879
Public Rack - 4810 Keeler Ave,6,12,18,33.33,66.67,41.968544483,-87.73303410505555
Public Rack - 532 E 43rd St,17,17,34,50.0,50.0,41.81682237794118,-87.61321362629411
Public Rack - 56th St & Mulligan Ave,1,1,2,50.0,50.0,41.7905068,-87.7799326
Public Rack - 61st St & Melvina Ave,0,2,2,0.0,100.0,41.780658,-87.776651
Public Rack - 63rd & Western Ave N,0,1,1,0.0,100.0,41.779334,-87.683768
Public Rack - 63rd Pl & Narraganssett Ave,5,3,8,62.5,37.5,41.776584535625,-87.782078174125
Public Rack - 63rd St & Meade Ave,0,1,1,0.0,100.0,41.778672,-87.7748374
Public Rack - 63rd St and Nagle Ave,6,2,8,75.0,25.0,41.7776014,-87.7822158
Public Rack - 63rd St and Natoma Ave,1,1,2,50.0,50.0,41.777927,-87.7875789
Public Rack - 83rd Pl & Kedzie Ave N,1,0,1,100.0,0.0,41.7417227,-87.702287
Public Rack - 85th Pl & Pulaski Rd,4,1,5,80.0,20.0,41.737389,-87.721334
Public Rack - Ada St & 119th St,2,0,2,100.0,0.0,41.677326,-87.654473
Public Rack - Aida Food Market,0,1,1,0.0,100.0,41.749889255,-87.64396596
Public Rack - Al Raby School,2,1,3,66.67,33.33,41.886167,-87.71471100000001
Public Rack - Albany Ave & 103rd St,2,1,3,66.67,33.33,41.706747,-87.700047
Public Rack - Albany Ave & 63rd St,2,0,2,100.0,0.0,41.778917736,-87.700646283
Public Rack - Archer Park,1,0,1,100.0,0.0,41.803822,-87.73551
Public Rack - Ashland Ave & 45th St,1,2,3,33.33,66.67,41.811958,-87.66486200000001
Public Rack - Ashland Ave & 45th St  S,0,1,1,0.0,100.0,41.811169,-87.66474
Public Rack - Ashland Ave & 46th St,3,2,5,60.0,40.0,41.810537,-87.665404
Public Rack - Ashland Ave & 63rd St,2,6,8,25.0,75.0,41.779127,-87.664039
Public Rack - Ashland Ave & 71st St,5,4,9,55.56,44.44,41.76577,-87.66433
Public Rack - Ashland Ave & 73rd St,1,1,2,50.0,50.0,41.760817,-87.663499
Public Rack - Ashland Ave & 74th St,1,0,1,100.0,0.0,41.759735,-87.663736
Public Rack - Ashland Ave & 76th St,1,3,4,25.0,75.0,41.75596,-87.66391
Public Rack - Ashland Ave & 83rd St,8,22,30,26.67,73.33,41.742715,-87.663551
Public Rack - Ashland Ave & 91st St,0,1,1,0.0,100.0,41.728271,-87.662673
Public Rack - Ashland Orange Line CTA,82,75,157,52.23,47.77,41.83922852526752,-87.66564105157963
Public Rack - Austin & 62nd,0,1,1,0.0,100.0,41.77966,-87.771414
Public Rack - Austin & Higgins,0,2,2,0.0,100.0,41.973152,-87.77791
Public Rack - Austin Ave & Archer Ave,1,2,3,33.33,66.67,41.794235068333336,-87.77158150000001
Public Rack - Austin Ave & Roscoe St,7,4,11,63.64,36.36,41.942196,-87.776472
Public Rack - Austin Ave & Wellington Ave,1,1,2,50.0,50.0,41.9352453,-87.776052
Public Rack - Austin Ave & Wrightwood Ave,1,5,6,16.67,83.33,41.927666,-87.775682
Public Rack - Austin Blvd & North Ave,14,7,21,66.67,33.33,41.909281,-87.775613
Public Rack - Austin Branch Chicago Public Library,1,1,2,50.0,50.0,41.889161,-87.765738
Public Rack - Ave N & 106th St,3,0,3,100.0,0.0,41.70263926966667,-87.53887471466668
Public Rack - Avenue M & 132nd St,5,0,5,100.0,0.0,41.655692,-87.537595
Public Rack - Avers & Granville,3,8,11,27.27,72.73,41.993934929999995,-87.7250782270909
Public Rack - Avers & Lawrence,10,34,44,22.73,77.27,41.96840915120455,-87.72446454118182
Public Rack - Avers Ave & Irving Park Rd,24,50,74,32.43,67.57,41.95378502819369,-87.72417273533783
Public Rack - Avers Ave & Ogden Ave,9,7,16,56.25,43.75,41.852642,-87.72103
Public Rack - Avondale Ave & Addison St,40,27,67,59.7,40.3,41.946551824746265,-87.71983411664178
Public Rack - Back of the Yards Park,1,0,1,100.0,0.0,41.804381,-87.657742
Public Rack - Baltimore Ave & 132nd St,1,0,1,100.0,0.0,41.655201,-87.546942
Public Rack - Bell Ave & 95th St,1,2,3,33.33,66.67,41.721188,-87.678786
Public Rack - Bensley Ave & 103rd St,1,2,3,33.33,66.67,41.7084,-87.56319
Public Rack - Bernard St & Foster Ave,10,17,27,37.04,62.96,41.97563529999999,-87.7126762
Public Rack - Bishop St & 46th St,0,5,5,0.0,100.0,41.80994,-87.661522
Public Rack - Bradley Park,0,1,1,0.0,100.0,41.718353,-87.564459
Public Rack - Brainerd Park,0,1,1,0.0,100.0,41.726942,-87.654896
Public Rack - Brandon Ave & 91st St,1,5,6,16.67,83.33,41.730218,-87.546758
Public Rack - Brooks Park,2,1,3,66.67,33.33,42.0044152,-87.8070628
Public Rack - Bryn Mawr Ave & Milwaukee Ave,8,4,12,66.67,33.33,41.98290367083333,-87.77442228275
Public Rack - Bryn Mawr Ave & Spaulding Ave,18,52,70,25.71,74.29,41.98309159635714,-87.7115833551
Public Rack - Buffalo Ave & 89th St,0,1,1,0.0,100.0,41.73341,-87.54454
Public Rack - Burling Ave & Armitage Ave,54,68,122,44.26,55.74,41.918145017508195,-87.64712997940164
Public Rack - Burnham Shores Park,8,2,10,80.0,20.0,42.0403484601,-87.6702273936
Public Rack - Burnside Academy,0,1,1,0.0,100.0,41.728525,-87.608231
Public Rack - California & 71st,0,1,1,0.0,100.0,41.764618,-87.693452
Public Rack - California & 82nd,0,1,1,0.0,100.0,41.745283,-87.692588
Public Rack - California & 87th,2,0,2,100.0,0.0,41.73569,-87.692172Public Rack - California Ave & Cortez St,92,191,283,32.51,67.49,41.900114752388696,-87.69681520093286
Public Rack - California Ave & Devon Ave - NE,3,24,27,11.11,88.89,41.998256814592594,-87.6995133687037
Public Rack - California Ave & Devon Ave - NW,5,10,15,33.33,66.67,41.998481,-87.69985
Public Rack - California Ave & Ogden Ave,27,13,40,67.5,32.5,41.86085916485,-87.69568699384999
Public Rack - California Ave & Pershing Rd,12,45,57,21.05,78.95,41.82263408433333,-87.69502243796492
Public Rack - California Ave & Touhy Ave - NW,2,1,3,66.67,33.33,42.012177,-87.699865
Public Rack - California Ave & Touhy Ave - SW,2,1,3,66.67,33.33,42.011867,-87.700407
Public Rack - California Ave & Touhy Ave - midblock,0,1,1,0.0,100.0,42.012207,-87.700474
Public Rack - Calumet Ave & 51st St,9,7,16,56.25,43.75,41.802221,-87.618457
Public Rack - Calumet Ave & 71st St,0,1,1,0.0,100.0,41.765537,-87.617305
Public Rack - Campbell Ave & Pratt Blvd,25,76,101,24.75,75.25,42.00507202837624,-87.69263812461386
Public Rack - Canfield & Victoria,4,1,5,80.0,20.0,41.985067,-87.823171
Public Rack - Carpenter St & Madison St,106,209,315,33.65,66.35,41.88161363297143,-87.65350728110793
Public Rack - Centennial Park North,56,19,75,74.67,25.33,42.0485137706,-87.67362495229334
Public Rack - Centennial Park South,36,9,45,80.0,20.0,42.04648781297778,-87.67323809493334
Public Rack - Central & Berteau,7,3,10,70.0,30.0,41.95689,-87.767329
Public Rack - Central & Leland,20,26,46,43.48,56.52,41.96540569923913,-87.76733788765218
Public Rack - Central & Prescott,16,4,20,80.0,20.0,41.99279731175,-87.76559123515
Public Rack - Central Ave & Corcoran Pl,6,4,10,60.0,40.0,41.887339780299996,-87.765085071
Public Rack - Central Ave & George St,1,2,3,33.33,66.67,41.9326579,-87.76620580000001
Public Rack - Central Ave & Lawrence Ave,19,34,53,35.85,64.15,41.967870743037736,-87.76759420973585
Public Rack - Central Ave & North Ave,1,7,8,12.5,87.5,41.909414,-87.765817
Public Rack - Central Ave & Pensacola Ave,5,15,20,25.0,75.0,41.9600136623,-87.76714599649999
Public Rack - Central Park & Bryn Mawr,2,11,13,15.38,84.62,41.98286623953846,-87.71959325769231
Public Rack - Central Park & Peterson,12,51,63,19.05,80.95,41.990093,-87.718753
Public Rack - Central Park Ave & 16th St,1,2,3,33.33,66.67,41.858938,-87.7157269
Public Rack - Central Park Ave & Fillmore St,5,8,13,38.46,61.54,41.8680617,-87.7153897
Public Rack - Central Park Ave & Fulton Blvd,5,5,10,50.0,50.0,41.8861512,-87.7155114
Public Rack - Central Park Ave & Ogden Ave,0,1,1,0.0,100.0,41.8543385,-87.7151584
Public Rack - Champlain Ave & 65th St,46,16,62,74.19,25.81,41.775904,-87.609301
Public Rack - Chappel Ave & 71st St,8,1,9,88.89,11.11,41.766366,-87.575287
Public Rack - Chase Ave & Touhy Ave - NE,4,6,10,40.0,60.0,42.014539,-87.6901359
Public Rack - Chase Ave & Touhy Ave - NW,2,2,4,50.0,50.0,42.014271,-87.690408
Public Rack - Chopin Park,4,2,6,66.67,33.33,41.942694509666666,-87.76187712416667
Public Rack - Christiana & Lincoln,8,20,28,28.57,71.43,41.99346274392857,-87.71273092128571
Public Rack - Christiana Ave & 111th St,0,1,1,0.0,100.0,41.69137,-87.704809
Public Rack - Christiana Ave & 55th St,9,1,10,90.0,10.0,41.793307,-87.707702
Public Rack - Christiana Ave & Archer Ave,1,0,1,100.0,0.0,41.81175,-87.707577
Public Rack - Christiana Ave & Belmont Ave,149,236,385,38.7,61.3,41.9391696465013,-87.7117027189974
Public Rack - Christiana Ave & Bryn Mawr Ave,3,9,12,25.0,75.0,41.982857029583336,-87.71234254408334
Public Rack - Christiana Ave & Lawrence Ave,4,9,13,30.77,69.23,41.968532244538466,-87.71259581853846
Public Rack - Cicero & 64th,7,5,12,58.33,41.67,41.77642439891667,-87.74239476566667
Public Rack - Cicero & Rosemont,1,2,3,33.33,66.67,41.995567,-87.74863999999998
Public Rack - Cicero Ave & Altgeld St,1,2,3,33.33,66.67,41.925739975,-87.746437983
Public Rack - Cicero Ave & Belle Plaine Ave,67,41,108,62.04,37.96,41.95563166349074,-87.74751672477778
Public Rack - Cicero Ave & Cortland St - midblock,3,9,12,25.0,75.0,41.91582,-87.74607399999998
Public Rack - Cicero Ave & North Ave,7,14,21,33.33,66.67,41.909352682666665,-87.74583845852382
Public Rack - Cicero Ave & Roscoe St,2,9,11,18.18,81.82,41.942436501272724,-87.74713637554545
Public Rack - Cicero Ave & Wellington Ave,2,1,3,66.67,33.33,41.935779,-87.746581
Public Rack - Cicero Ave & Wrightwood Ave,0,6,6,0.0,100.0,41.927944,-87.7466394
Public Rack - Clark Square Park,3,2,5,60.0,40.0,42.0321208154,-87.6699805908
Public Rack - Clark St & Diversey Pkwy (North 1),137,196,333,41.14,58.86,41.93318709756457,-87.64528350708107
Public Rack - Clark St & Diversey Pkwy (North 2),164,369,533,30.77,69.23,41.93334416223077,-87.64542420342964
Public Rack - Clark St & Diversey Pkwy (South),150,230,380,39.47,60.53,41.93256843191579,-87.6447849751614
Public Rack - Clark St & Oak St,50,110,160,31.25,68.75,41.90109927094375,-87.6314667178375
Public Rack - Clifton Ave & Armitage Ave,41,74,115,35.65,64.35,41.91800765775652,-87.6562684465739
Public Rack - Clifton Ave & Webster Ave,33,48,81,40.74,59.26,41.921536624839504,-87.65719475830865
Public Rack - Clybourn Ave & Dickens Ave,62,188,250,24.8,75.2,41.919079112868,-87.66107422520399
Public Rack - Clybourn Ave & Webster Ave,353,309,662,53.32,46.68,41.92155287186858,-87.66449572839578
Public Rack - Columbus & 79th,1,0,1,100.0,0.0,41.749218,-87.704409
Public Rack - Commercial Ave & 89th St,1,4,5,20.0,80.0,41.7335593632,-87.551210673
Public Rack - Corliss Ave & 103rd St,0,1,1,0.0,100.0,41.707622,-87.60355
Public Rack - Cottage Grove & 84th St,5,0,5,100.0,0.0,41.7419311692,-87.6048340582
Public Rack - Cottage Grove & 85th St,1,1,2,50.0,50.0,41.740086,-87.604743
Public Rack - Cottage Grove & 86th St,0,6,6,0.0,100.0,41.738369966,-87.60480718483332
Public Rack - Cottage Grove Ave & 111th St,1,0,1,100.0,0.0,41.692645,-87.609758
Public Rack - Cottage Grove Ave & 75th St,0,1,1,0.0,100.0,41.758739,-87.605769
Public Rack - Cottage Grove Ave & 87th St,1,0,1,100.0,0.0,41.736448,-87.60616
Public Rack - Cottage Grove Ave & 89th Pl,0,1,1,0.0,100.0,41.731767,-87.604899
Public Rack - Cottage Grove Ave & 92nd St,2,4,6,33.33,66.67,41.727319,-87.604787
Public Rack - Cottage Grove Ave & 98th St,0,1,1,0.0,100.0,41.716172,-87.60435
Public Rack - Crandon Ave & 80th St,0,1,1,0.0,100.0,41.749519,-87.568831
Public Rack - Cumberland & Catherine,1,0,1,100.0,0.0,41.977363,-87.836748
Public Rack - Damen & 81st,1,0,1,100.0,0.0,41.746488,-87.673132
Public Rack - Damen Ave & 47th St,6,2,8,75.0,25.0,41.80886788,-87.67511435499999
Public Rack - Damen Ave & Division St,72,122,194,37.11,62.89,41.90327914315979,-87.67622266659278
Public Rack - Dawes Park North,4,1,5,80.0,20.0,42.0447387,-87.6731301
Public Rack - Dawes Park South,10,7,17,58.82,41.18,42.0427478,-87.6717642
Public Rack - Dearborn St & Jackson Ave,84,111,195,43.08,56.92,41.87803344353846,-87.62939372961539
Public Rack - Dearborn St & Kinzie St 1,391,461,852,45.89,54.11,41.889074484685445,-87.62950097490727
Public Rack - Dearborn St & Kinzie St 2,156,150,306,50.98,49.02,41.88931774942483,-87.62939763233115
Public Rack - Dearborn St & Superior St,87,190,277,31.41,68.59,41.89572643934176,-87.6295381826763
Public Rack - Delphina & Foster,5,25,30,16.67,83.33,41.97360113446666,-87.84109700726667
Public Rack - Desplaines St & Fulton St,78,252,330,23.64,76.36,41.88688673263232,-87.64340707365253
Public Rack - Devon Ave & Central Ave,2,4,6,33.33,66.67,41.997463,-87.76406300000001
Public Rack - Devon Ave & Kinzua Ave,0,1,1,0.0,100.0,41.997467875,-87.764668345
Public Rack - Devon Ave & Minnehaha Ave (east),0,1,1,0.0,100.0,41.9974341,-87.7628164
Public Rack - Devon Ave & Minnehaha Ave (west),1,0,1,100.0,0.0,41.997384,-87.763064
Public Rack - Division St & Christiana Ave,4,4,8,50.0,50.0,41.90254,-87.71085
Public Rack - Drake Ave & Leland Ave,30,236,266,11.28,88.72,41.96598595280075,-87.7168803157594
Public Rack - DuSable Lake Shore Dr & Ontario St,97,129,226,42.92,57.08,41.894345590814154,-87.61568226799999
Public Rack - East End Ave & 75th St,0,2,2,0.0,100.0,41.75893,-87.582861
Public Rack - East End Ave & 87th St,2,1,3,66.67,33.33,41.737054,-87.583998
Public Rack - Eberhart Ave & 61st St,25,9,34,73.53,26.47,41.783745,-87.612919
Public Rack - Eggleston Ave & 92nd St,0,1,1,0.0,100.0,41.726182,-87.63466
Public Rack - Eli Whitney Public School,2,3,5,40.0,60.0,41.840249,-87.725472
Public Rack - Elizabeth St & 115th St,1,0,1,100.0,0.0,41.684942,-87.65266
Public Rack - Elliott Park,4,1,5,80.0,20.0,42.0377042,-87.6701174
Public Rack - Elston Ave & Gunnison St,1,4,5,20.0,80.0,41.9685542344,-87.74054401819998
Public Rack - Elston Ave & Kenneth Ave,1,3,4,25.0,75.0,41.9676176,-87.7395673
Public Rack - Emerald Ave & 43rd St,54,110,164,32.93,67.07,41.816429103585364,-87.64475244696342
Public Rack - Emerald Ave & 45th St,8,16,24,33.33,66.67,41.81238878083334,-87.64461791466665
Public Rack - Emil G Hirch Metropolitan High School,0,1,1,0.0,100.0,41.754442,-87.601745
Public Rack - Evans Ave & 63rd St,9,41,50,18.0,82.0,41.780506,-87.607519
Public Rack - Ewing Ave & 101st St,1,0,1,100.0,0.0,41.7117328,-87.5350591
Public Rack - Ewing Ave & 102nd St,1,0,1,100.0,0.0,41.709948,-87.535365
Public Rack - Ewing Ave & 106th St,1,0,1,100.0,0.0,41.7024928,-87.5351313
Public Rack - Ewing Ave & 107th St,11,0,11,100.0,0.0,41.700378,-87.535276
Public Rack - Ewing Ave & 112th St,1,0,1,100.0,0.0,41.691979,-87.534912
Public Rack - Ewing Ave & 99th St,1,5,6,16.67,83.33,41.7159614,-87.5351111
Public Rack - Ewing Ave & Indianapolis Ave,2,8,10,20.0,80.0,41.712353,-87.53545
Public Rack - Exchange Ave & 73rd Pl,2,5,7,28.57,71.43,41.76261263,-87.56381871
Public Rack - Fairfield Ave & 63rd St,0,1,1,0.0,100.0,41.77926,-87.692703
Public Rack - Ford City Mall,13,4,17,76.47,23.53,41.757154,-87.741409
Public Rack - Forest Glen & Peterson,3,10,13,23.08,76.92,41.98986000000001,-87.742921
Public Rack - Forest Glen Station ,24,43,67,35.82,64.18,41.97870745492537,-87.75552847383582
Public Rack - Forrestville Ave & 47th St,3,6,9,33.33,66.67,41.80933968266667,-87.61290899955556
Public Rack - Foster Ave & Drake Ave,7,168,175,4.0,96.0,41.97556325232571,-87.71735426244001
Public Rack - Franklin Park,0,1,1,0.0,100.0,41.861493,-87.733404
Public Rack - Fullerton Ave & Lavergne Ave,1,1,2,50.0,50.0,41.92398,-87.75195
Public Rack - Fullerton Ave & Narragansett Ave,7,21,28,25.0,75.0,41.923743025595236,-87.78583282083333
Public Rack - Garden Park,4,8,12,33.33,66.67,42.0294792,-87.66887049999998
Public Rack - Garfield Park Conservatory,17,17,34,50.0,50.0,41.88658,-87.716646
Public Rack - Green St & 103rd St,2,0,2,100.0,0.0,41.70665,-87.643422
Public Rack - Greenwood Ave & Lake Park Ave,18,37,55,32.73,67.27,41.817341502618184,-87.599568331
Public Rack - Haft Ave & Milwaukee Ave,2,2,4,50.0,50.0,41.9955785,-87.7863994
Public Rack - Hale Ave & 111th St,0,1,1,0.0,100.0,41.691801,-87.671351
Public Rack - Halsted St & 102nd St,8,2,10,80.0,20.0,41.70794,-87.643177
Public Rack - Halsted St & 109th St,2,1,3,66.67,33.33,41.695655,-87.642804
Public Rack - Halsted St & 111th St,4,0,4,100.0,0.0,41.691838,-87.642747
Public Rack - Halsted St & 113th St,2,0,2,100.0,0.0,41.68851,-87.642512
Public Rack - Halsted St & 41st St,3,0,3,100.0,0.0,41.820147,-87.64568000000001
Public Rack - Halsted St & 63rd St,2,7,9,22.22,77.78,41.779945,-87.641378
Public Rack - Halsted St & 80th St,1,0,1,100.0,0.0,41.748175,-87.644238
Public Rack - Halsted St & 94th St,0,1,1,0.0,100.0,41.723442,-87.643612
Public Rack - Halsted St & 95th St - SE,2,3,5,40.0,60.0,41.721004,-87.643031
Public Rack - Halsted St & 95th St - SW,3,2,5,60.0,40.0,41.7208961848,-87.643417802
Public Rack - Halsted St & Fullerton Ave,157,190,347,45.24,54.76,41.92554402440923,-87.64781569655908
Public Rack - Halsted St Metra Station,89,83,172,51.74,48.26,41.860440149662786,-87.64682604650581
Public Rack - Hamilton Ave & 95th St,5,1,6,83.33,16.67,41.720832,-87.676382
Public Rack - Hamlin Ave & Chicago Ave,3,6,9,33.33,66.67,41.895201,-87.721541
Public Rack - Hamlin Ave & Fullerton Ave,102,123,225,45.33,54.67,41.92433617303111,-87.72143261575111
Public Rack - Hamlin Ave & Grand Ave,2,5,7,28.57,71.43,41.903729607428566,-87.72028587114286
Public Rack - Hamlin Ave & Madison St,4,7,11,36.36,63.64,41.880833,-87.720797
Public Rack - Hamlin Ave & Montrose Ave,70,237,307,22.8,77.2,41.961211431589575,-87.7224142197329
Public Rack - Harlem & Palatine,3,1,4,75.0,25.0,41.99551919475,-87.80697546875
Public Rack - Harlem & Summerdale,3,9,12,25.0,75.0,41.977814,-87.80681
Public Rack - Harlem and W. 59th,0,2,2,0.0,100.0,41.78495,-87.8011
Public Rack - Harold Washington Park,79,109,188,42.02,57.98,41.801078242446806,-87.58477626448936
Public Rack - Harper Ave & 63rd St,3,4,7,42.86,57.14,41.78070042614286,-87.58751751842856
Public Rack - Harriet E Sayre Public School,0,3,3,0.0,100.0,41.913547,-87.79876
Public Rack - Harvard Ave & 119th St,1,0,1,100.0,0.0,41.678227,-87.630775
Public Rack - Hiawatha & Mendota,25,25,50,50.0,50.0,42.00699349708,-87.77800838648
Public Rack - Hiawatha Ave & Minnehaha Ave,4,1,5,80.0,20.0,41.99952021599999,-87.760494462
Public Rack - Hiawatha Park,0,1,1,0.0,100.0,41.944068,-87.827302
Public Rack - Higgins Ave & Neva Ave,1,3,4,25.0,75.0,41.980586688,-87.8060433875
Public Rack - Holbrook St & Milwaukee Ave,0,2,2,0.0,100.0,41.992273,-87.783303
Public Rack - Hollywood Park,18,75,93,19.35,80.65,41.98928949872043,-87.71181969156989
Public Rack - Homan Ave & 111th St,0,1,1,0.0,100.0,41.691578,-87.705842
Public Rack - Homan Ave & 26th St,1,2,3,33.33,66.67,41.84456,-87.710058
Public Rack - Homan Ave & 62nd Pl,0,1,1,0.0,100.0,41.779668,-87.707834
Public Rack - Homan Ave & Lake St,11,12,23,47.83,52.17,41.88476015065218,-87.71132265691304
Public Rack - Homan Ave & Roosevelt,3,4,7,42.86,57.14,41.86646893585714,-87.71083434357142
Public Rack - Homewood Ave & Monterey Ave,1,0,1,100.0,0.0,41.691752791,-87.670299888
Public Rack - Houston Ave & 131st St,7,0,7,100.0,0.0,41.656961,-87.54852100000001
Public Rack - Houston Ave & 91st St,15,16,31,48.39,51.61,41.7299690617742,-87.54963948219354
Public Rack - Hoyne Ave & 110th Pl,3,2,5,60.0,40.0,41.6923393048,-87.6739937826
Public Rack - Hoyne Ave & 51st St,5,1,6,83.33,16.67,41.801001,-87.67677299999998
Public Rack - Hoyne Ave & Grand Ave,27,67,94,28.72,71.28,41.89090670084397,-87.67930055300708
Public Rack - Hoyne Ave & Walton St,48,167,215,22.33,77.67,41.89849066605117,-87.67952249913023
Public Rack - Hyde Park Blvd & 53rd St,67,132,199,33.67,66.33,41.79947414980904,-87.58420984794472
Public Rack - Hyde Park Blvd & 55th St,140,304,444,31.53,68.47,41.795013531788285,-87.58411102517793
Public Rack - Imlay & Milwaukee,7,7,14,50.0,50.0,41.99898487514286,-87.78956084014285
Public Rack - Independence Blvd & Roosevelt,10,10,20,50.0,50.0,41.86621009805,-87.71849772350001
Public Rack - Indiana Ave & 111th St,2,1,3,66.67,33.33,41.692535,-87.617711
Public Rack - Ingleside Ave & 79th St,0,1,1,0.0,100.0,41.751448,-87.601136
Public Rack - Irving Park Rd & Austin Ave,6,3,9,66.67,33.33,41.95313716044445,-87.77712240355555
Public Rack - Irving Park Rd & Leclaire Ave,24,52,76,31.58,68.42,41.953415578815786,-87.75484350064474
Public Rack - Irving Park Rd & Melvina Ave,0,1,1,0.0,100.0,41.952869,-87.780728
Public Rack - Irving Park Rd & Menard Ave,6,3,9,66.67,33.33,41.9532339,-87.7721894
Public Rack - Irving Park Rd & Parkside Ave,7,5,12,58.33,41.67,41.95307586991667,-87.68881561241666
Public Rack - Jeffery Blvd & 67th St,15,6,21,71.43,28.57,41.773249476714284,-87.576648456
Public Rack - Jeffery Blvd & 81st St,0,2,2,0.0,100.0,41.74927751,-87.57585394
Public Rack - Jeffery Blvd & 83rd St,1,0,1,100.0,0.0,41.744345,-87.575043
Public Rack - Jeffrey Blvd & 71st St,6,17,23,26.09,73.91,41.766347859,-87.57615882508696
Public Rack - Jensen Park,50,157,207,24.15,75.85,41.96485761525604,-87.72077453985992
Public Rack - Jonathan Y Scammon Public School,132,230,362,36.46,63.54,41.94164543554696,-87.73244653635635
Public Rack - Justine St & 87th St,16,162,178,8.99,91.01,41.73601800162921,-87.66242590121348
Public Rack - Karlov Ave & 26th St,2,1,3,66.67,33.33,41.84427250866667,-87.72707353666668
Public Rack - Karlov Ave & Kamerling Ave,35,37,72,48.61,51.39,41.90562003854166,-87.72864425137499
Public Rack - Karlov Ave & Lawrence Ave,4,9,13,30.77,69.23,41.9683053,-87.7300646
Public Rack - Karlov Ave & Milwaukee Ave,83,106,189,43.92,56.08,41.942676184259255,-87.72997035603176
Public Rack - Keating & Peterson,18,64,82,21.95,78.05,41.99015677329268,-87.74717989571953
Public Rack - Kedvale Ave & 26th St,1,2,3,33.33,66.67,41.844265,-87.72810299999999
Public Rack - Kedvale Ave & 63rd St W,16,119,135,11.85,88.15,41.778755242377784,-87.72689036417779
Public Rack - Kedvale Ave & Addison St,0,2,2,0.0,100.0,41.947174,-87.730837
Public Rack - Kedvale Ave & Avondale Ave,3,4,7,42.86,57.14,41.95288112771429,-87.73120528685715
Public Rack - Kedvale Ave & Peterson Ave,0,2,2,0.0,100.0,41.9902492505,-87.73235329900001
Public Rack - Kedzie & 103rd St - East,0,1,1,0.0,100.0,41.705444,-87.701232
Public Rack - Kedzie & 103rd St - W,1,1,2,50.0,50.0,41.705247,-87.701424
Public Rack - Kedzie Ave & 54th St - SE,5,5,10,50.0,50.0,41.794326,-87.703471
Public Rack - Kedzie Ave & 58th St,6,4,10,60.0,40.0,41.7882867905,-87.70357215829999
Public Rack - Kedzie Ave & 61st Pl W,3,2,5,60.0,40.0,41.781983122,-87.70338641340001
Public Rack - Kedzie Ave & 62nd Pl,3,0,3,100.0,0.0,41.780148,-87.70333799999999
Public Rack - Kedzie Ave & 63rd St,1,0,1,100.0,0.0,41.778865,-87.703029
Public Rack - Kedzie Ave & 64th St - SE,4,3,7,57.14,42.86,41.776985,-87.702916
Public Rack - Kedzie Ave & 64th St - SW,5,15,20,25.0,75.0,41.777031,-87.703223
Public Rack - Kedzie Ave & Archer Ave,2,0,2,100.0,0.0,41.81359,-87.70478
Public Rack - Kedzie Ave & Argyle St,83,229,312,26.6,73.4,41.97208786352243,-87.70857909411859
Public Rack - Kedzie Ave & Arthington St,2,2,4,50.0,50.0,41.8700949,-87.7062429
Public Rack - Kedzie Ave & Chicago Ave,21,28,49,42.86,57.14,41.89556,-87.70641
Public Rack - Kedzie Ave & Pershing Rd,1,0,1,100.0,0.0,41.822897,-87.704154
Public Rack - Kedzie Ave & Walnut St,3,5,8,37.5,62.5,41.885893513375,-87.70641876524999
Public Rack - Keef Ave & South Chicago Ave,1,0,1,100.0,0.0,41.7707,-87.611706
Public Rack - Keeler Ave & 26th St,2,1,3,66.67,33.33,41.844081456666665,-87.72986924533332
Public Rack - Keeler Ave & 55th St,0,1,1,0.0,100.0,41.79304,-87.728214
Public Rack - Kenmore Ave & Armitage Ave,46,78,124,37.1,62.9,41.918209787774195,-87.65453021304839
Public Rack - Kenneth & Carmen,26,49,75,34.67,65.33,41.97266115968,-87.73923820665333
Public Rack - Kenneth Ave & 63rd St E,1,0,1,100.0,0.0,41.778411,-87.733387
Public Rack - Kenton & Lawrence,7,9,16,43.75,56.25,41.9679870215625,-87.7430684119375
Public Rack - Kenton Ave & Palmer St,19,6,25,76.0,24.0,41.9206781,-87.7419523
Public Rack - Keystone Ave & Irving Park Rd,71,93,164,43.29,56.71,41.95345343658536,-87.72966069252439
Public Rack - Keystone Ave & North Ave,16,43,59,27.12,72.88,41.90963229161017,-87.72795245122035
Public Rack - Kilbourn Ave & Fullerton Ave,2,1,3,66.67,33.33,41.924447,-87.73998
Public Rack - Kildare Ave & 63rd St,1,1,2,50.0,50.0,41.778442,-87.73047
Public Rack - Kildare Ave & North Ave,1,3,4,25.0,75.0,41.909866,-87.73399
Public Rack - Kildare Ave & Washignton Blvd,5,1,6,83.33,16.67,41.881838,-87.733661
Public Rack - Kilpatrick & Elston,5,42,47,10.64,89.36,41.970022318170216,-87.7434063956383
Public Rack - Kimball & Ardmore,12,132,144,8.33,91.67,41.98702357477083,-87.7139677275764
Public Rack - Kimball Ave & Carmen Ave,9,17,26,34.62,65.38,41.973897115153854,-87.71329737173076
Public Rack - Kimball Ave & Lawrence Ave,40,55,95,42.11,57.89,41.967919651010526,-87.71343021114737
Public Rack - Kimbark Ave & 67th St,69,26,95,72.63,27.37,41.77404522190527,-87.59432240209473
Public Rack - King Dr & 115th St,5,6,11,45.45,54.55,41.685251740727274,-87.61340241454545
Public Rack - King Dr & 71st St,1,0,1,100.0,0.0,41.765862,-87.614787
Public Rack - King Dr & Oakwood Blvd,4,18,22,18.18,81.82,41.822827,-87.616486
Public Rack - Kingsbury Ave & Blackhawk St,270,484,754,35.81,64.19,41.90821236524668,-87.65167075012997
Public Rack - Kingsbury Ave & Eastman St,146,330,476,30.67,69.33,41.90687521407983,-87.650881038771
Public Rack - Kingston Ave & 75th St,0,8,8,0.0,100.0,41.75892068925,-87.56218417775
Public Rack - Kolin Ave & Archer Ave,4,0,4,100.0,0.0,41.8005057405,-87.73176832
Public Rack - Komensky Ave & 26th St,0,1,1,0.0,100.0,41.844168,-87.726317
Public Rack - Komensky Ave & 59th St,8,16,24,33.33,66.67,41.786049,-87.72364499999999
Public Rack - Komensky Ave & 63rd St,7,9,16,43.75,56.25,41.7788167464375,-87.72360223087499
Public Rack - Kostner & Bryn Mawr,5,3,8,62.5,37.5,41.982775495999995,-87.73756911412501
Public Rack - Kostner & Peterson,2,4,6,33.33,66.67,41.98993,-87.73796699999998
Public Rack - Kostner Ave & 16th St,2,2,4,50.0,50.0,41.8588018,-87.7343019
Public Rack - Kostner Ave & Armitage Ave,25,17,42,59.52,40.48,41.917210731690474,-87.73613873233333
Public Rack - Kostner Ave & Diversey Ave,4,5,9,44.44,55.56,41.931803,-87.737285
Public Rack - Kostner Ave & North Ave,17,20,37,45.95,54.05,41.908813018135135,-87.73646077613513
Public Rack - Kostner Ave & Wrightwood Ave,0,3,3,0.0,100.0,41.92786,-87.735756
Public Rack - Lafayette Ave & 119th St,1,0,1,100.0,0.0,41.677853,-87.623447
Public Rack - Lafayette Ave & 87th St - NW,2,5,7,28.57,71.43,41.736354,-87.626741
Public Rack - Lafayette Ave & 95th St,25,8,33,75.76,24.24,41.721793487151515,-87.62493401381818
Public Rack - Laflin St & 79th St,1,0,1,100.0,0.0,41.750326,-87.66168
Public Rack - Laflin St &51st ST,0,1,1,0.0,100.0,41.801354,-87.662076
Public Rack - Lake Shore Dr & Hayes Dr,30,2,32,93.75,6.25,41.780588808124996,-87.57455790071874
Public Rack - Langley Ave & 105th Pl,4,0,4,100.0,0.0,41.702472,-87.606477
Public Rack - Langley Ave & 49th St,12,34,46,26.09,73.91,41.80520497128261,-87.60907544176087
Public Rack - Langley Ave & 79th St,1,3,4,25.0,75.0,41.751103,-87.607432
Public Rack - Langley Ave & Oakwood Blvd,24,22,46,52.17,47.83,41.82282931413044,-87.60953328158696
Public Rack - Laporte Ave & Armitage Ave,0,2,2,0.0,100.0,41.917047,-87.750008
Public Rack - Laramie Ave & Belmont Ave,9,8,17,52.94,47.06,41.93869386782353,-87.75563144547058
Public Rack - Laramie Ave & Fullerton Ave,2,1,3,66.67,33.33,41.9240754,-87.7568589
Public Rack - Laramie Ave & Grand Ave,6,5,11,54.55,45.45,41.917002,-87.755972
Public Rack - Laramie Ave & Warwick Ave,3,0,3,100.0,0.0,41.948812,-87.75713
Public Rack - Laramine Ave & Winnemac Ave,21,10,31,67.74,32.26,41.97182976632258,-87.757565193
Public Rack - Lavergne & Lawrence,2,0,2,100.0,0.0,41.967912,-87.752496
Public Rack - Lavergne Ave & Belle Plaine Ave,9,34,43,20.93,79.07,41.955305948418605,-87.75179129888373
Public Rack - Lawndale Ave & 23rd St,2,8,10,20.0,80.0,41.8499491133,-87.71675064749999
Public Rack - Lawndale Ave & 63rd St,2,3,5,40.0,60.0,41.7787155,-87.7140552
Public Rack - Lawndale Ave & Diversey Ave,30,35,65,46.15,53.85,41.93171658029231,-87.71925342593846
Public Rack - Lawndale Ave & Polk St,3,4,7,42.86,57.14,41.87076510000001,-87.7183735
Public Rack - Lawndale Ave & Roosevelt,3,1,4,75.0,25.0,41.866225,-87.717918
Public Rack - Lawrence Ave & Kimball Ave,11,24,35,31.43,68.57,41.96828175345714,-87.71262429748572
Public Rack - Leader & Caldwell,0,2,2,0.0,100.0,41.9914890695,-87.75448960899999
Public Rack - Leamington & Elston,41,98,139,29.5,70.5,41.97789201266187,-87.75631610597122
Public Rack - Leavitt St & Potomac Ave,61,93,154,39.61,60.39,41.90497989177921,-87.68204694668832
Public Rack - Leclaire Ave & Division St,1,10,11,9.09,90.91,41.90205,-87.75305
Public Rack - Lee Street Beach,25,16,41,60.98,39.02,42.03628178078049,-87.67032767512195
Public Rack - Legler Regional Library,5,1,6,83.33,16.67,41.87930978116666,-87.72543548783334
Public Rack - Lemont Ave & Keating Ave,1,2,3,33.33,66.67,41.9912674,-87.7469243
Public Rack - Leoti Ave & Central Ave (north),0,1,1,0.0,100.0,41.998262,-87.763663
Public Rack - Leoti Ave & Central Ave (south),7,3,10,70.0,30.0,41.998324,-87.763384
Public Rack - Lighthouse Beach,36,9,45,80.0,20.0,42.064749487688886,-87.6757046280889
Public Rack - Lincoln Ave & Fullteron Ave (Northwest),212,199,411,51.58,48.42,41.92583041943552,-87.64943182921898
Public Rack - Linder & 51st,6,0,6,100.0,0.0,41.799981,-87.759999
Public Rack - Linder & Elston,7,7,14,50.0,50.0,41.98356468885714,-87.76577202357143
Public Rack - Linder Ave & 64th Pl,19,3,22,86.36,13.64,41.775516405863634,-87.75798384531818
Public Rack - Linder Ave & Archer Ave,9,0,9,100.0,0.0,41.796005,-87.759575
Public Rack - Linder Ave & Belmont Ave,3,1,4,75.0,25.0,41.938743,-87.763298
Public Rack - Lockwood & Archer,14,6,20,70.0,30.0,41.79667951455001,-87.75515959805
Public Rack - Lockwood Ave & Diversey Ave,5,24,29,17.24,82.76,41.931541,-87.75904
Public Rack - Loomis Blvd & 47th St,4,15,19,21.05,78.95,41.80875525857895,-87.66026598157893
Public Rack - Loomis Blvd & 83rd St,1,0,1,100.0,0.0,41.743271,-87.658769
Public Rack - Loomis St & 87th St,3,12,15,20.0,80.0,41.735465,-87.657585
Public Rack - Loomis St & Eleanor St,58,26,84,69.05,30.95,41.84450214171429,-87.66012360633333
Public Rack - Lorel Ave & Chicago Ave,1,0,1,100.0,0.0,41.89503,-87.759917
Public Rack - Lorel Ave & Grand Ave,1,1,2,50.0,50.0,41.9176685,-87.7595531
Public Rack - Lotus Ave & Lawrence Ave,12,15,27,44.44,55.56,41.967656186333336,-87.76363368007408
Public Rack - Lowe Ave & 94th St,0,1,1,0.0,100.0,41.724234,-87.639453
Public Rack - Lowe Ave & 98th St,0,1,1,0.0,100.0,41.715887,-87.639228
Public Rack - Lowe Park,0,4,4,0.0,100.0,41.79956757125,-87.64149219175
Public Rack - Lowell Ave & Elston Ave,22,32,54,40.74,59.26,41.96611521153704,-87.73698003212964
Public Rack - Lynch & Elston,0,2,2,0.0,100.0,41.980931,-87.761302
Public Rack - Mackinaw Ave & 106th St,2,0,2,100.0,0.0,41.702557,-87.542728
Public Rack - Mackinaw Ave & 108th St,3,1,4,75.0,25.0,41.699008,-87.542833
Public Rack - Mango & Higgins,19,58,77,24.68,75.32,41.97172184845454,-87.77228818641558
Public Rack - Maplewood Ave & 63rd St,1,2,3,33.33,66.67,41.779343,-87.686763
Public Rack - Maplewood Ave & Chicago Ave,20,50,70,28.57,71.43,41.89249099332857,-87.69157386587143
Public Rack - Marquette Rd & 67th St,3,17,20,15.0,85.0,41.773113478599996,-87.6128892079
Public Rack - Marshfield Ave & 45th St,1,0,1,100.0,0.0,41.812343,-87.666239
Public Rack - Marshfield Ave & 87th St,5,0,5,100.0,0.0,41.735527,-87.663867
Public Rack - Martin Luther King Dr & 44th St,3,7,10,30.0,70.0,41.8144236753,-87.616276593
Public Rack - Martin Luther King Dr & 69th St,8,1,9,88.89,11.11,41.769235828333336,-87.61525767133334
Public Rack - Maryland Ave & 87th ST,2,3,5,40.0,60.0,41.736995,-87.603968
Public Rack - Mason & Archer,1,0,1,100.0,0.0,41.79456,-87.77092
Public Rack - Mason Ave & Archer Ave,1,0,1,100.0,0.0,41.794199,-87.771388
Public Rack - Mason Ave & Milwaukee Ave,9,2,11,81.82,18.18,41.98568518590909,-87.77706315036363
Public Rack - Mason Ave & Roosevelt Rd,1,0,1,100.0,0.0,41.865608,-87.772389
Public Rack - May St & 63rd St,0,1,1,0.0,100.0,41.77977,-87.652943
Public Rack - May St & 87th St,2,0,2,100.0,0.0,41.73556,-87.651701
Public Rack - McVicker & 52nd,2,1,3,66.67,33.33,41.797981,-87.773241
Public Rack - McVicker Ave & Grand Ave,1,2,3,33.33,66.67,41.921251,-87.776662
Public Rack - Meade Ave & Archer Ave,2,0,2,100.0,0.0,41.79405,-87.774078
Public Rack - Melvina & Foster,8,7,15,53.33,46.67,41.975595806,-87.78347885693333
Public Rack - Melvina Ave & Belmont Ave,8,3,11,72.73,27.27,41.938425871727276,-87.7813636870909
Public Rack - Melvina Ave & Montrose Ave,3,31,34,8.82,91.18,41.95885114914706,-87.78192482597058
Public Rack - Menard Ave & Adams Blvd,3,1,4,75.0,25.0,41.877684,-87.769356
Public Rack - Menard Ave & Agusta Blvd,0,2,2,0.0,100.0,41.898333,-87.770501
Public Rack - Menard Ave & Belmont Ave,8,7,15,53.33,46.67,41.9384743758,-87.77106895699998
Public Rack - Menard Ave & Dakin St - midblock,28,6,34,82.35,17.65,41.95173528644118,-87.7720038067941
Public Rack - Menard Ave & Grand Ave,2,0,2,100.0,0.0,41.919803149,-87.7709772645
Public Rack - Miami Ave & Milwaukee Ave,0,4,4,0.0,100.0,41.991473,-87.782085
Public Rack - Michele Clark Magnet High School,0,1,1,0.0,100.0,41.872849,-87.753432
Public Rack - Michigan Ave & 119th St,4,0,4,100.0,0.0,41.677934,-87.620754
Public Rack - Michigan Ave & 121st St,1,0,1,100.0,0.0,41.67413,-87.620448
Public Rack - Michigan Ave & 125th Pl,2,0,2,100.0,0.0,41.666395,-87.619933
Public Rack - Michigan Ave & 67th St,4,2,6,66.67,33.33,41.772044122333334,-87.6216592345
Public Rack - Michigan Ave & 96th St,3,0,3,100.0,0.0,41.718869284,-87.62072613466667
Public Rack - Michigan Ave & Delaware Pl,355,287,642,55.3,44.7,41.89915169388162,-87.623777414243
Public Rack - Michigan Ave & Wacker Dr (North),317,146,463,68.47,31.53,41.889358395963285,-87.62397979250757
Public Rack - Michigan Ave & Wacker Dr (South),350,284,634,55.21,44.79,41.888133904864354,-87.6241650880631
Public Rack - Midway Orange Line,2,4,6,33.33,66.67,41.7858081615,-87.73807058733333
Public Rack - Milwaukee Ave & Addison St,14,28,42,33.33,66.67,41.9465054477381,-87.73576354485715
Public Rack - Milwaukee Ave & Catalpa Ave,6,31,37,16.22,83.78,41.97723763391892,-87.76898247335134
Public Rack - Milwaukee Ave & Culyer Ave,14,9,23,60.87,39.13,41.95468225486956,-87.74941911552175
Public Rack - Milwaukee Ave & Diversey Ave,64,157,221,28.96,71.04,41.93124841972851,-87.71147118233033
Public Rack - Milwaukee Ave & Haussen Ct,166,206,372,44.62,55.38,41.93774719101613,-87.72163463019085
Public Rack - Milwaukee Ave & Higgins Ave,33,60,93,35.48,64.52,41.96859368694624,-87.76121683696773
Public Rack - Milwaukee Ave & Kennedy Expy,36,43,79,45.57,54.43,41.97126925487342,-87.76388208516457
Public Rack - Milwaukee Ave & Lawrence Ave,11,7,18,61.11,38.89,41.967379068888896,-87.7601969545
Public Rack - Milwaukee Ave & Leland Ave,14,5,19,73.68,26.32,41.9661124,-87.7593376
Public Rack - Milwaukee Ave & Pensacola Ave,9,13,22,40.91,59.09,41.95951203059091,-87.75339869818183
Public Rack - Milwaukee Ave & School St,25,37,62,40.32,59.68,41.94062194112903,-87.72608176709677
Public Rack - Milwaukee Ave & Sunnyside Ave,11,4,15,73.33,26.67,41.96253195246667,-87.75600875086667
Public Rack - Milwaukee Ave & Warner Ave,13,14,27,48.15,51.85,41.95624992762963,-87.75076462585184
Public Rack - Milwaukee Ave & Waveland Ave,3,4,7,42.86,57.14,41.947489772428575,-87.737863296
Public Rack - Minnehaha Ave & Devon Ave,2,4,6,33.33,66.67,41.99745236883333,-87.76190881266666
Public Rack - Minuteman Park,29,36,65,44.62,55.38,41.78533407518462,-87.76260258173848
Public Rack - Mobile Ave & Archer Ave,2,1,3,66.67,33.33,41.79286918533333,-87.780377739
Public Rack - Mont Clare Ave & Higgins Ave,10,15,25,40.0,60.0,41.980602,-87.804963
Public Rack - Monticello & Lawrence,9,27,36,25.0,75.0,41.96820993425,-87.71954212072222
Public Rack - Monticello Ave & Belmont Ave,132,211,343,38.48,61.52,41.9394579511069,-87.71843764668901
Public Rack - Montrose Ave & Lavergne Ave,6,4,10,60.0,40.0,41.9606226335,-87.7516633888
Public Rack - Morgan St & 87th St,1,1,2,50.0,50.0,41.73577,-87.648133
Public Rack - Morgan St & Madison St,47,140,187,25.13,74.87,41.88178225295722,-87.65179544879679
Public Rack - Mozart & 79th,0,1,1,0.0,100.0,41.749713,-87.693932
Public Rack - Mozart Elementary School,9,19,28,32.14,67.86,41.92131554928572,-87.72232666442858
Public Rack - Mt Greenwood Library - South,2,0,2,100.0,0.0,41.692883,-87.701048
Public Rack - Mt Greenwood Library N,0,1,1,0.0,100.0,41.693027,-87.701054
Public Rack - Mulligan & Northwest Hwy,9,3,12,75.0,25.0,41.985352215,-87.78672340258333
Public Rack - Mulligan Ave & 56th St,1,1,2,50.0,50.0,41.790399,-87.780044
Public Rack - N Narragansett Ave & Grand Ave,8,4,12,66.67,33.33,41.92258544333333,-87.78498179075
Public Rack - N Sayre Ave & W Belden Ave,0,2,2,0.0,100.0,41.9214020445,-87.800812304
Public Rack - N. Oakview and W. Gregory St,9,9,18,50.0,50.0,41.98011337261111,-87.84398114355555
Public Rack - Nagel & Higgins,30,39,69,43.48,56.52,41.97631199773913,-87.78763841847825
Public Rack - Nagle Ave & Belmont Ave,4,2,6,66.67,33.33,41.938201,-87.787415
Public Rack - Narragansett Ave & Fullerton Ave,8,4,12,66.67,33.33,41.92378,-87.7843998
Public Rack - Nashotah & Northwest Hwy,40,30,70,57.14,42.86,41.98813880658572,-87.79142746100001
Public Rack - Natoma Ave & 61st St,14,28,42,33.33,66.67,41.78092154471428,-87.78763344483335
Public Rack - Natoma Ave & Bryn Mawr Ave,3,3,6,50.0,50.0,41.98289286716667,-87.79052482733333
Public Rack - Neenah & Archer,3,1,4,75.0,25.0,41.792142,-87.785406
Public Rack - Neenah & Dakin,7,29,36,19.44,80.56,41.95170758163889,-87.79074426080555
Public Rack - Neola & Northwest Hwy,2,2,4,50.0,50.0,41.9902894195,-87.79529369225
Public Rack - Neva & Foster,4,7,11,36.36,63.64,41.97483236354545,-87.80605955409091
Public Rack - Neva Ave & Grand Ave,6,5,11,54.55,45.45,41.923616519090906,-87.80467486727274
Public Rack - Newcastle & Archer,1,2,3,33.33,66.67,41.792296856,-87.79288284966667
Public Rack - Newcastle Ave & Belden Ave,1,3,4,25.0,75.0,41.920969669499996,-87.797346643
Public Rack - Newcastle Ave & Belmont Ave,4,4,8,50.0,50.0,41.938022,-87.7961
Public Rack - Newcastle Ave & Wellington Ave,0,1,1,0.0,100.0,41.934997,-87.795777
Public Rack - Newland Ave & Diversey Ave,1,2,3,33.33,66.67,41.93098,-87.79944
Public Rack - Nina Ave & Avondale Ave,1,3,4,25.0,75.0,41.9911458,-87.7991043
Public Rack - Nordica & Archer,9,1,10,90.0,10.0,41.7922285839,-87.79766912080001
Public Rack - Nordica Ave & Addison St,4,2,6,66.67,33.33,41.94542190283334,-87.803460241
Public Rack - Nordica Ave & Higgins Ave,1,3,4,25.0,75.0,41.980132339,-87.80210526
Public Rack - Normal Ave & 111th St,1,0,1,100.0,0.0,41.692303,-87.635478
Public Rack - Normal Blvd & 61st Pl,1,2,3,33.33,66.67,41.782314,-87.637358
Public Rack - Normandy Ave & Archer Ave,0,2,2,0.0,100.0,41.7923026,-87.7887886
Public Rack - Northwest Hwy & Bryn Mawr,3,2,5,60.0,40.0,41.983008,-87.782634
Public Rack - Northwest Hwy & Highland Ave,2,1,3,66.67,33.33,41.995867,-87.805223
Public Rack - Northwest Hwy & Neva Ave,13,10,23,56.52,43.48,41.99585565873913,-87.80509586152174
Public Rack - Northwest Hwy & Overhill Ave,0,1,1,0.0,100.0,42.0114922,-87.8126378
Public Rack - Northwest Hwy & Raven St,2,2,4,50.0,50.0,41.9927877,-87.799284
Public Rack - Norwood Park,7,6,13,53.85,46.15,41.98660399999999,-87.79394
Public Rack - Norwood Park Station ,9,8,17,52.94,47.06,41.991917444705884,-87.79915643094118
Public Rack - Oak Park & Higgins,10,5,15,66.67,33.33,41.978897466599996,-87.79623045286667
Public Rack - Oak Park Ave & Foster Ave,8,9,17,47.06,52.94,41.9746022,-87.8119558
Public Rack - Oakley & 79th Pl,0,1,1,0.0,100.0,41.749095,-87.679637
Public Rack - Oakley Blvd & Grand Ave,66,62,128,51.56,48.44,41.89065782989844,-87.68409475260155
Public Rack - Octavia Ave & Touhy Ave,2,1,3,66.67,33.33,42.01173846,-87.80832137
Public Rack - Odell & Talcott,8,3,11,72.73,27.27,41.987304499454545,-87.81022170018183
Public Rack - Ogden Ave & Monroe St,136,86,222,61.26,38.74,41.88001650713964,-87.66762075547747
Public Rack - Oglesby Ave & 105th St,0,1,1,0.0,100.0,41.704672,-87.565519
Public Rack - Oglesby Ave & 95th St,0,6,6,0.0,100.0,41.722484,-87.565738
Public Rack - Oketo & Northwest Hwy,9,3,12,75.0,25.0,42.000330587916665,-87.81244625683333
Public Rack - Oketo & Talcott,8,4,12,66.67,33.33,41.988596,-87.812525
Public Rack - Oketo Ave & Belmont Ave,1,2,3,33.33,66.67,41.938117,-87.811862
Public Rack - Olmstead Ave & Oliphant Ave,29,11,40,72.5,27.5,42.002314058775,-87.81709739697502
Public Rack - Orleans St & Chicago Ave,23,32,55,41.82,58.18,41.89645112045454,-87.63795994894545
Public Rack - Orleans St & Grand Ave,92,213,305,30.16,69.84,41.89163796398032,-87.63681305815082
Public Rack - Orleans St & Ontario St,37,140,177,20.9,79.1,41.893088865248586,-87.63873760181922
Public Rack - Orville T Bright School,0,1,1,0.0,100.0,41.700168,-87.562148
Public Rack - Osceola Ave & Touhy Ave,0,2,2,0.0,100.0,42.0119959275,-87.81264972400001
Public Rack - Ottowa Ave & Touhy Ave,3,4,7,42.86,57.14,42.011495341,-87.81820659899999
Public Rack - Overhill Ave & Touhy Ave,11,2,13,84.62,15.38,42.0114627,-87.81900973
Public Rack - Ozanam Ave & Devon Ave,1,2,3,33.33,66.67,41.9969968,-87.8213419
Public Rack - Ozark Ave & Addison St,2,2,4,50.0,50.0,41.945075,-87.820037
Public Rack - Ozman & Talcott,6,3,9,66.67,33.33,41.993028,-87.821659
Public Rack - Panama Ave & Forest Preserve Ave,0,1,1,0.0,100.0,41.943162,-87.82909
Public Rack - Parkside & 63rd,13,13,26,50.0,50.0,41.778135684846156,-87.76303014546154
Public Rack - Parkside & Archer,7,1,8,87.5,12.5,41.795696,-87.763475
Public Rack - Parkside & Elston,3,5,8,37.5,62.5,41.9854569215,-87.76954732499999
Public Rack - Parnell Ave & 98th St,0,1,1,0.0,100.0,41.715983,-87.637067
Public Rack - Paxton Ave & 79th St,0,1,1,0.0,100.0,41.75167773,-87.57045748
Public Rack - Penn Elementary School / KIPP Ascend Middle School,7,30,37,18.92,81.08,41.8586742,-87.7223835
Public Rack - Peoria St & 60th St,6,1,7,85.71,14.29,41.784881766,-87.64746628671428
Public Rack - Peterson Ave & Bernard Ave,0,2,2,0.0,100.0,41.990234,-87.715634
Public Rack - Peterson Ave & Drake Ave,0,24,24,0.0,100.0,41.990119,-87.717337
Public Rack - Peterson Ave & Milwaukee Ave,0,7,7,0.0,100.0,41.98982420671429,-87.78092320542858
Public Rack - Peterson Park,22,43,65,33.85,66.15,41.97870829981538,-87.75553135289232
Public Rack - Piotrowski Park,0,1,1,0.0,100.0,41.836682,-87.73083
Public Rack - Plainfield Ave & Irving Park Rd,10,5,15,66.67,33.33,41.95213878166667,-87.83383635199999
Public Rack - Prairie Ave & 47th St ,33,58,91,36.26,63.74,41.80948562259341,-87.6190009815055
Public Rack - Prairie Ave & 78th St,0,1,1,0.0,100.0,41.752229,-87.617995
Public Rack - Prairie Ave & Garfield Blvd N,13,19,32,40.62,59.38,41.79480875,-87.61890696
Public Rack - Prairie Ave & Garfield Blvd S,3,3,6,50.0,50.0,41.794344,-87.619062
Public Rack - Pratt Ave & Odell Ave,2,4,6,33.33,66.67,42.004416920999994,-87.81104553083334
Public Rack - Princeton Ave & 43rd St,18,0,18,100.0,0.0,41.815883,-87.633718
Public Rack - Pulaski & 52nd,0,2,2,0.0,100.0,41.797244,-87.723377
Public Rack - Pulaski & 74th,2,2,4,50.0,50.0,41.757262,-87.722366
Public Rack - Pulaski & 84th,0,2,2,0.0,100.0,41.739387,-87.721373
Public Rack - Pulaski & Ardmore,8,18,26,30.77,69.23,41.985797,-87.728336
Public Rack - Pulaski & Rosemont,2,16,18,11.11,88.89,41.995191164333335,-87.72898622533333
Public Rack - Pulaski Rd & 15th St,0,2,2,0.0,100.0,41.8603966,-87.7250977
Public Rack - Pulaski Rd & 40th St,0,1,1,0.0,100.0,41.81864,-87.72428
Public Rack - Pulaski Rd & 41st,1,2,3,33.33,66.67,41.81791,-87.72413
Public Rack - Pulaski Rd & 44th St,11,110,121,9.09,90.91,41.8129,-87.7225
Public Rack - Pulaski Rd & 51st Rd,0,1,1,0.0,100.0,41.800111,-87.723537
Public Rack - Pulaski Rd & 65th St,1,3,4,25.0,75.0,41.773551,-87.722805
Public Rack - Pulaski Rd & 85th St,1,0,1,100.0,0.0,41.7381,-87.721721
Public Rack - Pulaski Rd & Armitage Ave,9,19,28,32.14,67.86,41.91702216150001,-87.72709824232143
Public Rack - Pulaski Rd & Flournoy St,1,1,2,50.0,50.0,41.8724252,-87.7253448
Public Rack - Pulaski Rd & Fullerton Ave,14,13,27,51.85,48.15,41.92462027422222,-87.72741419322222
Public Rack - Pulaski Rd & Grenshaw St,0,1,1,0.0,100.0,41.8670279,-87.7254644
Public Rack - Pulaski Rd & Lake St,21,3,24,87.5,12.5,41.88558055983333,-87.72605644991667
Public Rack - Pulaski Rd & Polk St,1,0,1,100.0,0.0,41.8703637,-87.7252556
Public Rack - Pulaski Rd & Roosevelt Rd,4,1,5,80.0,20.0,41.866103,-87.724463
Public Rack - Pulaski Rd & Stevens Ave,2,3,5,40.0,60.0,41.9910862,-87.729231
Public Rack - Pullman - Planet Fitness,8,0,8,100.0,0.0,41.697801315875,-87.59779488825001
Public Rack - Pullman - Ross Dress for Less,1,0,1,100.0,0.0,41.69868,-87.597
Public Rack - Pullman - Walmart,7,1,8,87.5,12.5,41.69696,-87.59829
Public Rack - Pullman Community Center,1,0,1,100.0,0.0,41.70428,-87.59313
Public Rack - Racine Ave & 109th Pl,6,0,6,100.0,0.0,41.694835,-87.65304099999999
Public Rack - Racine Ave & 74th St,2,3,5,40.0,60.0,41.759440285800004,-87.65412672699999
Public Rack - Racine Ave & 76th,1,1,2,50.0,50.0,41.755796998,-87.654020108
Public Rack - Racine Ave & 83rd St,2,1,3,66.67,33.33,41.743367,-87.653661
Public Rack - Racine Ave & Armitage Ave,89,139,228,39.04,60.96,41.91814953714913,-87.65829853832456
Public Rack - Racine Ave & Nelson St,496,471,967,51.29,48.71,41.93725863796381,-87.6589809365274
Public Rack - Rhodes Ave & 79th St,2,0,2,100.0,0.0,41.7509857505,-87.6114214115
Public Rack - Richard Daley College,14,3,17,82.35,17.65,41.75486,-87.72364
Public Rack - Richmond St & Thorndale Ave,3,0,3,100.0,0.0,41.988931,-87.702785
Public Rack - Rockwell & 111th St,5,2,7,71.43,28.57,41.691359,-87.68572000000002
Public Rack - Rockwell & Division,67,136,203,33.0,67.0,41.902836067320195,-87.69239080735468
Public Rack - Rockwell Ave & 71st St,4,0,4,100.0,0.0,41.764753,-87.688641
Public Rack - Rockwell Ave & Touhy Ave ,16,16,32,50.0,50.0,42.012341813343745,-87.695381061375
Public Rack - Rockwell St & Chicago Ave,86,122,208,41.35,58.65,41.89585188711058,-87.6918468468125
Public Rack - Roscoe St & Osceola Ave,0,1,1,0.0,100.0,41.942201,-87.813168
Public Rack - Roswell B. Mason Elementary School,1,1,2,50.0,50.0,41.8560219,-87.7298436
Public Rack - Rush St & Oak St,432,687,1119,38.61,61.39,41.90069875711885,-87.6276892293518
Public Rack - Rush St & Ohio St,215,183,398,54.02,45.98,41.892585755675874,-87.62585108151508
Public Rack - Rush St & Ontario St,224,183,407,55.04,44.96,41.89310488304177,-87.62536693695003
Public Rack - Rutherford & 53rd,1,0,1,100.0,0.0,41.795118,-87.790519
Public Rack - Rutherford Ave & Belmont Ave,8,2,10,80.0,20.0,41.9383001448,-87.79389281019999
Public Rack - S Kostner Ave & W 18th Pl,1,1,2,50.0,50.0,41.8551905,-87.7345547
Public Rack - S Menard & W 63rd,0,1,1,0.0,100.0,41.77707,-87.76664
Public Rack - S. Kilpatrick and W. 79th,12,4,16,75.0,25.0,41.749301140374996,-87.7395854581875
Public Rack - S. New England/ W. 65th,0,1,1,0.0,100.0,41.77391,-87.79348
Public Rack - Sacramento Ave & Devon Ave,15,17,32,46.88,53.12,41.997576193499995,-87.70464416740626
Public Rack - Sacramento Ave & Greenleaf Ave,0,1,1,0.0,100.0,42.009458,-87.704666
Public Rack - Sacramento Blvd & Washington Blvd,3,8,11,27.27,72.73,41.88302291872727,-87.70002955627272
Public Rack - Sangamon St & 87th St,1,1,2,50.0,50.0,41.73582,-87.646896
Public Rack - Sangamon St & Fulton St,146,233,379,38.52,61.48,41.8869292092876,-87.65109916040898
Public Rack - Sawyer Ave & 111th St,1,3,4,25.0,75.0,41.691432914,-87.702283115
Public Rack - Sawyer Ave & Bryn Mawr Ave - SE,18,48,66,27.27,72.73,41.98301875419697,-87.70970355119697
Public Rack - Sawyer Ave & Bryn Mawr Ave - SW,1,9,10,10.0,90.0,41.9829072968,-87.71050383539999
Public Rack - Sawyer Ave & Chicago Ave,1,9,10,10.0,90.0,41.8954597,-87.7080933
Public Rack - Sawyer Ave & Lawrence Ave,9,42,51,17.65,82.35,41.96829517843137,-87.70943835555555
Public Rack - Sayer & Northwest Hwy,4,8,12,33.33,66.67,41.9943603105,-87.80253490716666
Public Rack - Sayre Ave & 59th St,0,1,1,0.0,100.0,41.7846778,-87.7958126
"Public Rack - Senka ""Edward Duke"" Park",0,1,1,0.0,100.0,41.790565,-87.710992
Public Rack - Sheffield Ave & Belden Ave,35,51,86,40.7,59.3,41.92336112952326,-87.6536315782907
Public Rack - Sheffield Ave & Dickens Ave,36,43,79,45.57,54.43,41.91998791121519,-87.65357105791139
Public Rack - South Boulevard Beach,18,11,29,62.07,37.93,42.027305,-87.6683105
Public Rack - South Shore Dr & 71st St,74,157,231,32.03,67.97,41.76620239020346,-87.56278859525541
Public Rack - Southport Ave & Fullteron Ave,133,194,327,40.67,59.33,41.925096326314986,-87.66324173210093
Public Rack - Southport Ave & Webster Ave,113,117,230,49.13,50.87,41.92155810793044,-87.66336918664346
Public Rack - Spaulding Ave & Bryn Mawr Ave,6,54,60,10.0,90.0,41.982962674733336,-87.71143703829999
Public Rack - Spaulding Ave & Evergreen Ave,96,242,338,28.4,71.6,41.905339507668636,-87.70949672428402
Public Rack - Spaulding Ave & Foster Ave,2,4,6,33.33,66.67,41.9759014555,-87.71041555733332
Public Rack - Spaulding Ave & North Ave,78,143,221,35.29,64.71,41.910120462959284,-87.70954308677828
Public Rack - Spencer Elementary Technology Academy,2,0,2,100.0,0.0,41.884655,-87.750498
Public Rack - Springfield & 71st,0,1,1,0.0,100.0,41.764196,-87.720111
Public Rack - Springfield & 79th,8,3,11,72.73,27.27,41.74964513545454,-87.720994186
Public Rack - Springfield Ave & Lawrence Ave,53,75,128,41.41,58.59,41.96839481188281,-87.725686056
Public Rack - St Clair St & Ontario St,54,64,118,45.76,54.24,41.89366626529661,-87.62267131474577
Public Rack - St Clair St & Superior St,166,81,247,67.21,32.79,41.89570706868422,-87.62330754129151
Public Rack - St Louis & 83rd,1,0,1,100.0,0.0,41.742321,-87.70967
Public Rack - St Louis & Lincoln,5,24,29,17.24,82.76,41.99564703434483,-87.71633866565517
Public Rack - St Louis Ave & Berteau Ave,15,28,43,34.88,65.12,41.958367130813954,-87.71567075704651
Public Rack - St Louis Ave & Flournoy St,2,2,4,50.0,50.0,41.8727811,-87.7131562
Public Rack - State ST & 42nd St,12,8,20,60.0,40.0,41.819075392449996,-87.62642049095
Public Rack - State St & 47th st,1,2,3,33.33,66.67,41.809085,-87.627384
Public Rack - Stewart Ave & 123rd St,2,0,2,100.0,0.0,41.670563,-87.632188
Public Rack - Stony Is Ave & 73rd St,1,2,3,33.33,66.67,41.762327534,-87.58549038066667
Public Rack - Stony Island & 87th St,2,5,7,28.57,71.43,41.7367,-87.585815
Public Rack - Stony Island & 95th St,1,1,2,50.0,50.0,41.72228,-87.584943
Public Rack - Strohacker Park,8,1,9,88.89,11.11,41.794823001333334,-87.73212123766666
Public Rack - Talman Ave & 51st St,4,2,6,66.67,33.33,41.800908,-87.690802
Public Rack - Talman Ave & Pershing Rd,1,3,4,25.0,75.0,41.822592,-87.690725
Public Rack - Throop St & 58th St,3,1,4,75.0,25.0,41.788541,-87.65621
Public Rack - Torrence Ave  & 106th St,0,1,1,0.0,100.0,41.702566,-87.559923
Public Rack - Torrence Ave & 103rd St,2,1,3,66.67,33.33,41.70843,-87.56026000000001
Public Rack - Torrence Ave & 98th St,2,4,6,33.33,66.67,41.71708280483333,-87.56000815233334
Public Rack - Touhy Ave & Oconto Ave,14,7,21,66.67,33.33,42.0117739,-87.8076646
Public Rack - Trader Joe's Clybourn Ave,79,286,365,21.64,78.36,41.914675533671236,-87.6549047727589
Public Rack - Trebes Park,15,24,39,38.46,61.54,41.92238054571795,-87.65825253035898
Public Rack - Tripp Ave & North Ave,22,9,31,70.97,29.03,41.90994831270968,-87.7327359594516
Public Rack - Trumbull Ave & 111th St,4,1,5,80.0,20.0,41.691596,-87.707397
Public Rack - Vincennes Ave & 77th St,2,3,5,40.0,60.0,41.7570632926,-87.5649371652
Public Rack - Vincennes Ave & 91st St,1,1,2,50.0,50.0,41.728122,-87.648524
Public Rack - Vincennes Ave & 95th Pl,1,0,1,100.0,0.0,41.720562,-87.650971
Public Rack - W. Talcott & N. Oriole,1,1,2,50.0,50.0,41.990637,-87.816938
Public Rack - Wabash Ave & 87th St,2,2,4,50.0,50.0,41.736063,-87.622952
Public Rack - Wabash Ave & Balbo Dr,100,66,166,60.24,39.76,41.87318609196385,-87.6262044761024
Public Rack - Wabash Ave & Chicago Ave,80,125,205,39.02,60.98,41.89678167200976,-87.62643680230244
Public Rack - Wacker Dr & Adams St,100,225,325,30.77,69.23,41.879413189323074,-87.63718846053231
Public Rack - Wacker Dr & Madison St (East),52,94,146,35.62,64.38,41.88185966842466,-87.63650960145891
Public Rack - Wacker Dr & Madison St (West),43,74,117,36.75,63.25,41.88198033520513,-87.63729984754701
Public Rack - Walden Pkwy & 103rd St,16,2,18,88.89,11.11,41.706205,-87.668965
Public Rack - Walden Pkwy & 99th St,1,2,3,33.33,66.67,41.71397,-87.667798
Public Rack - Wallace St & 112 St,1,0,1,100.0,0.0,41.690092,-87.637636
Public Rack - Waller Ave & Chicago Ave,3,5,8,37.5,62.5,41.894681,-87.768156
Public Rack - Washington Park Ct & 51st St,12,23,35,34.29,65.71,41.8021981388,-87.61514402474286
Public Rack - Washtenaw Ave & Devon Ave,47,276,323,14.55,85.45,41.9977619760712,-87.69722328236223
Public Rack - Washtenaw Ave & Superior St,261,486,747,34.94,65.06,41.89474221229719,-87.69517046131415
Public Rack - Webster Ave & Halsted St,227,304,531,42.75,57.25,41.92188764714878,-87.6484763986083
Public Rack - Wells St & Grand Ave,62,90,152,40.79,59.21,41.891027750328945,-87.63414646722369
Public Rack - Wells St & Lake St,121,182,303,39.93,60.07,41.885680899617164,-87.6337558779571
Public Rack - Wells St & Monroe St,65,117,182,35.71,64.29,41.88060876795604,-87.6335744812143
Public Rack - Wells St & North Ave,362,434,796,45.48,54.52,41.91095998809339,-87.63461813822613
Public Rack - Wells St & Ontario St,47,96,143,32.87,67.13,41.89337008692308,-87.63403135967832
Public Rack - Wells St & Schiller St,155,226,381,40.68,59.32,41.90755794058793,-87.63451956154591
Public Rack - Wells St & Scott St,426,694,1120,38.04,61.96,41.90478094904702,-87.63458966624226
Public Rack - Wells St & Wacker Dr,117,223,340,34.41,65.59,41.886626969568624,-87.63405077980393
Public Rack - Wentworth Ave & 103rd St,4,1,5,80.0,20.0,41.707257,-87.627826
Public Rack - Wentworth Park,6,4,10,60.0,40.0,41.78878,-87.77964
Public Rack - Western & 74th,2,0,2,100.0,0.0,41.759297,-87.683342
Public Rack - Western & 79th,5,2,7,71.43,28.57,41.750806,-87.682722
Public Rack - Western & 83rd,0,1,1,0.0,100.0,41.74385,-87.682864
Public Rack - Western Ave & 100th St,11,3,14,78.57,21.43,41.71167338157143,-87.68195939578571
Public Rack - Western Ave & 104th St - East,1,1,2,50.0,50.0,41.704395429,-87.681736761
Public Rack - Western Ave & 104th St - West,5,1,6,83.33,16.67,41.703952,-87.68195299999998
Public Rack - Western Ave & 105th St,9,3,12,75.0,25.0,41.702609,-87.681492
Public Rack - Western Ave & 106th St - East,2,1,3,66.67,33.33,41.700576,-87.681294
Public Rack - Western Ave & 106th St - West,1,0,1,100.0,0.0,41.701379,-87.681826
Public Rack - Western Ave & 107th Pl,1,1,2,50.0,50.0,41.698022,-87.681175
Public Rack - Western Ave & 107th St,5,1,6,83.33,16.67,41.698728,-87.681558
Public Rack - Western Ave & 110th St,2,1,3,66.67,33.33,41.694406085666664,-87.68148812599999
Public Rack - Western Ave & 111th St - NW,2,0,2,100.0,0.0,41.69197,-87.681659
Public Rack - Western Ave & 111th St - SE,0,1,1,0.0,100.0,41.691665,-87.681022
Public Rack - Western Ave & 116th St,1,0,1,100.0,0.0,41.6824,-87.681048
Public Rack - Western Ave & 118th St,0,1,1,0.0,100.0,41.678349,-87.680919
Public Rack - Western Ave & 47th Pl,8,99,107,7.48,92.52,41.808038936859816,-87.68471133830842
Public Rack - Western Ave & 79th St,1,0,1,100.0,0.0,41.750057,-87.682777
Public Rack - Western Ave & 92nd Pl,9,42,51,17.65,82.35,41.72553424637255,-87.68196919392156
Public Rack - Western Ave & 96th St,2,14,16,12.5,87.5,41.7186070981875,-87.68153602293751
Public Rack - Western Ave & 98th St,0,1,1,0.0,100.0,41.71525,-87.681698
Public Rack - Western Ave & Chicago Ave,24,39,63,38.1,61.9,41.895817056873014,-87.68710884249207
Public Rack - Western Ave & Devon Ave,42,96,138,30.43,69.57,41.99757018692754,-87.68971619451449
Public Rack - Western Ave & Jarvis Ave,8,61,69,11.59,88.41,42.016398,-87.690376
Public Rack - Western Blvd & 49th St,39,34,73,53.42,46.58,41.804783282506854,-87.68375396324657
Public Rack - Whipple St & 26th St,0,1,1,0.0,100.0,41.843636,-87.701931
Public Rack - Whipple St & 63rd St,9,22,31,29.03,70.97,41.77888,-87.699811
Public Rack - Wilbur Wright College North,1,1,2,50.0,50.0,41.9589622985,-87.78961415250001
Public Rack - Wilbur Wright College South,0,3,3,0.0,100.0,41.95830494366667,-87.78743575966666
Public Rack - William J Onahan Public School,0,6,6,0.0,100.0,41.993771,-87.7925631
Public Rack - Winona St & Elston Ave,12,47,59,20.34,79.66,41.97434240305085,-87.75038844308474
Public Rack - Wolcott Ave & 56th St,1,0,1,100.0,0.0,41.791198,-87.671949
Public Rack - Wolcott Ave & 61st St,2,0,2,100.0,0.0,41.782378,-87.671719
Public Rack - Wood St & 47th St,3,4,7,42.86,57.14,41.808652687714286,-87.66997031714286
Public Rack - Woodlawn Ave & 63rd St N,103,258,361,28.53,71.47,41.78062392636288,-87.59604065257065
Public Rack - Woodlawn Ave & 63rd St S,11,35,46,23.91,76.09,41.77953063926087,-87.59603310854348
Public Rack - Wrightwood Metra Station,3,0,3,100.0,0.0,41.74891,-87.70369999999998
Public Rack - Yates Ave & 100th St,1,7,8,12.5,87.5,41.713442389375,-87.564406679375
Public Rack - Zapata Academy,0,1,1,0.0,100.0,41.841655,-87.734366
Pulaski Rd & 51st St,399,289,688,57.99,42.01,41.80043351813663,-87.72475024954069
Pulaski Rd & 54th St,83,27,110,75.45,24.55,41.794991054572726,-87.72360764015454
Pulaski Rd & 60th Pl,12,12,24,50.0,50.0,41.78315,-87.72257
Pulaski Rd & 60th St,16,28,44,36.36,63.64,41.784186141,-87.72256405106819
Pulaski Rd & 68th St,21,14,35,60.0,40.0,41.76949605714286,-87.72281600000001
Pulaski Rd & 75th St,46,16,62,74.19,25.81,41.75724999999999,-87.72247
Pulaski Rd & 84th St,29,16,45,64.44,35.56,41.740407,-87.721907
Pulaski Rd & Ann Lurie Pl,36,146,182,19.78,80.22,41.816439936895605,-87.7248000266978
Pulaski Rd & Congress Pkwy,149,57,206,72.33,27.67,41.87441021003816,-87.72609159350395
Pulaski Rd & Eddy St,348,450,798,43.61,56.39,41.946265587340854,-87.73102631547744
Pulaski Rd & Lake St,108,65,173,62.43,37.57,41.88540845284971,-87.72649312410982
Racine Ave & 115th St,41,24,65,63.08,36.92,41.684759313292304,-87.65195926687693
Racine Ave & 13th St,367,909,1276,28.76,71.24,41.86505372354859,-87.6569593458127
Racine Ave & 15th St,1103,2001,3104,35.53,64.47,41.86126590177706,-87.65662083872134
Racine Ave & 18th St,1998,3646,5644,35.4,64.6,41.85839992952906,-87.65642486112685
Racine Ave & 35th St,367,485,852,43.08,56.92,41.83068887916175,-87.65621087066988
Racine Ave & 57th St,21,16,37,56.76,43.24,41.789696880483376,-87.65469789505005
Racine Ave & 61st St,14,17,31,45.16,54.84,41.783189,-87.654372
Racine Ave & 65th St,36,20,56,64.29,35.71,41.77539435846428,-87.65430826046429
Racine Ave & Belmont Ave,4068,6705,10773,37.76,62.24,41.939741204206285,-87.65886562375282
Racine Ave & Broadway,1439,3573,5012,28.71,71.29,41.968235198500004,-87.65965321203771
Racine Ave & Congress Pkwy,1478,4263,5741,25.74,74.26,41.87463990809197,-87.65703044404309
Racine Ave & Fullerton Ave,2916,5510,8426,34.61,65.39,41.92556853273428,-87.65841713828388
Racine Ave & Garfield Blvd,52,39,91,57.14,42.86,41.79422792748351,-87.6550737982967
Racine Ave & Randolph St,1401,2864,4265,32.85,67.15,41.88408154826875,-87.65692244277345
Racine Ave & Washington Blvd,1261,3701,4962,25.41,74.59,41.88307238262717,-87.6569573329736
Racine Ave & Webster Ave,1335,2079,3414,39.1,60.9,41.92160233974028,-87.65839252302392
Racine Ave & Wrightwood Ave,2086,4191,6277,33.23,66.77,41.92888720991589,-87.6589718216664
Racine/Eddy Corral,815,689,1504,54.19,45.81,41.946339940082446,-87.65910403485239
Racine/Lake Corral,50,72,122,40.98,59.02,41.88567564357377,-87.65689481713933
Rainbow Beach,71,99,170,41.76,58.24,41.75787224022605,-87.54918509673652
Ravenswood Ave & Berteau Ave,1149,3429,4578,25.1,74.9,41.957921027967885,-87.67356718817476
Ravenswood Ave & Grace St,137,300,437,31.35,68.65,41.9505110693524,-87.67406904960411
Ravenswood Ave & Irving Park Rd,1692,3519,5211,32.47,67.53,41.95468845121781,-87.67392968175666
Ravenswood Ave & Lawrence Ave,4661,14250,18911,24.65,75.35,41.96845476238181,-87.67423115512078
Rhodes Ave & 32nd St,664,2044,2708,24.52,75.48,41.83621822941396,-87.61353064775369
Rhodes Ave & 71st St,12,8,20,60.0,40.0,41.766,-87.611726
Richmond St & 59th St,33,111,144,22.92,77.08,41.78649114630556,-87.69732940725
Richmond St & Diversey Ave,1125,1705,2830,39.75,60.25,41.93190245328549,-87.70119648870703
Richmond St & Lincoln Ave,102,157,259,39.38,60.62,41.98812382449035,-87.70317222221236
Ridge Blvd & Howard St,258,549,807,31.97,68.03,42.019275590983895,-87.68452058741636
Ridge Blvd & Touhy Ave,324,585,909,35.64,64.36,42.0121318918079,-87.68291352762674
Riley O'Neil Memorial Station at City Hall,377,698,1075,35.07,64.93,41.8832351,-87.6321117
Ritchie Ct & Banks St,3637,7853,11490,31.65,68.35,41.90686115563853,-87.6262158011447
Riverside Plaza & Adams St,1632,4041,5673,28.77,71.23,41.87926,-87.63879
Robert Crown Community Center,0,5,5,0.0,100.0,42.034189,-87.697676
Rockwell Ave & Logan Blvd,529,1011,1540,34.35,65.65,41.92810593199155,-87.6926809648935
Rockwell St & 47th St,73,56,129,56.59,43.41,41.80852970160465,-87.68941881851937
Rockwell St & 57th St,119,33,152,78.29,21.71,41.79031319595395,-87.6888809165
Rockwell St & 63rd St,37,37,74,50.0,50.0,41.77879008216216,-87.68858384328378
Rockwell St & Archer Ave,233,329,562,41.46,58.54,41.8227200942064,-87.6898198971548
Rockwell St & Cermak Rd,203,410,613,33.12,66.88,41.85164575888581,-87.69062160725612
Rockwell St & Division St,798,1090,1888,42.27,57.73,41.90275044343838,-87.69201875949258
Rockwell St & Eastwood Ave,851,2371,3222,26.41,73.59,41.965899344295295,-87.6936391890703
Rockwell St & Fletcher St,876,1387,2263,38.71,61.29,41.93884197559346,-87.69298932553158
Rockwell/Irving Park Hub,151,372,523,28.87,71.13,41.954215799216065,-87.69317011038049
Roscoe & Harlem,15,7,22,68.18,31.82,41.94160770686364,-87.80728997290909
Rush St & Cedar St,4198,9004,13202,31.8,68.2,41.90231066708029,-87.62769901680842
Rush St & Hubbard St,2774,6392,9166,30.26,69.74,41.890175869763326,-87.6261859129129
Rush St & Illinois St,2467,3040,5507,44.8,55.2,41.8908716180207,-87.6258434343234
Rush St & Superior St,4118,9182,13300,30.96,69.04,41.89576119913085,-87.62592721722508
S Aberdeen St & W 106th St,8,0,8,100.0,0.0,41.701217,-87.649345
S Michigan Ave & E 118th St,26,1,27,96.3,3.7,41.67980724033333,-87.62082848637037
S Wentworth Ave & W 111th St,13,2,15,86.67,13.33,41.6926176,-87.6280518
SCOOTERS CLASSIC - 2132 W Hubbard ST,0,21,21,0.0,100.0,41.88996749470834,-87.6801560819149
STAFF & VISITORS @ West Chicago Warehouse,1,2,3,33.33,66.67,41.894966,-87.73105200000002
Sacramento Ave & 25th St,54,90,144,37.5,62.5,41.84655073215278,-87.70013052408333
Sacramento Ave & 51st St,26,17,43,60.47,39.53,41.80068010353488,-87.69895056676744
Sacramento Ave & Linden Pl,930,1471,2401,38.73,61.27,41.9257503257197,-87.70258173483256
Sacramento Ave & Lunt Ave,109,175,284,38.38,61.62,42.00819976402817,-87.70460997516197
Sacramento Ave & Lyndale St,489,1083,1572,31.11,68.89,41.92235151877036,-87.70241830274682
Sacramento Ave & Polk St,8,1,9,88.89,11.11,41.87096113877777,-87.70030749455556
Sacramento Ave & Pratt Blvd,98,196,294,33.33,66.67,42.00403970607823,-87.70473025805103
Sacramento Blvd & Addison St,368,560,928,39.66,60.34,41.9460902271347,-87.70298431055603
Sacramento Blvd & Franklin Blvd,112,141,253,44.27,55.73,41.89047056069872,-87.7026086668718
Sacramento Blvd & Fulton Ave,68,205,273,24.91,75.09,41.88652757365568,-87.70166957267155
Sacramento Blvd & Fulton St,102,104,206,49.51,50.49,41.886529909815536,-87.70165052936893
Sacramento Blvd & Polk St,29,12,41,70.73,29.27,41.87095911736585,-87.700258851
Sangamon St & Adams St,1135,3552,4687,24.22,75.78,41.879090458042384,-87.65128257820453
Sangamon St & Lake St,3021,7080,10101,29.91,70.09,41.88578120642725,-87.65102717998818
Sangamon St & Washington Blvd,2314,5167,7481,30.93,69.07,41.88315659315399,-87.65110114313968
Sawyer Ave & Fullerton Ave,354,710,1064,33.27,66.73,41.924475938010026,-87.70920006148528
Sawyer Ave & Irving Park Rd,403,1144,1547,26.05,73.95,41.95360105245831,-87.70930868970977
Sayre Ave & Diversey Ave,99,63,162,61.11,38.89,41.93098135022839,-87.80106074005556
Scottsdale Park,31,25,56,55.36,44.64,41.74196679025,-87.73616588242858
Sedgwick St & Chicago Ave,902,2302,3204,28.15,71.85,41.896769411855594,-87.63860159431148
Sedgwick St & Huron St,3059,10710,13769,22.22,77.78,41.89466187513555,-87.63842217529049
Sedgwick St & North Ave,4210,8877,13087,32.17,67.83,41.911003613603114,-87.63853398825117
Sedgwick St & Schiller St,1533,3282,4815,31.84,68.16,41.9076277562142,-87.63856050851007
Sedgwick St & Webster Ave,4013,8444,12457,32.21,67.79,41.9221686984678,-87.63889021907514
Seeley Ave & Garfield Blvd,36,56,92,39.13,60.87,41.794087283043474,-87.67547753851086
Seeley Ave & Roscoe St,1677,3414,5091,32.94,67.06,41.943402891856614,-87.67961872131174
Seminary Ave & Belden Ave,815,1666,2481,32.85,67.15,41.923388049195886,-87.65599139877953
Shabbona Park,129,43,172,75.0,25.0,41.9448,-87.79932
Shedd Aquarium,17071,3793,20864,81.82,18.18,41.86722712227176,-87.61536292069985
Sheffield Ave & Addison St,2371,2763,5134,46.18,53.82,41.94701633843728,-87.65441661210707
Sheffield Ave & Addison St ,3056,3811,6867,44.5,55.5,41.947014635399164,-87.65441477365852
Sheffield Ave & Armitage Ave Public Rack,973,1471,2444,39.81,60.19,41.91780866314198,-87.653444828259
Sheffield Ave & Fletcher St,934,1917,2851,32.76,67.24,41.939009495083134,-87.65321309720775
Sheffield Ave & Fullerton Ave,5090,11146,16236,31.35,68.65,41.92561636263723,-87.65365860756913
Sheffield Ave & Kingsbury St,3132,9814,12946,24.19,75.81,41.91052438897,-87.65310926423903
Sheffield Ave & School St,1153,1392,2545,45.3,54.7,41.94235917143615,-87.65426924925107
Sheffield Ave & Waveland Ave,5487,6621,12108,45.32,54.68,41.94939440034308,-87.65452663872934
Sheffield Ave & Webster Ave,3827,8302,12129,31.55,68.45,41.92154275115574,-87.65381808969725
Sheffield Ave & Wellington Ave,4301,8740,13041,32.98,67.02,41.93625404032815,-87.65266190895692
Sheffield Ave & Willow St,2205,6620,8825,24.99,75.01,41.91368984185065,-87.65285452125669
Sheffield Ave & Wrightwood Ave,5009,8792,13801,36.29,63.71,41.92871094189392,-87.65383315764431
Sheffield/Cornelia Corral,614,626,1240,49.52,50.48,41.94528917754436,-87.65422205275162
Sheffield/Newport Corral,1638,1418,3056,53.6,46.4,41.94460887953261,-87.65420276230519
Sheridan Rd & Argyle St,2446,5199,7645,31.99,68.01,41.97328395436084,-87.65475494182505
Sheridan Rd & Berwyn Ave,1110,2633,3743,29.66,70.34,41.97827942494763,-87.65528981048223
Sheridan Rd & Buena Ave,2887,6699,9586,30.12,69.88,41.95848286196787,-87.65504408884247
Sheridan Rd & Columbia Ave,848,2382,3230,26.25,73.75,42.00458280608142,-87.66140786031579
Sheridan Rd & Greenleaf Ave,656,1710,2366,27.73,72.27,42.0105867894317,-87.66241267521795
Sheridan Rd & Irving Park Rd,4493,9889,14382,31.24,68.76,41.954245002370186,-87.65440608423472
Sheridan Rd & Lawrence Ave,1472,3668,5140,28.64,71.36,41.96951581797128,-87.65469186807633
Sheridan Rd & Loyola Ave,1331,2658,3989,33.37,66.63,42.001044788987,-87.66119916509754
Sheridan Rd & Montrose Ave,3478,7927,11405,30.5,69.5,41.96166625784028,-87.65463896928821
Sheridan Rd & Noyes St (NU),3443,3694,7137,48.24,51.76,42.05823905792574,-87.67743345858779
Shields Ave & 28th Pl,507,1125,1632,31.07,68.93,41.84273479220772,-87.63549157939705
Shields Ave & 31st St,812,2222,3034,26.76,73.24,41.83846392242156,-87.63540600656296
Shields Ave & 43rd St,68,82,150,45.33,54.67,41.81620767856,-87.6348193497
Shields Ave & 57th St,9,3,12,75.0,25.0,41.79076066891667,-87.63450022075
Shore Dr & 53rd St,599,869,1468,40.8,59.2,41.79944939442916,-87.58237010730586
Shore Dr & 55th St,4494,7113,11607,38.72,61.28,41.79521201549969,-87.5807189970174
Smith Park,656,1290,1946,33.71,66.29,41.89204707215159,-87.68939747096815
South Boulevard CTA,1,3,4,25.0,75.0,42.0274991,-87.6781649
South Chicago Ave & 83rd St,35,25,60,58.33,41.67,41.74391999735,-87.57522496813334
South Chicago Ave & Elliot Ave,25,4,29,86.21,13.79,41.747363,-87.580046
South Shore Dr & 67th St,459,335,794,57.81,42.19,41.773643726940804,-87.5675115064786
South Shore Dr & 71st St,493,727,1220,40.41,59.59,41.76640948865033,-87.5656886838523
South Shore Dr & 74th St,187,302,489,38.24,61.76,41.76218993344487,-87.55927363981186
Southport Ave & Belmont Ave,3079,6702,9781,31.48,68.52,41.939476437224336,-87.66374783603207
Southport Ave & Clark St,1402,2518,3920,35.77,64.23,41.957081822428826,-87.66419954103068
Southport Ave & Clybourn Ave,1646,4352,5998,27.44,72.56,41.92081682024292,-87.66392781517389
Southport Ave & Diversey Pkwy,1122,1986,3108,36.1,63.9,41.93266050733097,-87.66347071254076
Southport Ave & Grace St,848,1928,2776,30.55,69.45,41.95155122259978,-87.66404169555042
Southport Ave & Irving Park Rd,2429,4448,6877,35.32,64.68,41.95417609098304,-87.66435567994624
Southport Ave & Newport Ave Public Rack,610,956,1566,38.95,61.05,41.94401842678544,-87.66397519518773
Southport Ave & Roscoe St,5007,10233,15240,32.85,67.15,41.943738395571195,-87.6640215139975
Southport Ave & Waveland Ave,5034,11831,16865,29.85,70.15,41.94822446000285,-87.6640706532035
Southport Ave & Wellington Ave,4335,7539,11874,36.51,63.49,41.93577405026763,-87.66359940508566
Southport Ave & Wrightwood Ave,2964,6122,9086,32.62,67.38,41.92877282280387,-87.66390912709882
Spaulding Ave & 16th St,77,43,120,64.17,35.83,41.85906773995,-87.70789515685001
Spaulding Ave & 63rd,34,15,49,69.39,30.61,41.77916740273469,-87.70563933069387
Spaulding Ave & Armitage Ave,1757,2923,4680,37.54,62.46,41.91710838632746,-87.71022270399173
Spaulding Ave & Division St,791,1308,2099,37.68,62.32,41.90270672313298,-87.70922023045499
Spaulding Ave & Milwaukee Ave,754,1636,2390,31.55,68.45,41.930888782450204,-87.7107215422318
Springfield Ave & 47th St,54,47,101,53.47,46.53,41.80807082376238,-87.721223790099
Springfield Ave & 71st St,25,18,43,58.14,41.86,41.764484,-87.720028
Springfield Ave & 80th St,33,4,37,89.19,10.81,41.747625985540544,-87.71945000635135
Springfield Ave & 81st PL,3,0,3,100.0,0.0,41.74501,-87.71906
Springfield Ave & North Ave,209,247,456,45.83,54.17,41.91015855532018,-87.72383165586623
St Clair St & Ohio St,2236,4008,6244,35.81,64.19,41.89237818657154,-87.62264975550497
St Louis Ave & 51st St,29,8,37,78.38,21.62,41.80095,-87.71104
St Louis Ave & 59th St,18,32,50,36.0,64.0,41.78589,-87.71057
St Louis Ave & Armitage Ave,177,241,418,42.34,57.66,41.91716668245455,-87.71357670232535
St Louis Ave & Foster Ave,131,678,809,16.19,83.81,41.97598418066008,-87.71598384842399
St Louis Ave & Norman Bobbins Pl,94,19,113,83.19,16.81,41.79439,-87.71132
St. Clair St & Erie St,2499,4601,7100,35.2,64.8,41.894350294447605,-87.62280563578808
St. Clair St & Erie St 1,1604,3093,4697,34.15,65.85,41.894399671310616,-87.62285891472663
St. Clair St & Erie St 2,2041,5336,7377,27.67,72.33,41.894450000000006,-87.62268000000002
St. Louis & 71st St,23,8,31,74.19,25.81,41.76435451851612,-87.71012002554839
St. Louis Ave & 59th St,31,13,44,70.45,29.55,41.78589,-87.71057
St. Louis Ave & 71st St,24,5,29,82.76,17.24,41.764354,-87.71012099999999
St. Louis Ave & Balmoral Ave,193,1122,1315,14.68,85.32,41.98039325838061,-87.71611561795666
St. Louis Ave & Fullerton Ave,900,1813,2713,33.17,66.83,41.92481780005675,-87.71449549286812
State St & 111th St,38,15,53,71.7,28.3,41.69251033081132,-87.62286905698114
State St & 123rd St,26,3,29,89.66,10.34,41.67064383687979,-87.62258648872375
State St & 127th St,29,0,29,100.0,0.0,41.66388,-87.622
State St & 19th St,947,1741,2688,35.23,64.77,41.85659287224851,-87.6275432580971
State St & 29th St,222,297,519,42.77,57.23,41.841711324281306,-87.6269027037341
State St & 33rd St,1016,2766,3782,26.86,73.14,41.83473385950475,-87.62581305537651
State St & 35th St,915,1463,2378,38.48,61.52,41.831036813041095,-87.62679928641349
State St & 45th St,102,66,168,60.71,39.29,41.81312967610119,-87.62585080753571
State St & 54th St,74,182,256,28.91,71.09,41.79664123475,-87.62592266935157
State St & 76th St,26,31,57,45.61,54.39,41.756971,-87.62462099999999
State St & 79th St,106,91,197,53.81,46.19,41.75079400658883,-87.62442436348732
State St & 95th St,273,73,346,78.9,21.1,41.721837872820814,-87.62285291958091
State St & Chicago Ave,7672,21637,29309,26.18,73.82,41.89661696387835,-87.62858027638502
State St & Harrison St,2846,4754,7600,37.45,62.55,41.874051037961976,-87.62771639439605
State St & Kinzie St,4835,9652,14487,33.37,66.63,41.88936839817566,-87.6270819669791
State St & Pearson St,2221,5589,7810,28.44,71.56,41.89744489906662,-87.62872529525403
State St & Pershing Rd,71,56,127,55.91,44.09,41.82301573976772,-87.62656853008266
State St & Randolph St,4678,7386,12064,38.78,61.22,41.88462186849376,-87.62784052152873
State St & Van Buren St,2820,4433,7253,38.88,61.12,41.87718089318287,-87.62784439724179
Stave St & Armitage Ave,1255,2558,3813,32.91,67.09,41.917740929488325,-87.69139400930011
Steelworkers Park,95,52,147,64.63,35.37,41.73793,-87.53091
Steelworkers Park (Updated),21,1,22,95.45,4.55,41.73794803522728,-87.53083317627272
Steelworkers Park Public Rack,21,3,24,87.5,12.5,41.737946924666666,-87.53083376920831
Stetson Ave & South Water St,3418,6870,10288,33.22,66.78,41.886833603708105,-87.62233192339801
Stewart Ave & 123rd St,96,1,97,98.97,1.03,41.6706,-87.63244
Stewart Ave & 63rd St,33,27,60,55.0,45.0,41.779835,-87.63477399999998
Stewart Ave & 83rd St,18,30,48,37.5,62.5,41.743717,-87.634088
Stockton Dr & Wrightwood Ave,4340,8075,12415,34.96,65.04,41.93131985387759,-87.63874001714375
Stony Island Ave & 57th St,173,324,497,34.81,65.19,41.791610057090544,-87.58748003947485
Stony Island Ave & 63rd St,445,351,796,55.9,44.1,41.78050845835302,-87.58684241468092
Stony Island Ave & 64th St,153,140,293,52.22,47.78,41.77888118945734,-87.58664957203071
Stony Island Ave & 67th St,201,122,323,62.23,37.77,41.77345857922031,-87.58533914795882
Stony Island Ave & 71st St,136,182,318,42.77,57.23,41.7664934136,-87.58646073845912
Stony Island Ave & 75th St,95,145,240,39.58,60.42,41.75866992352,-87.58688301005833
Stony Island Ave & 82nd St,36,20,56,64.29,35.71,41.746559,-87.586005
Stony Island Ave & 90th St,26,26,52,50.0,50.0,41.731393092181165,-87.58574120356644
Stony Island Ave & South Chicago Ave,20,18,38,52.63,47.37,41.751173,-87.585337
Summit Ave & 86th St,6,4,10,60.0,40.0,41.73784847673341,-87.64489978551863
Talman Ave & Addison St,1023,2149,3172,32.25,67.75,41.946636061607755,-87.69461499819484
The Salt Shed,2055,2359,4414,46.56,53.44,41.906890156124604,-87.65978050748754
Theater on the Lake,16192,12245,28437,56.94,43.06,41.92627665966948,-87.63083501878734
Theater on the Lake Overflow Corral,211,62,273,77.29,22.71,41.92621,-87.63109
Theater on the Lake Public Rack - East,72,23,95,75.79,24.21,41.9269768,-87.6301854
Theater on the Lake Public Rack - North ,15,7,22,68.18,31.82,41.9275216,-87.6307031
Theater on the Lake Public Rack - South,9,7,16,56.25,43.75,41.9265258,-87.6306173
Throop St & 52nd St,51,15,66,77.27,22.73,41.799659,-87.657195
Throop St & 99th St,35,11,46,76.09,23.91,41.71414,-87.6547
Throop St & Taylor St,1545,3662,5207,29.67,70.33,41.86896301156079,-87.65913987583657
Torrence Ave & 106th St,19,6,25,76.0,24.0,41.70280085022591,-87.55972623825073
Torrence Ave & 126th Pl,52,1,53,98.11,1.89,41.66631200825726,-87.55721569061278
Tripp Ave & 15th St,38,75,113,33.63,66.37,41.86077053990266,-87.73135991908849
Tripp Ave & 31st St,31,22,53,58.49,41.51,41.83696777535849,-87.7305011162264
Tripp Ave & 65th St,87,39,126,69.05,30.95,41.77490989465079,-87.72882838592064
Troy Ave & 27th St,23,7,30,76.67,23.33,41.84265148006667,-87.70400727836666
Troy St & 27th St,18,14,32,56.25,43.75,41.84266,-87.70405
Troy St & Elston Ave,640,1680,2320,27.59,72.41,41.94524319026885,-87.70665000020479
Troy St & Grace St,269,574,843,31.91,68.09,41.95024248892645,-87.7064018912159
Troy St & Jackson Blvd,26,68,94,27.66,72.34,41.877506315882975,-87.70484906656382
Troy St & North Ave,1048,1249,2297,45.62,54.38,41.90977088439692,-87.7052832394017
Union Ave & Root St,109,91,200,54.5,45.5,41.819102419265,-87.64327838625
University Ave & 57th St,5169,16241,21410,24.14,75.86,41.79147793225394,-87.59986220485338
University Ave & 59th St,1589,4869,6458,24.61,75.39,41.78787782494456,-87.59890737342785
University Ave & 65th St,354,396,750,47.2,52.8,41.77694002276267,-87.59842011231333
University Library (NU),1117,1407,2524,44.26,55.74,42.052938931473456,-87.67344424515531
Valli Produce - Evanston Plaza,338,392,730,46.3,53.7,42.03974160783835,-87.69941300148767
Vernon Ave & 107th St,33,49,82,40.24,59.76,41.70012223579694,-87.61226074869914
Vernon Ave & 75th St,28,263,291,9.62,90.38,41.75836104106529,-87.61413778751204
Vernon Ave & 79th St,35,90,125,28.0,72.0,41.750939687592,-87.613790235168
Vincennes Ave & 104th St,61,40,101,60.4,39.6,41.70492580285907,-87.65687034840872
Vincennes Ave & 107th St,68,28,96,70.83,29.17,41.69921953125,-87.65869008915627
Vincennes Ave & 75th St,23,12,35,65.71,34.29,41.75797,-87.63121
Vincennes Ave & 79th St,40,68,108,37.04,62.96,41.75059947644444,-87.63409239312962
Vincennes Ave & 95th St,40,84,124,32.26,67.74,41.721260138048386,-87.65004989941129
Virginia Ave & Catalpa Ave,111,249,360,30.83,69.17,41.981242296505556,-87.70492220981944
W 103rd St & S Avers Ave,37,29,66,56.06,43.94,41.705845918,-87.71707339728788
W Armitage Ave & N Sheffield Ave,754,1359,2113,35.68,64.32,41.91780914037151,-87.65344462987412
W Washington Blvd & N Peoria St,205,559,764,26.83,73.17,41.88305230488612,-87.64993862680235
Wabash Ave & 16th St,2551,5772,8323,30.65,69.35,41.860384757939094,-87.6258127117194
Wabash Ave & 49th St,66,30,96,68.75,31.25,41.80581081034375,-87.62449986415625
Wabash Ave & 59th St,98,16,114,85.96,14.04,41.78691385426082,-87.62400067616366
Wabash Ave & 83rd St,6,42,48,12.5,87.5,41.74335930366463,-87.62284444768939
Wabash Ave & 87th St,70,82,152,46.05,53.95,41.73655416991857,-87.62264458423302
Wabash Ave & 9th St,4335,8226,12561,34.51,65.49,41.8707673089778,-87.62573644031828
Wabash Ave & Adams St,2823,5008,7831,36.05,63.95,41.879472799811225,-87.62569082316419
Wabash Ave & Cermak Rd,1586,1831,3417,46.41,53.59,41.85261860167398,-87.62649079957272
Wabash Ave & Grand Ave,8621,13297,21918,39.33,60.67,41.89146503461456,-87.62676129550717
Wabash Ave & Jackson Blvd,1637,2849,4486,36.49,63.51,41.878009782094075,-87.62599410336513
Wabash Ave & Roosevelt Rd,5871,12233,18104,32.43,67.57,41.86722580388345,-87.62596129123382
Wabash Ave & Wacker Pl,2607,2845,5452,47.82,52.18,41.88687244888152,-87.62603111429274
Wabash Ave & Washington St,3772,6607,10379,36.34,63.66,41.883200347224296,-87.62661971633877
Wacker Dr & Randolph St,1510,4281,5791,26.07,73.93,41.88453621344137,-87.63731975637144
Wacker Dr & Washington St,1777,6758,8535,20.82,79.18,41.883145664398235,-87.6372427903054
Wacker Dr & Washington St Corral,332,1248,1580,21.01,78.99,41.883164003346835,-87.6373625219943
Walden Pkwy & 100th St,156,70,226,69.03,30.97,41.71216699733792,-87.6677334936328
Wallace St & 28th St,285,546,831,34.3,65.7,41.84351145084115,-87.64189915397955
Wallace St & 35th St,596,711,1307,45.6,54.4,41.83070576632417,-87.64125627523288
Wallace St & Pershing Rd,83,108,191,43.46,56.54,41.82357670726702,-87.64056397103666
Walsh Park,2061,3311,5372,38.37,61.63,41.91460823770142,-87.66796825155045
Warren Park East,311,514,825,37.7,62.3,42.00454962064618,-87.68066547988303
Warren Park West,286,783,1069,26.75,73.25,42.001785134005615,-87.68882884978392
Washington Blvd & Peoria St Public Rack,140,292,432,32.41,67.59,41.88305281376389,-87.64993723511806
Washington/Green (Green Side) Corral,51,52,103,49.51,50.49,41.88330647699029,-87.64866079190293
Washington/Green (Washington Side) Corral,20,43,63,31.75,68.25,41.883197712634924,-87.64877247323808
Washtenaw Ave & Lawrence Ave,697,2125,2822,24.7,75.3,41.96873180097307,-87.69625910169349
Washtenaw Ave & Ogden Ave,205,402,607,33.77,66.23,41.86193070772844,-87.69345301654788
Washtenaw Ave & Peterson Ave,77,200,277,27.8,72.2,41.990695011783394,-87.6970610875054
Washtenaw Ave & Polk St,335,187,522,64.18,35.82,41.87111975497701,-87.69372249807279
Waveland/Racine Corral,1272,1050,2322,54.78,45.22,41.948823115565745,-87.65928067798723
Waveland/Wilton Corral,144,139,283,50.88,49.12,41.948917143358074,-87.65316127023205
Wellington Ave & Mulligan Ave,49,27,76,64.47,35.53,41.93472953640789,-87.7843580745
Wells St & 19th St,1195,601,1796,66.54,33.46,41.85680202550835,-87.63387860083296
Wells St & Concord Ln,9581,19675,29256,32.75,67.25,41.91213083213842,-87.63465757085363
Wells St & Elm St,8155,19651,27806,29.33,70.67,41.903219861156536,-87.63433918032594
Wells St & Evergreen Ave,5707,10294,16001,35.67,64.33,41.906724293183856,-87.63484403522158
Wells St & Hubbard St,7722,16868,24590,31.4,68.6,41.88990845624468,-87.63426846092676
Wells St & Huron St,7593,18132,25725,29.52,70.48,41.89479079325258,-87.63437977167523
Wells St & Institute Pl,2471,5901,8372,29.52,70.48,41.89736631003096,-87.63444993652936
Wells St & Madison St,1668,3616,5284,31.57,68.43,41.88199011500366,-87.63417727982431
Wells St & Ohio St,1361,2281,3642,37.37,62.63,41.89281319324263,-87.63420837506726
Wells St & Polk St,3802,7931,11733,32.4,67.6,41.87273387684217,-87.63352384973619
Wells St & Randolph St,3538,7700,11238,31.48,68.52,41.88429193606125,-87.63396107228341
Wells St & Randolph St Corral,204,530,734,27.79,72.21,41.8843707125109,-87.63396010121117
Wells St & Walton St,4213,10198,14411,29.23,70.77,41.899932433860265,-87.63443017726736
Wells St & Washington St,1415,3140,4555,31.06,68.94,41.88300119358792,-87.63395503294534
Wentworth Ave & 104th St,12,3,15,80.0,20.0,41.705315814664985,-87.629190397248
Wentworth Ave & 107th St,48,9,57,84.21,15.79,41.69989,-87.62785
Wentworth Ave & 111th St,19,10,29,65.52,34.48,41.69259,-87.62825
Wentworth Ave & 24th St,968,891,1859,52.07,47.93,41.85008372905988,-87.63214074385367
Wentworth Ave & 33rd St,801,1232,2033,39.4,60.6,41.83453029492713,-87.63182314657895
Wentworth Ave & 35th St,1303,1219,2522,51.67,48.33,41.83077735826725,-87.6325039201574
Wentworth Ave & 63rd St,127,67,194,65.46,34.54,41.78007981161465,-87.6297466341402
Wentworth Ave & 92nd St,29,50,79,36.71,63.29,41.72714052750633,-87.62886016141773
Wentworth Ave & Cermak Rd*,3347,3028,6375,52.5,47.5,41.85321368544159,-87.63187202840746
Western Ave & 101st St,88,16,104,84.62,15.38,41.71010992844231,-87.68198015258653
Western Ave & 104th St,54,22,76,71.05,28.95,41.70458710218908,-87.68120348453522
Western Ave & 111th St,69,17,86,80.23,19.77,41.691211554446824,-87.68129643382106
Western Ave & 21st St,407,901,1308,31.12,68.88,41.854108138652144,-87.6858380741315
Western Ave & 24th St,386,462,848,45.52,54.48,41.84846950541037,-87.6851098976875
Western Ave & 28th St,74,112,186,39.78,60.22,41.841517488010105,-87.6851324547129
Western Ave & 43rd St,91,152,243,37.45,62.55,41.815740202432096,-87.68489163167901
Western Ave & 62nd St,23,21,44,52.27,47.73,41.78098127054545,-87.68339605088637
Western Ave & 79th St,58,38,96,60.42,39.58,41.750843,-87.682701
Western Ave & 81st St,15,18,33,45.45,54.55,41.746424756909086,-87.68312025433332
Western Ave & Ardmore Ave,158,295,453,34.88,65.12,41.986688097947024,-87.68977433319867
Western Ave & Berteau Ave,458,1361,1819,25.18,74.82,41.957739232030605,-87.68827436697416
Western Ave & Congress Pkwy,734,1411,2145,34.22,65.78,41.87474561753218,-87.6864438229653
Western Ave & Division St,1671,2832,4503,37.11,62.89,41.90289389596247,-87.6872794962807
Western Ave & Fillmore St,439,1801,2240,19.6,80.4,41.86856442332679,-87.68623417077322
Western Ave & Grace St,538,1348,1886,28.53,71.47,41.95035210863627,-87.68808234032078
Western Ave & Granville Ave,423,1119,1542,27.43,72.57,41.99416127041907,-87.68943850259144
Western Ave & Gunnison St,321,1033,1354,23.71,76.29,41.96966058005367,-87.68953010109011
Western Ave & Howard St,406,671,1077,37.7,62.3,42.01890112887929,-87.69004813543734
Western Ave & Lake St,276,271,547,50.46,49.54,41.88478420372578,-87.68657180193966
Western Ave & Leland Ave,1646,4281,5927,27.77,72.23,41.96572000751999,-87.68844047170592
Western Ave & Lunt Ave,197,1180,1377,14.31,85.69,42.00859438341147,-87.69049176470604
Western Ave & Lyndale St,519,1057,1576,32.93,67.07,41.92260071688811,-87.6877187956362
Western Ave & Monroe St,411,737,1148,35.8,64.2,41.881426929537454,-87.68663027168564
Western Ave & Roscoe St,972,2102,3074,31.62,68.38,41.943034565903275,-87.68728848381457
Western Ave & Wabansia Ave,772,1572,2344,32.94,67.06,41.91208041956528,-87.68752222406059
Western Ave & Walton St,1776,3452,5228,33.97,66.03,41.898418816309075,-87.68659568288824
Western Ave & Winnebago Ave,2162,4459,6621,32.65,67.35,41.91552132127202,-87.68702390941384
Western Blvd & 48th Pl,267,252,519,51.45,48.55,41.80566131868401,-87.68339181073603
Whipple St & Irving Park Rd,121,226,347,34.87,65.13,41.95421925185591,-87.70443961929683
Whipple St & Roosevelt Rd,53,41,94,56.38,43.62,41.86655226044681,-87.70155128714893
Whipple/Irving Park,151,298,449,33.63,66.37,41.95418873269933,-87.70444718192205
Wilton Ave & Addison St,2421,3686,6107,39.64,60.36,41.94745938584592,-87.65321421316663
Wilton Ave & Belmont Ave,6478,13101,19579,33.09,66.91,41.94022942207729,-87.65294429903251
Wilton Ave & Diversey Pkwy,4393,10078,14471,30.36,69.64,41.932417906576326,-87.652705007435
Wilton Ave & Diversey Pkwy*,653,1749,2402,27.19,72.81,41.93241794046794,-87.65270504400166
Winchester (Ravenswood) Ave & Balmoral Ave,539,1539,2078,25.94,74.06,41.979762466724736,-87.67753110631473
Winchester Ave & Elston Ave,1001,1915,2916,34.33,65.67,41.92408897487292,-87.67645880956272
Winthrop Ave & Bryn Mawr Ave,452,626,1078,41.93,58.07,41.98384194627087,-87.658059862859
Winthrop Ave & Lawrence Ave,1754,3471,5225,33.57,66.43,41.96881462511541,-87.65765918424268
Winthrop Ave & Sheridan Rd,265,324,589,44.99,55.01,41.9981402891528,-87.65884984847709
Wolcott (Ravenswood) Ave & Montrose Ave,1808,4008,5816,31.09,68.91,41.961406785219566,-87.67617081276221
Wolcott Ave & Fargo Ave,123,489,612,20.1,79.9,42.01697595088725,-87.67772481356208
Wolcott Ave & Polk St,1360,6706,8066,16.86,83.14,41.87126293451872,-87.6736883202921
Wood St & 33rd St,122,106,228,53.51,46.49,41.8342704188114,-87.67059954608771
Wood St & 35th St,207,525,732,28.28,71.72,41.830105223965795,-87.67030121996912
Wood St & 84th St,35,14,49,71.43,28.57,41.74119222279592,-87.66812277928571
Wood St & Augusta Blvd,1488,4974,6462,23.03,76.97,41.89917995362411,-87.67220042163386
Wood St & Beach Ave,2788,6356,9144,30.49,69.51,41.90765455034131,-87.67255206022287
Wood St & Chicago Ave,1791,5638,7429,24.11,75.89,41.895633809678564,-87.67207075179543
Wood St & Cortland St,816,1588,2404,33.94,66.06,41.91588760697906,-87.67280867044842
Wood St & Hubbard St,1123,3031,4154,27.03,72.97,41.88970993574362,-87.6719663697944
Wood St & Milwaukee Ave,1784,3397,5181,34.43,65.57,41.90673626830052,-87.67185182935938
Wood St & Taylor St (Temp),803,4559,5362,14.98,85.02,41.869267378619,-87.67373199339106
Wood St & Walnut St,403,548,951,42.38,57.62,41.88567412601364,-87.67181869667468
Wood St & Webster Ave,838,2344,3182,26.34,73.66,41.92105570878094,-87.67279752423792
Woodlawn & 103rd,38,2,40,95.0,5.0,41.70734116675,-87.59399292500001
Woodlawn Ave & 103rd St,7,1,8,87.5,12.5,41.707382927625,-87.594041792625
Woodlawn Ave & 55th St,2875,6143,9018,31.88,68.12,41.795264740249834,-87.59647144612342
Woodlawn Ave & 58th St,2323,6291,8614,26.97,73.03,41.789381213035945,-87.59647907528124
Woodlawn Ave & 75th St,16,18,34,47.06,52.94,41.75915981541177,-87.59585055658825
Woodlawn Ave & Lake Park Ave,487,546,1033,47.14,52.86,41.81409266755097,-87.59700508898094
Yates Ave & 95th St,5,11,16,31.25,68.75,41.72237,-87.56478
Yates Blvd & 75th St,57,83,140,40.71,59.29,41.75876533635,-87.5664400206
Yates Blvd & 93rd St,36,33,69,52.17,47.83,41.7261667368467,-87.5662789724864
[Archived] Wilton Ave & Diversey Pkwy,27,146,173,15.61,84.39,41.9324194647052,-87.65270605046243