month_start,year_month,day_of_week,day_num,start_hour,is_weekend,member_casual,total_rides,week_part
2025-08-01,2025-08,Monday,0,0,False,casual,511,Weekday
2025-08-01,2025-08,Monday,0,0,False,member,341,Weekday
2025-08-01,2025-08,Monday,0,1,False,casual,383,Weekday
2025-08-01,2025-08,Monday,0,1,False,member,195,Weekday
2025-08-01,2025-08,Monday,0,2,False,casual,234,Weekday
2025-08-01,2025-08,Monday,0,2,False,member,104,Weekday
2025-08-01,2025-08,Monday,0,3,False,casual,130,Weekday
2025-08-01,2025-08,Monday,0,3,False,member,75,Weekday
2025-08-01,2025-08,Monday,0,4,False,casual,125,Weekday
2025-08-01,2025-08,Monday,0,4,False,member,135,Weekday
2025-08-01,2025-08,Monday,0,5,False,casual,213,Weekday
2025-08-01,2025-08,Monday,0,5,False,member,629,Weekday
2025-08-01,2025-08,Monday,0,6,False,casual,546,Weekday
2025-08-01,2025-08,Monday,0,6,False,member,2015,Weekday
2025-08-01,2025-08,Monday,0,7,False,casual,864,Weekday
2025-08-01,2025-08,Monday,0,7,False,member,3923,Weekday
2025-08-01,2025-08,Monday,0,8,False,casual,1183,Weekday
2025-08-01,2025-08,Monday,0,8,False,member,4537,Weekday
2025-08-01,2025-08,Monday,0,9,False,casual,981,Weekday
2025-08-01,2025-08,Monday,0,9,False,member,2391,Weekday
2025-08-01,2025-08,Monday,0,10,False,casual,946,Weekday
2025-08-01,2025-08,Monday,0,10,False,member,1550,Weekday
2025-08-01,2025-08,Monday,0,11,False,casual,1361,Weekday
2025-08-01,2025-08,Monday,0,11,False,member,2082,Weekday
2025-08-01,2025-08,Monday,0,12,False,casual,1652,Weekday
2025-08-01,2025-08,Monday,0,12,False,member,2505,Weekday
2025-08-01,2025-08,Monday,0,13,False,casual,1793,Weekday
2025-08-01,2025-08,Monday,0,13,False,member,2341,Weekday
2025-08-01,2025-08,Monday,0,14,False,casual,1915,Weekday
2025-08-01,2025-08,Monday,0,14,False,member,2358,Weekday
2025-08-01,2025-08,Monday,0,15,False,casual,2003,Weekday
2025-08-01,2025-08,Monday,0,15,False,member,3323,Weekday
2025-08-01,2025-08,Monday,0,16,False,casual,2679,Weekday
2025-08-01,2025-08,Monday,0,16,False,member,5523,Weekday
2025-08-01,2025-08,Monday,0,17,False,casual,3345,Weekday
2025-08-01,2025-08,Monday,0,17,False,member,7231,Weekday
2025-08-01,2025-08,Monday,0,18,False,casual,2477,Weekday
2025-08-01,2025-08,Monday,0,18,False,member,4568,Weekday
2025-08-01,2025-08,Monday,0,19,False,casual,1883,Weekday
2025-08-01,2025-08,Monday,0,19,False,member,3293,Weekday
2025-08-01,2025-08,Monday,0,20,False,casual,1248,Weekday
2025-08-01,2025-08,Monday,0,20,False,member,2306,Weekday
2025-08-01,2025-08,Monday,0,21,False,casual,825,Weekday
2025-08-01,2025-08,Monday,0,21,False,member,1313,Weekday
2025-08-01,2025-08,Monday,0,22,False,casual,542,Weekday
2025-08-01,2025-08,Monday,0,22,False,member,656,Weekday
2025-08-01,2025-08,Monday,0,23,False,casual,289,Weekday
2025-08-01,2025-08,Monday,0,23,False,member,349,Weekday
2025-08-01,2025-08,Tuesday,1,0,False,casual,299,Weekday
2025-08-01,2025-08,Tuesday,1,0,False,member,190,Weekday
2025-08-01,2025-08,Tuesday,1,1,False,casual,177,Weekday
2025-08-01,2025-08,Tuesday,1,1,False,member,112,Weekday
2025-08-01,2025-08,Tuesday,1,2,False,casual,130,Weekday
2025-08-01,2025-08,Tuesday,1,2,False,member,65,Weekday
2025-08-01,2025-08,Tuesday,1,3,False,casual,70,Weekday
2025-08-01,2025-08,Tuesday,1,3,False,member,65,Weekday
2025-08-01,2025-08,Tuesday,1,4,False,casual,66,Weekday
2025-08-01,2025-08,Tuesday,1,4,False,member,128,Weekday
2025-08-01,2025-08,Tuesday,1,5,False,casual,190,Weekday
2025-08-01,2025-08,Tuesday,1,5,False,member,710,Weekday
2025-08-01,2025-08,Tuesday,1,6,False,casual,571,Weekday
2025-08-01,2025-08,Tuesday,1,6,False,member,2315,Weekday
2025-08-01,2025-08,Tuesday,1,7,False,casual,976,Weekday
2025-08-01,2025-08,Tuesday,1,7,False,member,4595,Weekday
2025-08-01,2025-08,Tuesday,1,8,False,casual,1280,Weekday
2025-08-01,2025-08,Tuesday,1,8,False,member,5505,Weekday
2025-08-01,2025-08,Tuesday,1,9,False,casual,944,Weekday
2025-08-01,2025-08,Tuesday,1,9,False,member,2617,Weekday
2025-08-01,2025-08,Tuesday,1,10,False,casual,1022,Weekday
2025-08-01,2025-08,Tuesday,1,10,False,member,1805,Weekday
2025-08-01,2025-08,Tuesday,1,11,False,casual,1256,Weekday
2025-08-01,2025-08,Tuesday,1,11,False,member,2235,Weekday
2025-08-01,2025-08,Tuesday,1,12,False,casual,1451,Weekday
2025-08-01,2025-08,Tuesday,1,12,False,member,2542,Weekday
2025-08-01,2025-08,Tuesday,1,13,False,casual,1507,Weekday
2025-08-01,2025-08,Tuesday,1,13,False,member,2350,Weekday
2025-08-01,2025-08,Tuesday,1,14,False,casual,1465,Weekday
2025-08-01,2025-08,Tuesday,1,14,False,member,2187,Weekday
2025-08-01,2025-08,Tuesday,1,15,False,casual,1705,Weekday
2025-08-01,2025-08,Tuesday,1,15,False,member,3176,Weekday
2025-08-01,2025-08,Tuesday,1,16,False,casual,2234,Weekday
2025-08-01,2025-08,Tuesday,1,16,False,member,5530,Weekday
2025-08-01,2025-08,Tuesday,1,17,False,casual,3006,Weekday
2025-08-01,2025-08,Tuesday,1,17,False,member,6843,Weekday
2025-08-01,2025-08,Tuesday,1,18,False,casual,2725,Weekday
2025-08-01,2025-08,Tuesday,1,18,False,member,5377,Weekday
2025-08-01,2025-08,Tuesday,1,19,False,casual,2142,Weekday
2025-08-01,2025-08,Tuesday,1,19,False,member,3939,Weekday
2025-08-01,2025-08,Tuesday,1,20,False,casual,1547,Weekday
2025-08-01,2025-08,Tuesday,1,20,False,member,2789,Weekday
2025-08-01,2025-08,Tuesday,1,21,False,casual,1525,Weekday
2025-08-01,2025-08,Tuesday,1,21,False,member,2133,Weekday
2025-08-01,2025-08,Tuesday,1,22,False,casual,1024,Weekday
2025-08-01,2025-08,Tuesday,1,22,False,member,1355,Weekday
2025-08-01,2025-08,Tuesday,1,23,False,casual,521,Weekday
2025-08-01,2025-08,Tuesday,1,23,False,member,622,Weekday
2025-08-01,2025-08,Wednesday,2,0,False,casual,332,Weekday
2025-08-01,2025-08,Wednesday,2,0,False,member,346,Weekday
2025-08-01,2025-08,Wednesday,2,1,False,casual,221,Weekday
2025-08-01,2025-08,Wednesday,2,1,False,member,168,Weekday
2025-08-01,2025-08,Wednesday,2,2,False,casual,132,Weekday
2025-08-01,2025-08,Wednesday,2,2,False,member,85,Weekday
2025-08-01,2025-08,Wednesday,2,3,False,casual,76,Weekday
2025-08-01,2025-08,Wednesday,2,3,False,member,65,Weekday
2025-08-01,2025-08,Wednesday,2,4,False,casual,102,Weekday
2025-08-01,2025-08,Wednesday,2,4,False,member,108,Weekday
2025-08-01,2025-08,Wednesday,2,5,False,casual,254,Weekday
2025-08-01,2025-08,Wednesday,2,5,False,member,733,Weekday
2025-08-01,2025-08,Wednesday,2,6,False,casual,590,Weekday
2025-08-01,2025-08,Wednesday,2,6,False,member,2366,Weekday
2025-08-01,2025-08,Wednesday,2,7,False,casual,1135,Weekday
2025-08-01,2025-08,Wednesday,2,7,False,member,4806,Weekday
2025-08-01,2025-08,Wednesday,2,8,False,casual,1483,Weekday
2025-08-01,2025-08,Wednesday,2,8,False,member,5680,Weekday
2025-08-01,2025-08,Wednesday,2,9,False,casual,1062,Weekday
2025-08-01,2025-08,Wednesday,2,9,False,member,2831,Weekday
2025-08-01,2025-08,Wednesday,2,10,False,casual,1066,Weekday
2025-08-01,2025-08,Wednesday,2,10,False,member,1905,Weekday
2025-08-01,2025-08,Wednesday,2,11,False,casual,1340,Weekday
2025-08-01,2025-08,Wednesday,2,11,False,member,2254,Weekday
2025-08-01,2025-08,Wednesday,2,12,False,casual,1594,Weekday
2025-08-01,2025-08,Wednesday,2,12,False,member,2684,Weekday
2025-08-01,2025-08,Wednesday,2,13,False,casual,1565,Weekday
2025-08-01,2025-08,Wednesday,2,13,False,member,2523,Weekday
2025-08-01,2025-08,Wednesday,2,14,False,casual,1722,Weekday
2025-08-01,2025-08,Wednesday,2,14,False,member,2599,Weekday
2025-08-01,2025-08,Wednesday,2,15,False,casual,2190,Weekday
2025-08-01,2025-08,Wednesday,2,15,False,member,3769,Weekday
2025-08-01,2025-08,Wednesday,2,16,False,casual,2949,Weekday
2025-08-01,2025-08,Wednesday,2,16,False,member,6610,Weekday
2025-08-01,2025-08,Wednesday,2,17,False,casual,4158,Weekday
2025-08-01,2025-08,Wednesday,2,17,False,member,8490,Weekday
2025-08-01,2025-08,Wednesday,2,18,False,casual,3681,Weekday
2025-08-01,2025-08,Wednesday,2,18,False,member,6398,Weekday
2025-08-01,2025-08,Wednesday,2,19,False,casual,3043,Weekday
2025-08-01,2025-08,Wednesday,2,19,False,member,4615,Weekday
2025-08-01,2025-08,Wednesday,2,20,False,casual,2201,Weekday
2025-08-01,2025-08,Wednesday,2,20,False,member,3291,Weekday
2025-08-01,2025-08,Wednesday,2,21,False,casual,2110,Weekday
2025-08-01,2025-08,Wednesday,2,21,False,member,2573,Weekday
2025-08-01,2025-08,Wednesday,2,22,False,casual,1380,Weekday
2025-08-01,2025-08,Wednesday,2,22,False,member,1631,Weekday
2025-08-01,2025-08,Wednesday,2,23,False,casual,739,Weekday
2025-08-01,2025-08,Wednesday,2,23,False,member,844,Weekday
2025-08-01,2025-08,Thursday,3,0,False,casual,484,Weekday
2025-08-01,2025-08,Thursday,3,0,False,member,358,Weekday
2025-08-01,2025-08,Thursday,3,1,False,casual,271,Weekday
2025-08-01,2025-08,Thursday,3,1,False,member,186,Weekday
2025-08-01,2025-08,Thursday,3,2,False,casual,159,Weekday
2025-08-01,2025-08,Thursday,3,2,False,member,118,Weekday
2025-08-01,2025-08,Thursday,3,3,False,casual,98,Weekday
2025-08-01,2025-08,Thursday,3,3,False,member,61,Weekday
2025-08-01,2025-08,Thursday,3,4,False,casual,102,Weekday
2025-08-01,2025-08,Thursday,3,4,False,member,138,Weekday
2025-08-01,2025-08,Thursday,3,5,False,casual,244,Weekday
2025-08-01,2025-08,Thursday,3,5,False,member,572,Weekday
2025-08-01,2025-08,Thursday,3,6,False,casual,549,Weekday
2025-08-01,2025-08,Thursday,3,6,False,member,2098,Weekday
2025-08-01,2025-08,Thursday,3,7,False,casual,1032,Weekday
2025-08-01,2025-08,Thursday,3,7,False,member,4308,Weekday
2025-08-01,2025-08,Thursday,3,8,False,casual,1384,Weekday
2025-08-01,2025-08,Thursday,3,8,False,member,5441,Weekday
2025-08-01,2025-08,Thursday,3,9,False,casual,1077,Weekday
2025-08-01,2025-08,Thursday,3,9,False,member,2846,Weekday
2025-08-01,2025-08,Thursday,3,10,False,casual,1265,Weekday
2025-08-01,2025-08,Thursday,3,10,False,member,2043,Weekday
2025-08-01,2025-08,Thursday,3,11,False,casual,1520,Weekday
2025-08-01,2025-08,Thursday,3,11,False,member,2408,Weekday
2025-08-01,2025-08,Thursday,3,12,False,casual,1903,Weekday
2025-08-01,2025-08,Thursday,3,12,False,member,2820,Weekday
2025-08-01,2025-08,Thursday,3,13,False,casual,1861,Weekday
2025-08-01,2025-08,Thursday,3,13,False,member,2504,Weekday
2025-08-01,2025-08,Thursday,3,14,False,casual,2034,Weekday
2025-08-01,2025-08,Thursday,3,14,False,member,2625,Weekday
2025-08-01,2025-08,Thursday,3,15,False,casual,2543,Weekday
2025-08-01,2025-08,Thursday,3,15,False,member,3741,Weekday
2025-08-01,2025-08,Thursday,3,16,False,casual,3231,Weekday
2025-08-01,2025-08,Thursday,3,16,False,member,6562,Weekday
2025-08-01,2025-08,Thursday,3,17,False,casual,4182,Weekday
2025-08-01,2025-08,Thursday,3,17,False,member,8071,Weekday
2025-08-01,2025-08,Thursday,3,18,False,casual,3955,Weekday
2025-08-01,2025-08,Thursday,3,18,False,member,6223,Weekday
2025-08-01,2025-08,Thursday,3,19,False,casual,2980,Weekday
2025-08-01,2025-08,Thursday,3,19,False,member,4605,Weekday
2025-08-01,2025-08,Thursday,3,20,False,casual,2133,Weekday
2025-08-01,2025-08,Thursday,3,20,False,member,3224,Weekday
2025-08-01,2025-08,Thursday,3,21,False,casual,1655,Weekday
2025-08-01,2025-08,Thursday,3,21,False,member,2340,Weekday
2025-08-01,2025-08,Thursday,3,22,False,casual,1315,Weekday
2025-08-01,2025-08,Thursday,3,22,False,member,1713,Weekday
2025-08-01,2025-08,Thursday,3,23,False,casual,1346,Weekday
2025-08-01,2025-08,Thursday,3,23,False,member,1145,Weekday
2025-08-01,2025-08,Friday,4,0,False,casual,1035,Weekday
2025-08-01,2025-08,Friday,4,0,False,member,752,Weekday
2025-08-01,2025-08,Friday,4,1,False,casual,614,Weekday
2025-08-01,2025-08,Friday,4,1,False,member,446,Weekday
2025-08-01,2025-08,Friday,4,2,False,casual,369,Weekday
2025-08-01,2025-08,Friday,4,2,False,member,271,Weekday
2025-08-01,2025-08,Friday,4,3,False,casual,218,Weekday
2025-08-01,2025-08,Friday,4,3,False,member,162,Weekday
2025-08-01,2025-08,Friday,4,4,False,casual,180,Weekday
2025-08-01,2025-08,Friday,4,4,False,member,219,Weekday
2025-08-01,2025-08,Friday,4,5,False,casual,398,Weekday
2025-08-01,2025-08,Friday,4,5,False,member,818,Weekday
2025-08-01,2025-08,Friday,4,6,False,casual,774,Weekday
2025-08-01,2025-08,Friday,4,6,False,member,2278,Weekday
2025-08-01,2025-08,Friday,4,7,False,casual,1330,Weekday
2025-08-01,2025-08,Friday,4,7,False,member,4031,Weekday
2025-08-01,2025-08,Friday,4,8,False,casual,1677,Weekday
2025-08-01,2025-08,Friday,4,8,False,member,4777,Weekday
2025-08-01,2025-08,Friday,4,9,False,casual,1584,Weekday
2025-08-01,2025-08,Friday,4,9,False,member,3208,Weekday
2025-08-01,2025-08,Friday,4,10,False,casual,2048,Weekday
2025-08-01,2025-08,Friday,4,10,False,member,2738,Weekday
2025-08-01,2025-08,Friday,4,11,False,casual,2890,Weekday
2025-08-01,2025-08,Friday,4,11,False,member,3484,Weekday
2025-08-01,2025-08,Friday,4,12,False,casual,3543,Weekday
2025-08-01,2025-08,Friday,4,12,False,member,4312,Weekday
2025-08-01,2025-08,Friday,4,13,False,casual,3719,Weekday
2025-08-01,2025-08,Friday,4,13,False,member,4232,Weekday
2025-08-01,2025-08,Friday,4,14,False,casual,3788,Weekday
2025-08-01,2025-08,Friday,4,14,False,member,4255,Weekday
2025-08-01,2025-08,Friday,4,15,False,casual,4633,Weekday
2025-08-01,2025-08,Friday,4,15,False,member,5367,Weekday
2025-08-01,2025-08,Friday,4,16,False,casual,5215,Weekday
2025-08-01,2025-08,Friday,4,16,False,member,6836,Weekday
2025-08-01,2025-08,Friday,4,17,False,casual,5324,Weekday
2025-08-01,2025-08,Friday,4,17,False,member,7478,Weekday
2025-08-01,2025-08,Friday,4,18,False,casual,4860,Weekday
2025-08-01,2025-08,Friday,4,18,False,member,6250,Weekday
2025-08-01,2025-08,Friday,4,19,False,casual,3664,Weekday
2025-08-01,2025-08,Friday,4,19,False,member,4559,Weekday
2025-08-01,2025-08,Friday,4,20,False,casual,2821,Weekday
2025-08-01,2025-08,Friday,4,20,False,member,3333,Weekday
2025-08-01,2025-08,Friday,4,21,False,casual,2425,Weekday
2025-08-01,2025-08,Friday,4,21,False,member,2579,Weekday
2025-08-01,2025-08,Friday,4,22,False,casual,2411,Weekday
2025-08-01,2025-08,Friday,4,22,False,member,2258,Weekday
2025-08-01,2025-08,Friday,4,23,False,casual,2008,Weekday
2025-08-01,2025-08,Friday,4,23,False,member,1736,Weekday
2025-08-01,2025-08,Saturday,5,0,True,casual,1883,Weekend
2025-08-01,2025-08,Saturday,5,0,True,member,1415,Weekend
2025-08-01,2025-08,Saturday,5,1,True,casual,1412,Weekend
2025-08-01,2025-08,Saturday,5,1,True,member,955,Weekend
2025-08-01,2025-08,Saturday,5,2,True,casual,890,Weekend
2025-08-01,2025-08,Saturday,5,2,True,member,564,Weekend
2025-08-01,2025-08,Saturday,5,3,True,casual,459,Weekend
2025-08-01,2025-08,Saturday,5,3,True,member,313,Weekend
2025-08-01,2025-08,Saturday,5,4,True,casual,256,Weekend
2025-08-01,2025-08,Saturday,5,4,True,member,188,Weekend
2025-08-01,2025-08,Saturday,5,5,True,casual,261,Weekend
2025-08-01,2025-08,Saturday,5,5,True,member,421,Weekend
2025-08-01,2025-08,Saturday,5,6,True,casual,476,Weekend
2025-08-01,2025-08,Saturday,5,6,True,member,834,Weekend
2025-08-01,2025-08,Saturday,5,7,True,casual,856,Weekend
2025-08-01,2025-08,Saturday,5,7,True,member,1530,Weekend
2025-08-01,2025-08,Saturday,5,8,True,casual,1835,Weekend
2025-08-01,2025-08,Saturday,5,8,True,member,2755,Weekend
2025-08-01,2025-08,Saturday,5,9,True,casual,2997,Weekend
2025-08-01,2025-08,Saturday,5,9,True,member,3712,Weekend
2025-08-01,2025-08,Saturday,5,10,True,casual,4711,Weekend
2025-08-01,2025-08,Saturday,5,10,True,member,4623,Weekend
2025-08-01,2025-08,Saturday,5,11,True,casual,6096,Weekend
2025-08-01,2025-08,Saturday,5,11,True,member,5121,Weekend
2025-08-01,2025-08,Saturday,5,12,True,casual,6827,Weekend
2025-08-01,2025-08,Saturday,5,12,True,member,5209,Weekend
2025-08-01,2025-08,Saturday,5,13,True,casual,6839,Weekend
2025-08-01,2025-08,Saturday,5,13,True,member,4994,Weekend
2025-08-01,2025-08,Saturday,5,14,True,casual,7122,Weekend
2025-08-01,2025-08,Saturday,5,14,True,member,4981,Weekend
2025-08-01,2025-08,Saturday,5,15,True,casual,7419,Weekend
2025-08-01,2025-08,Saturday,5,15,True,member,5048,Weekend
2025-08-01,2025-08,Saturday,5,16,True,casual,6924,Weekend
2025-08-01,2025-08,Saturday,5,16,True,member,5040,Weekend
2025-08-01,2025-08,Saturday,5,17,True,casual,5307,Weekend
2025-08-01,2025-08,Saturday,5,17,True,member,4434,Weekend
2025-08-01,2025-08,Saturday,5,18,True,casual,4361,Weekend
2025-08-01,2025-08,Saturday,5,18,True,member,4058,Weekend
2025-08-01,2025-08,Saturday,5,19,True,casual,3512,Weekend
2025-08-01,2025-08,Saturday,5,19,True,member,3222,Weekend
2025-08-01,2025-08,Saturday,5,20,True,casual,2667,Weekend
2025-08-01,2025-08,Saturday,5,20,True,member,2374,Weekend
2025-08-01,2025-08,Saturday,5,21,True,casual,2445,Weekend
2025-08-01,2025-08,Saturday,5,21,True,member,2248,Weekend
2025-08-01,2025-08,Saturday,5,22,True,casual,2978,Weekend
2025-08-01,2025-08,Saturday,5,22,True,member,2296,Weekend
2025-08-01,2025-08,Saturday,5,23,True,casual,2089,Weekend
2025-08-01,2025-08,Saturday,5,23,True,member,1602,Weekend
2025-08-01,2025-08,Sunday,6,0,True,casual,1913,Weekend
2025-08-01,2025-08,Sunday,6,0,True,member,1262,Weekend
2025-08-01,2025-08,Sunday,6,1,True,casual,1400,Weekend
2025-08-01,2025-08,Sunday,6,1,True,member,892,Weekend
2025-08-01,2025-08,Sunday,6,2,True,casual,941,Weekend
2025-08-01,2025-08,Sunday,6,2,True,member,599,Weekend
2025-08-01,2025-08,Sunday,6,3,True,casual,519,Weekend
2025-08-01,2025-08,Sunday,6,3,True,member,320,Weekend
2025-08-01,2025-08,Sunday,6,4,True,casual,381,Weekend
2025-08-01,2025-08,Sunday,6,4,True,member,257,Weekend
2025-08-01,2025-08,Sunday,6,5,True,casual,302,Weekend
2025-08-01,2025-08,Sunday,6,5,True,member,298,Weekend
2025-08-01,2025-08,Sunday,6,6,True,casual,533,Weekend
2025-08-01,2025-08,Sunday,6,6,True,member,675,Weekend
2025-08-01,2025-08,Sunday,6,7,True,casual,834,Weekend
2025-08-01,2025-08,Sunday,6,7,True,member,1191,Weekend
2025-08-01,2025-08,Sunday,6,8,True,casual,1450,Weekend
2025-08-01,2025-08,Sunday,6,8,True,member,2064,Weekend
2025-08-01,2025-08,Sunday,6,9,True,casual,2488,Weekend
2025-08-01,2025-08,Sunday,6,9,True,member,2967,Weekend
2025-08-01,2025-08,Sunday,6,10,True,casual,3862,Weekend
2025-08-01,2025-08,Sunday,6,10,True,member,3828,Weekend
2025-08-01,2025-08,Sunday,6,11,True,casual,5007,Weekend
2025-08-01,2025-08,Sunday,6,11,True,member,4366,Weekend
2025-08-01,2025-08,Sunday,6,12,True,casual,5600,Weekend
2025-08-01,2025-08,Sunday,6,12,True,member,4754,Weekend
2025-08-01,2025-08,Sunday,6,13,True,casual,5986,Weekend
2025-08-01,2025-08,Sunday,6,13,True,member,4624,Weekend
2025-08-01,2025-08,Sunday,6,14,True,casual,6172,Weekend
2025-08-01,2025-08,Sunday,6,14,True,member,4638,Weekend
2025-08-01,2025-08,Sunday,6,15,True,casual,6294,Weekend
2025-08-01,2025-08,Sunday,6,15,True,member,4891,Weekend
2025-08-01,2025-08,Sunday,6,16,True,casual,6241,Weekend
2025-08-01,2025-08,Sunday,6,16,True,member,4935,Weekend
2025-08-01,2025-08,Sunday,6,17,True,casual,5231,Weekend
2025-08-01,2025-08,Sunday,6,17,True,member,4692,Weekend
2025-08-01,2025-08,Sunday,6,18,True,casual,4555,Weekend
2025-08-01,2025-08,Sunday,6,18,True,member,4352,Weekend
2025-08-01,2025-08,Sunday,6,19,True,casual,3238,Weekend
2025-08-01,2025-08,Sunday,6,19,True,member,3217,Weekend
2025-08-01,2025-08,Sunday,6,20,True,casual,2442,Weekend
2025-08-01,2025-08,Sunday,6,20,True,member,2463,Weekend
2025-08-01,2025-08,Sunday,6,21,True,casual,1937,Weekend
2025-08-01,2025-08,Sunday,6,21,True,member,1859,Weekend
2025-08-01,2025-08,Sunday,6,22,True,casual,2074,Weekend
2025-08-01,2025-08,Sunday,6,22,True,member,1566,Weekend
2025-08-01,2025-08,Sunday,6,23,True,casual,1287,Weekend
2025-08-01,2025-08,Sunday,6,23,True,member,877,Weekend
2025-09-01,2025-09,Monday,0,0,False,casual,853,Weekday
2025-09-01,2025-09,Monday,0,0,False,member,458,Weekday
2025-09-01,2025-09,Monday,0,1,False,casual,443,Weekday
2025-09-01,2025-09,Monday,0,1,False,member,258,Weekday
2025-09-01,2025-09,Monday,0,2,False,casual,316,Weekday
2025-09-01,2025-09,Monday,0,2,False,member,180,Weekday
2025-09-01,2025-09,Monday,0,3,False,casual,216,Weekday
2025-09-01,2025-09,Monday,0,3,False,member,138,Weekday
2025-09-01,2025-09,Monday,0,4,False,casual,174,Weekday
2025-09-01,2025-09,Monday,0,4,False,member,203,Weekday
2025-09-01,2025-09,Monday,0,5,False,casual,190,Weekday
2025-09-01,2025-09,Monday,0,5,False,member,676,Weekday
2025-09-01,2025-09,Monday,0,6,False,casual,557,Weekday
2025-09-01,2025-09,Monday,0,6,False,member,2064,Weekday
2025-09-01,2025-09,Monday,0,7,False,casual,1067,Weekday
2025-09-01,2025-09,Monday,0,7,False,member,4268,Weekday
2025-09-01,2025-09,Monday,0,8,False,casual,1421,Weekday
2025-09-01,2025-09,Monday,0,8,False,member,5445,Weekday
2025-09-01,2025-09,Monday,0,9,False,casual,1411,Weekday
2025-09-01,2025-09,Monday,0,9,False,member,3125,Weekday
2025-09-01,2025-09,Monday,0,10,False,casual,1693,Weekday
2025-09-01,2025-09,Monday,0,10,False,member,2513,Weekday
2025-09-01,2025-09,Monday,0,11,False,casual,2261,Weekday
2025-09-01,2025-09,Monday,0,11,False,member,2888,Weekday
2025-09-01,2025-09,Monday,0,12,False,casual,2895,Weekday
2025-09-01,2025-09,Monday,0,12,False,member,3504,Weekday
2025-09-01,2025-09,Monday,0,13,False,casual,2872,Weekday
2025-09-01,2025-09,Monday,0,13,False,member,3482,Weekday
2025-09-01,2025-09,Monday,0,14,False,casual,2984,Weekday
2025-09-01,2025-09,Monday,0,14,False,member,3638,Weekday
2025-09-01,2025-09,Monday,0,15,False,casual,3170,Weekday
2025-09-01,2025-09,Monday,0,15,False,member,4628,Weekday
2025-09-01,2025-09,Monday,0,16,False,casual,3735,Weekday
2025-09-01,2025-09,Monday,0,16,False,member,6879,Weekday
2025-09-01,2025-09,Monday,0,17,False,casual,4352,Weekday
2025-09-01,2025-09,Monday,0,17,False,member,8786,Weekday
2025-09-01,2025-09,Monday,0,18,False,casual,3807,Weekday
2025-09-01,2025-09,Monday,0,18,False,member,6961,Weekday
2025-09-01,2025-09,Monday,0,19,False,casual,2356,Weekday
2025-09-01,2025-09,Monday,0,19,False,member,4565,Weekday
2025-09-01,2025-09,Monday,0,20,False,casual,1464,Weekday
2025-09-01,2025-09,Monday,0,20,False,member,2720,Weekday
2025-09-01,2025-09,Monday,0,21,False,casual,1209,Weekday
2025-09-01,2025-09,Monday,0,21,False,member,2110,Weekday
2025-09-01,2025-09,Monday,0,22,False,casual,1552,Weekday
2025-09-01,2025-09,Monday,0,22,False,member,1654,Weekday
2025-09-01,2025-09,Monday,0,23,False,casual,1192,Weekday
2025-09-01,2025-09,Monday,0,23,False,member,781,Weekday
2025-09-01,2025-09,Tuesday,1,0,False,casual,552,Weekday
2025-09-01,2025-09,Tuesday,1,0,False,member,382,Weekday
2025-09-01,2025-09,Tuesday,1,1,False,casual,279,Weekday
2025-09-01,2025-09,Tuesday,1,1,False,member,172,Weekday
2025-09-01,2025-09,Tuesday,1,2,False,casual,169,Weekday
2025-09-01,2025-09,Tuesday,1,2,False,member,103,Weekday
2025-09-01,2025-09,Tuesday,1,3,False,casual,73,Weekday
2025-09-01,2025-09,Tuesday,1,3,False,member,76,Weekday
2025-09-01,2025-09,Tuesday,1,4,False,casual,104,Weekday
2025-09-01,2025-09,Tuesday,1,4,False,member,168,Weekday
2025-09-01,2025-09,Tuesday,1,5,False,casual,223,Weekday
2025-09-01,2025-09,Tuesday,1,5,False,member,864,Weekday
2025-09-01,2025-09,Tuesday,1,6,False,casual,714,Weekday
2025-09-01,2025-09,Tuesday,1,6,False,member,2932,Weekday
2025-09-01,2025-09,Tuesday,1,7,False,casual,1437,Weekday
2025-09-01,2025-09,Tuesday,1,7,False,member,6279,Weekday
2025-09-01,2025-09,Tuesday,1,8,False,casual,1872,Weekday
2025-09-01,2025-09,Tuesday,1,8,False,member,7614,Weekday
2025-09-01,2025-09,Tuesday,1,9,False,casual,1285,Weekday
2025-09-01,2025-09,Tuesday,1,9,False,member,3550,Weekday
2025-09-01,2025-09,Tuesday,1,10,False,casual,1100,Weekday
2025-09-01,2025-09,Tuesday,1,10,False,member,2218,Weekday
2025-09-01,2025-09,Tuesday,1,11,False,casual,1308,Weekday
2025-09-01,2025-09,Tuesday,1,11,False,member,2702,Weekday
2025-09-01,2025-09,Tuesday,1,12,False,casual,1793,Weekday
2025-09-01,2025-09,Tuesday,1,12,False,member,3468,Weekday
2025-09-01,2025-09,Tuesday,1,13,False,casual,1850,Weekday
2025-09-01,2025-09,Tuesday,1,13,False,member,3241,Weekday
2025-09-01,2025-09,Tuesday,1,14,False,casual,1936,Weekday
2025-09-01,2025-09,Tuesday,1,14,False,member,3222,Weekday
2025-09-01,2025-09,Tuesday,1,15,False,casual,2359,Weekday
2025-09-01,2025-09,Tuesday,1,15,False,member,4909,Weekday
2025-09-01,2025-09,Tuesday,1,16,False,casual,3339,Weekday
2025-09-01,2025-09,Tuesday,1,16,False,member,8514,Weekday
2025-09-01,2025-09,Tuesday,1,17,False,casual,4482,Weekday
2025-09-01,2025-09,Tuesday,1,17,False,member,10890,Weekday
2025-09-01,2025-09,Tuesday,1,18,False,casual,3810,Weekday
2025-09-01,2025-09,Tuesday,1,18,False,member,8087,Weekday
2025-09-01,2025-09,Tuesday,1,19,False,casual,2580,Weekday
2025-09-01,2025-09,Tuesday,1,19,False,member,5082,Weekday
2025-09-01,2025-09,Tuesday,1,20,False,casual,1662,Weekday
2025-09-01,2025-09,Tuesday,1,20,False,member,3340,Weekday
2025-09-01,2025-09,Tuesday,1,21,False,casual,1718,Weekday
2025-09-01,2025-09,Tuesday,1,21,False,member,2843,Weekday
2025-09-01,2025-09,Tuesday,1,22,False,casual,1080,Weekday
2025-09-01,2025-09,Tuesday,1,22,False,member,1643,Weekday
2025-09-01,2025-09,Tuesday,1,23,False,casual,619,Weekday
2025-09-01,2025-09,Tuesday,1,23,False,member,748,Weekday
2025-09-01,2025-09,Wednesday,2,0,False,casual,374,Weekday
2025-09-01,2025-09,Wednesday,2,0,False,member,277,Weekday
2025-09-01,2025-09,Wednesday,2,1,False,casual,140,Weekday
2025-09-01,2025-09,Wednesday,2,1,False,member,143,Weekday
2025-09-01,2025-09,Wednesday,2,2,False,casual,101,Weekday
2025-09-01,2025-09,Wednesday,2,2,False,member,78,Weekday
2025-09-01,2025-09,Wednesday,2,3,False,casual,67,Weekday
2025-09-01,2025-09,Wednesday,2,3,False,member,73,Weekday
2025-09-01,2025-09,Wednesday,2,4,False,casual,106,Weekday
2025-09-01,2025-09,Wednesday,2,4,False,member,131,Weekday
2025-09-01,2025-09,Wednesday,2,5,False,casual,182,Weekday
2025-09-01,2025-09,Wednesday,2,5,False,member,731,Weekday
2025-09-01,2025-09,Wednesday,2,6,False,casual,589,Weekday
2025-09-01,2025-09,Wednesday,2,6,False,member,2351,Weekday
2025-09-01,2025-09,Wednesday,2,7,False,casual,1129,Weekday
2025-09-01,2025-09,Wednesday,2,7,False,member,5180,Weekday
2025-09-01,2025-09,Wednesday,2,8,False,casual,1495,Weekday
2025-09-01,2025-09,Wednesday,2,8,False,member,6204,Weekday
2025-09-01,2025-09,Wednesday,2,9,False,casual,935,Weekday
2025-09-01,2025-09,Wednesday,2,9,False,member,3041,Weekday
2025-09-01,2025-09,Wednesday,2,10,False,casual,958,Weekday
2025-09-01,2025-09,Wednesday,2,10,False,member,2031,Weekday
2025-09-01,2025-09,Wednesday,2,11,False,casual,1153,Weekday
2025-09-01,2025-09,Wednesday,2,11,False,member,2330,Weekday
2025-09-01,2025-09,Wednesday,2,12,False,casual,1273,Weekday
2025-09-01,2025-09,Wednesday,2,12,False,member,2702,Weekday
2025-09-01,2025-09,Wednesday,2,13,False,casual,1224,Weekday
2025-09-01,2025-09,Wednesday,2,13,False,member,2567,Weekday
2025-09-01,2025-09,Wednesday,2,14,False,casual,1407,Weekday
2025-09-01,2025-09,Wednesday,2,14,False,member,2673,Weekday
2025-09-01,2025-09,Wednesday,2,15,False,casual,1610,Weekday
2025-09-01,2025-09,Wednesday,2,15,False,member,3779,Weekday
2025-09-01,2025-09,Wednesday,2,16,False,casual,2370,Weekday
2025-09-01,2025-09,Wednesday,2,16,False,member,6447,Weekday
2025-09-01,2025-09,Wednesday,2,17,False,casual,2880,Weekday
2025-09-01,2025-09,Wednesday,2,17,False,member,7391,Weekday
2025-09-01,2025-09,Wednesday,2,18,False,casual,2685,Weekday
2025-09-01,2025-09,Wednesday,2,18,False,member,5928,Weekday
2025-09-01,2025-09,Wednesday,2,19,False,casual,1999,Weekday
2025-09-01,2025-09,Wednesday,2,19,False,member,4144,Weekday
2025-09-01,2025-09,Wednesday,2,20,False,casual,1380,Weekday
2025-09-01,2025-09,Wednesday,2,20,False,member,2677,Weekday
2025-09-01,2025-09,Wednesday,2,21,False,casual,1418,Weekday
2025-09-01,2025-09,Wednesday,2,21,False,member,2267,Weekday
2025-09-01,2025-09,Wednesday,2,22,False,casual,915,Weekday
2025-09-01,2025-09,Wednesday,2,22,False,member,1473,Weekday
2025-09-01,2025-09,Wednesday,2,23,False,casual,518,Weekday
2025-09-01,2025-09,Wednesday,2,23,False,member,650,Weekday
2025-09-01,2025-09,Thursday,3,0,False,casual,418,Weekday
2025-09-01,2025-09,Thursday,3,0,False,member,327,Weekday
2025-09-01,2025-09,Thursday,3,1,False,casual,239,Weekday
2025-09-01,2025-09,Thursday,3,1,False,member,169,Weekday
2025-09-01,2025-09,Thursday,3,2,False,casual,134,Weekday
2025-09-01,2025-09,Thursday,3,2,False,member,88,Weekday
2025-09-01,2025-09,Thursday,3,3,False,casual,72,Weekday
2025-09-01,2025-09,Thursday,3,3,False,member,77,Weekday
2025-09-01,2025-09,Thursday,3,4,False,casual,94,Weekday
2025-09-01,2025-09,Thursday,3,4,False,member,129,Weekday
2025-09-01,2025-09,Thursday,3,5,False,casual,192,Weekday
2025-09-01,2025-09,Thursday,3,5,False,member,661,Weekday
2025-09-01,2025-09,Thursday,3,6,False,casual,569,Weekday
2025-09-01,2025-09,Thursday,3,6,False,member,2276,Weekday
2025-09-01,2025-09,Thursday,3,7,False,casual,1243,Weekday
2025-09-01,2025-09,Thursday,3,7,False,member,4800,Weekday
2025-09-01,2025-09,Thursday,3,8,False,casual,1499,Weekday
2025-09-01,2025-09,Thursday,3,8,False,member,5928,Weekday
2025-09-01,2025-09,Thursday,3,9,False,casual,1022,Weekday
2025-09-01,2025-09,Thursday,3,9,False,member,2962,Weekday
2025-09-01,2025-09,Thursday,3,10,False,casual,968,Weekday
2025-09-01,2025-09,Thursday,3,10,False,member,2065,Weekday
2025-09-01,2025-09,Thursday,3,11,False,casual,1177,Weekday
2025-09-01,2025-09,Thursday,3,11,False,member,2417,Weekday
2025-09-01,2025-09,Thursday,3,12,False,casual,1501,Weekday
2025-09-01,2025-09,Thursday,3,12,False,member,2954,Weekday
2025-09-01,2025-09,Thursday,3,13,False,casual,1473,Weekday
2025-09-01,2025-09,Thursday,3,13,False,member,2675,Weekday
2025-09-01,2025-09,Thursday,3,14,False,casual,1724,Weekday
2025-09-01,2025-09,Thursday,3,14,False,member,2801,Weekday
2025-09-01,2025-09,Thursday,3,15,False,casual,2046,Weekday
2025-09-01,2025-09,Thursday,3,15,False,member,3994,Weekday
2025-09-01,2025-09,Thursday,3,16,False,casual,2794,Weekday
2025-09-01,2025-09,Thursday,3,16,False,member,6496,Weekday
2025-09-01,2025-09,Thursday,3,17,False,casual,3755,Weekday
2025-09-01,2025-09,Thursday,3,17,False,member,8446,Weekday
2025-09-01,2025-09,Thursday,3,18,False,casual,3374,Weekday
2025-09-01,2025-09,Thursday,3,18,False,member,6505,Weekday
2025-09-01,2025-09,Thursday,3,19,False,casual,2314,Weekday
2025-09-01,2025-09,Thursday,3,19,False,member,4190,Weekday
2025-09-01,2025-09,Thursday,3,20,False,casual,1429,Weekday
2025-09-01,2025-09,Thursday,3,20,False,member,2707,Weekday
2025-09-01,2025-09,Thursday,3,21,False,casual,1338,Weekday
2025-09-01,2025-09,Thursday,3,21,False,member,2262,Weekday
2025-09-01,2025-09,Thursday,3,22,False,casual,1184,Weekday
2025-09-01,2025-09,Thursday,3,22,False,member,1670,Weekday
2025-09-01,2025-09,Thursday,3,23,False,casual,696,Weekday
2025-09-01,2025-09,Thursday,3,23,False,member,980,Weekday
2025-09-01,2025-09,Friday,4,0,False,casual,599,Weekday
2025-09-01,2025-09,Friday,4,0,False,member,537,Weekday
2025-09-01,2025-09,Friday,4,1,False,casual,362,Weekday
2025-09-01,2025-09,Friday,4,1,False,member,272,Weekday
2025-09-01,2025-09,Friday,4,2,False,casual,196,Weekday
2025-09-01,2025-09,Friday,4,2,False,member,151,Weekday
2025-09-01,2025-09,Friday,4,3,False,casual,150,Weekday
2025-09-01,2025-09,Friday,4,3,False,member,93,Weekday
2025-09-01,2025-09,Friday,4,4,False,casual,136,Weekday
2025-09-01,2025-09,Friday,4,4,False,member,129,Weekday
2025-09-01,2025-09,Friday,4,5,False,casual,178,Weekday
2025-09-01,2025-09,Friday,4,5,False,member,590,Weekday
2025-09-01,2025-09,Friday,4,6,False,casual,556,Weekday
2025-09-01,2025-09,Friday,4,6,False,member,1810,Weekday
2025-09-01,2025-09,Friday,4,7,False,casual,929,Weekday
2025-09-01,2025-09,Friday,4,7,False,member,3399,Weekday
2025-09-01,2025-09,Friday,4,8,False,casual,1211,Weekday
2025-09-01,2025-09,Friday,4,8,False,member,4156,Weekday
2025-09-01,2025-09,Friday,4,9,False,casual,1161,Weekday
2025-09-01,2025-09,Friday,4,9,False,member,2743,Weekday
2025-09-01,2025-09,Friday,4,10,False,casual,1393,Weekday
2025-09-01,2025-09,Friday,4,10,False,member,2217,Weekday
2025-09-01,2025-09,Friday,4,11,False,casual,1896,Weekday
2025-09-01,2025-09,Friday,4,11,False,member,2679,Weekday
2025-09-01,2025-09,Friday,4,12,False,casual,2299,Weekday
2025-09-01,2025-09,Friday,4,12,False,member,3358,Weekday
2025-09-01,2025-09,Friday,4,13,False,casual,2258,Weekday
2025-09-01,2025-09,Friday,4,13,False,member,3335,Weekday
2025-09-01,2025-09,Friday,4,14,False,casual,2350,Weekday
2025-09-01,2025-09,Friday,4,14,False,member,3359,Weekday
2025-09-01,2025-09,Friday,4,15,False,casual,2741,Weekday
2025-09-01,2025-09,Friday,4,15,False,member,4235,Weekday
2025-09-01,2025-09,Friday,4,16,False,casual,3505,Weekday
2025-09-01,2025-09,Friday,4,16,False,member,5802,Weekday
2025-09-01,2025-09,Friday,4,17,False,casual,3837,Weekday
2025-09-01,2025-09,Friday,4,17,False,member,6339,Weekday
2025-09-01,2025-09,Friday,4,18,False,casual,3444,Weekday
2025-09-01,2025-09,Friday,4,18,False,member,5374,Weekday
2025-09-01,2025-09,Friday,4,19,False,casual,2401,Weekday
2025-09-01,2025-09,Friday,4,19,False,member,3773,Weekday
2025-09-01,2025-09,Friday,4,20,False,casual,1638,Weekday
2025-09-01,2025-09,Friday,4,20,False,member,2342,Weekday
2025-09-01,2025-09,Friday,4,21,False,casual,1492,Weekday
2025-09-01,2025-09,Friday,4,21,False,member,1973,Weekday
2025-09-01,2025-09,Friday,4,22,False,casual,1587,Weekday
2025-09-01,2025-09,Friday,4,22,False,member,1784,Weekday
2025-09-01,2025-09,Friday,4,23,False,casual,1417,Weekday
2025-09-01,2025-09,Friday,4,23,False,member,1391,Weekday
2025-09-01,2025-09,Saturday,5,0,True,casual,1302,Weekend
2025-09-01,2025-09,Saturday,5,0,True,member,1069,Weekend
2025-09-01,2025-09,Saturday,5,1,True,casual,901,Weekend
2025-09-01,2025-09,Saturday,5,1,True,member,653,Weekend
2025-09-01,2025-09,Saturday,5,2,True,casual,599,Weekend
2025-09-01,2025-09,Saturday,5,2,True,member,395,Weekend
2025-09-01,2025-09,Saturday,5,3,True,casual,336,Weekend
2025-09-01,2025-09,Saturday,5,3,True,member,217,Weekend
2025-09-01,2025-09,Saturday,5,4,True,casual,168,Weekend
2025-09-01,2025-09,Saturday,5,4,True,member,100,Weekend
2025-09-01,2025-09,Saturday,5,5,True,casual,148,Weekend
2025-09-01,2025-09,Saturday,5,5,True,member,244,Weekend
2025-09-01,2025-09,Saturday,5,6,True,casual,347,Weekend
2025-09-01,2025-09,Saturday,5,6,True,member,657,Weekend
2025-09-01,2025-09,Saturday,5,7,True,casual,515,Weekend
2025-09-01,2025-09,Saturday,5,7,True,member,920,Weekend
2025-09-01,2025-09,Saturday,5,8,True,casual,950,Weekend
2025-09-01,2025-09,Saturday,5,8,True,member,1634,Weekend
2025-09-01,2025-09,Saturday,5,9,True,casual,1638,Weekend
2025-09-01,2025-09,Saturday,5,9,True,member,2362,Weekend
2025-09-01,2025-09,Saturday,5,10,True,casual,2549,Weekend
2025-09-01,2025-09,Saturday,5,10,True,member,3156,Weekend
2025-09-01,2025-09,Saturday,5,11,True,casual,3368,Weekend
2025-09-01,2025-09,Saturday,5,11,True,member,3888,Weekend
2025-09-01,2025-09,Saturday,5,12,True,casual,4080,Weekend
2025-09-01,2025-09,Saturday,5,12,True,member,4071,Weekend
2025-09-01,2025-09,Saturday,5,13,True,casual,3987,Weekend
2025-09-01,2025-09,Saturday,5,13,True,member,3915,Weekend
2025-09-01,2025-09,Saturday,5,14,True,casual,3963,Weekend
2025-09-01,2025-09,Saturday,5,14,True,member,3843,Weekend
2025-09-01,2025-09,Saturday,5,15,True,casual,3955,Weekend
2025-09-01,2025-09,Saturday,5,15,True,member,3731,Weekend
2025-09-01,2025-09,Saturday,5,16,True,casual,4125,Weekend
2025-09-01,2025-09,Saturday,5,16,True,member,4070,Weekend
2025-09-01,2025-09,Saturday,5,17,True,casual,3712,Weekend
2025-09-01,2025-09,Saturday,5,17,True,member,3880,Weekend
2025-09-01,2025-09,Saturday,5,18,True,casual,2968,Weekend
2025-09-01,2025-09,Saturday,5,18,True,member,3363,Weekend
2025-09-01,2025-09,Saturday,5,19,True,casual,2198,Weekend
2025-09-01,2025-09,Saturday,5,19,True,member,2490,Weekend
2025-09-01,2025-09,Saturday,5,20,True,casual,1632,Weekend
2025-09-01,2025-09,Saturday,5,20,True,member,1828,Weekend
2025-09-01,2025-09,Saturday,5,21,True,casual,1660,Weekend
2025-09-01,2025-09,Saturday,5,21,True,member,1701,Weekend
2025-09-01,2025-09,Saturday,5,22,True,casual,1628,Weekend
2025-09-01,2025-09,Saturday,5,22,True,member,1685,Weekend
2025-09-01,2025-09,Saturday,5,23,True,casual,1270,Weekend
2025-09-01,2025-09,Saturday,5,23,True,member,1285,Weekend
2025-09-01,2025-09,Sunday,6,0,True,casual,1332,Weekend
2025-09-01,2025-09,Sunday,6,0,True,member,981,Weekend
2025-09-01,2025-09,Sunday,6,1,True,casual,1028,Weekend
2025-09-01,2025-09,Sunday,6,1,True,member,702,Weekend
2025-09-01,2025-09,Sunday,6,2,True,casual,721,Weekend
2025-09-01,2025-09,Sunday,6,2,True,member,453,Weekend
2025-09-01,2025-09,Sunday,6,3,True,casual,344,Weekend
2025-09-01,2025-09,Sunday,6,3,True,member,255,Weekend
2025-09-01,2025-09,Sunday,6,4,True,casual,203,Weekend
2025-09-01,2025-09,Sunday,6,4,True,member,153,Weekend
2025-09-01,2025-09,Sunday,6,5,True,casual,193,Weekend
2025-09-01,2025-09,Sunday,6,5,True,member,226,Weekend
2025-09-01,2025-09,Sunday,6,6,True,casual,372,Weekend
2025-09-01,2025-09,Sunday,6,6,True,member,463,Weekend
2025-09-01,2025-09,Sunday,6,7,True,casual,709,Weekend
2025-09-01,2025-09,Sunday,6,7,True,member,823,Weekend
2025-09-01,2025-09,Sunday,6,8,True,casual,1026,Weekend
2025-09-01,2025-09,Sunday,6,8,True,member,1578,Weekend
2025-09-01,2025-09,Sunday,6,9,True,casual,1749,Weekend
2025-09-01,2025-09,Sunday,6,9,True,member,2391,Weekend
2025-09-01,2025-09,Sunday,6,10,True,casual,2475,Weekend
2025-09-01,2025-09,Sunday,6,10,True,member,3197,Weekend
2025-09-01,2025-09,Sunday,6,11,True,casual,3260,Weekend
2025-09-01,2025-09,Sunday,6,11,True,member,3995,Weekend
2025-09-01,2025-09,Sunday,6,12,True,casual,3675,Weekend
2025-09-01,2025-09,Sunday,6,12,True,member,3867,Weekend
2025-09-01,2025-09,Sunday,6,13,True,casual,3462,Weekend
2025-09-01,2025-09,Sunday,6,13,True,member,3748,Weekend
2025-09-01,2025-09,Sunday,6,14,True,casual,3554,Weekend
2025-09-01,2025-09,Sunday,6,14,True,member,3753,Weekend
2025-09-01,2025-09,Sunday,6,15,True,casual,3542,Weekend
2025-09-01,2025-09,Sunday,6,15,True,member,3966,Weekend
2025-09-01,2025-09,Sunday,6,16,True,casual,3595,Weekend
2025-09-01,2025-09,Sunday,6,16,True,member,3843,Weekend
2025-09-01,2025-09,Sunday,6,17,True,casual,2970,Weekend
2025-09-01,2025-09,Sunday,6,17,True,member,3488,Weekend
2025-09-01,2025-09,Sunday,6,18,True,casual,3007,Weekend
2025-09-01,2025-09,Sunday,6,18,True,member,3722,Weekend
2025-09-01,2025-09,Sunday,6,19,True,casual,1805,Weekend
2025-09-01,2025-09,Sunday,6,19,True,member,2533,Weekend
2025-09-01,2025-09,Sunday,6,20,True,casual,1194,Weekend
2025-09-01,2025-09,Sunday,6,20,True,member,1623,Weekend
2025-09-01,2025-09,Sunday,6,21,True,casual,897,Weekend
2025-09-01,2025-09,Sunday,6,21,True,member,1238,Weekend
2025-09-01,2025-09,Sunday,6,22,True,casual,790,Weekend
2025-09-01,2025-09,Sunday,6,22,True,member,864,Weekend
2025-09-01,2025-09,Sunday,6,23,True,casual,437,Weekend
2025-09-01,2025-09,Sunday,6,23,True,member,524,Weekend
2025-10-01,2025-10,Monday,0,0,False,casual,313,Weekday
2025-10-01,2025-10,Monday,0,0,False,member,235,Weekday
2025-10-01,2025-10,Monday,0,1,False,casual,188,Weekday
2025-10-01,2025-10,Monday,0,1,False,member,144,Weekday
2025-10-01,2025-10,Monday,0,2,False,casual,134,Weekday
2025-10-01,2025-10,Monday,0,2,False,member,82,Weekday
2025-10-01,2025-10,Monday,0,3,False,casual,76,Weekday
2025-10-01,2025-10,Monday,0,3,False,member,61,Weekday
2025-10-01,2025-10,Monday,0,4,False,casual,80,Weekday
2025-10-01,2025-10,Monday,0,4,False,member,113,Weekday
2025-10-01,2025-10,Monday,0,5,False,casual,186,Weekday
2025-10-01,2025-10,Monday,0,5,False,member,588,Weekday
2025-10-01,2025-10,Monday,0,6,False,casual,445,Weekday
2025-10-01,2025-10,Monday,0,6,False,member,1715,Weekday
2025-10-01,2025-10,Monday,0,7,False,casual,882,Weekday
2025-10-01,2025-10,Monday,0,7,False,member,3612,Weekday
2025-10-01,2025-10,Monday,0,8,False,casual,1102,Weekday
2025-10-01,2025-10,Monday,0,8,False,member,4503,Weekday
2025-10-01,2025-10,Monday,0,9,False,casual,985,Weekday
2025-10-01,2025-10,Monday,0,9,False,member,2583,Weekday
2025-10-01,2025-10,Monday,0,10,False,casual,1068,Weekday
2025-10-01,2025-10,Monday,0,10,False,member,1830,Weekday
2025-10-01,2025-10,Monday,0,11,False,casual,1223,Weekday
2025-10-01,2025-10,Monday,0,11,False,member,2054,Weekday
2025-10-01,2025-10,Monday,0,12,False,casual,1540,Weekday
2025-10-01,2025-10,Monday,0,12,False,member,2513,Weekday
2025-10-01,2025-10,Monday,0,13,False,casual,1489,Weekday
2025-10-01,2025-10,Monday,0,13,False,member,2472,Weekday
2025-10-01,2025-10,Monday,0,14,False,casual,1622,Weekday
2025-10-01,2025-10,Monday,0,14,False,member,2581,Weekday
2025-10-01,2025-10,Monday,0,15,False,casual,1747,Weekday
2025-10-01,2025-10,Monday,0,15,False,member,3467,Weekday
2025-10-01,2025-10,Monday,0,16,False,casual,2058,Weekday
2025-10-01,2025-10,Monday,0,16,False,member,5427,Weekday
2025-10-01,2025-10,Monday,0,17,False,casual,2309,Weekday
2025-10-01,2025-10,Monday,0,17,False,member,6712,Weekday
2025-10-01,2025-10,Monday,0,18,False,casual,1575,Weekday
2025-10-01,2025-10,Monday,0,18,False,member,4582,Weekday
2025-10-01,2025-10,Monday,0,19,False,casual,1027,Weekday
2025-10-01,2025-10,Monday,0,19,False,member,2732,Weekday
2025-10-01,2025-10,Monday,0,20,False,casual,734,Weekday
2025-10-01,2025-10,Monday,0,20,False,member,1861,Weekday
2025-10-01,2025-10,Monday,0,21,False,casual,672,Weekday
2025-10-01,2025-10,Monday,0,21,False,member,1437,Weekday
2025-10-01,2025-10,Monday,0,22,False,casual,572,Weekday
2025-10-01,2025-10,Monday,0,22,False,member,1036,Weekday
2025-10-01,2025-10,Monday,0,23,False,casual,264,Weekday
2025-10-01,2025-10,Monday,0,23,False,member,412,Weekday
2025-10-01,2025-10,Tuesday,1,0,False,casual,210,Weekday
2025-10-01,2025-10,Tuesday,1,0,False,member,196,Weekday
2025-10-01,2025-10,Tuesday,1,1,False,casual,135,Weekday
2025-10-01,2025-10,Tuesday,1,1,False,member,118,Weekday
2025-10-01,2025-10,Tuesday,1,2,False,casual,106,Weekday
2025-10-01,2025-10,Tuesday,1,2,False,member,82,Weekday
2025-10-01,2025-10,Tuesday,1,3,False,casual,47,Weekday
2025-10-01,2025-10,Tuesday,1,3,False,member,70,Weekday
2025-10-01,2025-10,Tuesday,1,4,False,casual,58,Weekday
2025-10-01,2025-10,Tuesday,1,4,False,member,102,Weekday
2025-10-01,2025-10,Tuesday,1,5,False,casual,142,Weekday
2025-10-01,2025-10,Tuesday,1,5,False,member,549,Weekday
2025-10-01,2025-10,Tuesday,1,6,False,casual,364,Weekday
2025-10-01,2025-10,Tuesday,1,6,False,member,1812,Weekday
2025-10-01,2025-10,Tuesday,1,7,False,casual,837,Weekday
2025-10-01,2025-10,Tuesday,1,7,False,member,4004,Weekday
2025-10-01,2025-10,Tuesday,1,8,False,casual,1041,Weekday
2025-10-01,2025-10,Tuesday,1,8,False,member,5060,Weekday
2025-10-01,2025-10,Tuesday,1,9,False,casual,817,Weekday
2025-10-01,2025-10,Tuesday,1,9,False,member,2295,Weekday
2025-10-01,2025-10,Tuesday,1,10,False,casual,717,Weekday
2025-10-01,2025-10,Tuesday,1,10,False,member,1736,Weekday
2025-10-01,2025-10,Tuesday,1,11,False,casual,851,Weekday
2025-10-01,2025-10,Tuesday,1,11,False,member,1933,Weekday
2025-10-01,2025-10,Tuesday,1,12,False,casual,1018,Weekday
2025-10-01,2025-10,Tuesday,1,12,False,member,2370,Weekday
2025-10-01,2025-10,Tuesday,1,13,False,casual,950,Weekday
2025-10-01,2025-10,Tuesday,1,13,False,member,2285,Weekday
2025-10-01,2025-10,Tuesday,1,14,False,casual,1138,Weekday
2025-10-01,2025-10,Tuesday,1,14,False,member,2176,Weekday
2025-10-01,2025-10,Tuesday,1,15,False,casual,1442,Weekday
2025-10-01,2025-10,Tuesday,1,15,False,member,3497,Weekday
2025-10-01,2025-10,Tuesday,1,16,False,casual,1898,Weekday
2025-10-01,2025-10,Tuesday,1,16,False,member,5680,Weekday
2025-10-01,2025-10,Tuesday,1,17,False,casual,2131,Weekday
2025-10-01,2025-10,Tuesday,1,17,False,member,6946,Weekday
2025-10-01,2025-10,Tuesday,1,18,False,casual,1643,Weekday
2025-10-01,2025-10,Tuesday,1,18,False,member,4814,Weekday
2025-10-01,2025-10,Tuesday,1,19,False,casual,975,Weekday
2025-10-01,2025-10,Tuesday,1,19,False,member,2976,Weekday
2025-10-01,2025-10,Tuesday,1,20,False,casual,777,Weekday
2025-10-01,2025-10,Tuesday,1,20,False,member,2028,Weekday
2025-10-01,2025-10,Tuesday,1,21,False,casual,673,Weekday
2025-10-01,2025-10,Tuesday,1,21,False,member,1578,Weekday
2025-10-01,2025-10,Tuesday,1,22,False,casual,473,Weekday
2025-10-01,2025-10,Tuesday,1,22,False,member,984,Weekday
2025-10-01,2025-10,Tuesday,1,23,False,casual,322,Weekday
2025-10-01,2025-10,Tuesday,1,23,False,member,490,Weekday
2025-10-01,2025-10,Wednesday,2,0,False,casual,319,Weekday
2025-10-01,2025-10,Wednesday,2,0,False,member,356,Weekday
2025-10-01,2025-10,Wednesday,2,1,False,casual,200,Weekday
2025-10-01,2025-10,Wednesday,2,1,False,member,166,Weekday
2025-10-01,2025-10,Wednesday,2,2,False,casual,132,Weekday
2025-10-01,2025-10,Wednesday,2,2,False,member,85,Weekday
2025-10-01,2025-10,Wednesday,2,3,False,casual,62,Weekday
2025-10-01,2025-10,Wednesday,2,3,False,member,63,Weekday
2025-10-01,2025-10,Wednesday,2,4,False,casual,99,Weekday
2025-10-01,2025-10,Wednesday,2,4,False,member,122,Weekday
2025-10-01,2025-10,Wednesday,2,5,False,casual,208,Weekday
2025-10-01,2025-10,Wednesday,2,5,False,member,800,Weekday
2025-10-01,2025-10,Wednesday,2,6,False,casual,540,Weekday
2025-10-01,2025-10,Wednesday,2,6,False,member,2511,Weekday
2025-10-01,2025-10,Wednesday,2,7,False,casual,1241,Weekday
2025-10-01,2025-10,Wednesday,2,7,False,member,5645,Weekday
2025-10-01,2025-10,Wednesday,2,8,False,casual,1589,Weekday
2025-10-01,2025-10,Wednesday,2,8,False,member,6736,Weekday
2025-10-01,2025-10,Wednesday,2,9,False,casual,946,Weekday
2025-10-01,2025-10,Wednesday,2,9,False,member,3214,Weekday
2025-10-01,2025-10,Wednesday,2,10,False,casual,786,Weekday
2025-10-01,2025-10,Wednesday,2,10,False,member,2290,Weekday
2025-10-01,2025-10,Wednesday,2,11,False,casual,1062,Weekday
2025-10-01,2025-10,Wednesday,2,11,False,member,2495,Weekday
2025-10-01,2025-10,Wednesday,2,12,False,casual,1354,Weekday
2025-10-01,2025-10,Wednesday,2,12,False,member,3160,Weekday
2025-10-01,2025-10,Wednesday,2,13,False,casual,1408,Weekday
2025-10-01,2025-10,Wednesday,2,13,False,member,3249,Weekday
2025-10-01,2025-10,Wednesday,2,14,False,casual,1577,Weekday
2025-10-01,2025-10,Wednesday,2,14,False,member,3215,Weekday
2025-10-01,2025-10,Wednesday,2,15,False,casual,1940,Weekday
2025-10-01,2025-10,Wednesday,2,15,False,member,4686,Weekday
2025-10-01,2025-10,Wednesday,2,16,False,casual,2520,Weekday
2025-10-01,2025-10,Wednesday,2,16,False,member,7705,Weekday
2025-10-01,2025-10,Wednesday,2,17,False,casual,3419,Weekday
2025-10-01,2025-10,Wednesday,2,17,False,member,9440,Weekday
2025-10-01,2025-10,Wednesday,2,18,False,casual,2533,Weekday
2025-10-01,2025-10,Wednesday,2,18,False,member,6688,Weekday
2025-10-01,2025-10,Wednesday,2,19,False,casual,1883,Weekday
2025-10-01,2025-10,Wednesday,2,19,False,member,4443,Weekday
2025-10-01,2025-10,Wednesday,2,20,False,casual,1313,Weekday
2025-10-01,2025-10,Wednesday,2,20,False,member,2858,Weekday
2025-10-01,2025-10,Wednesday,2,21,False,casual,1149,Weekday
2025-10-01,2025-10,Wednesday,2,21,False,member,2310,Weekday
2025-10-01,2025-10,Wednesday,2,22,False,casual,863,Weekday
2025-10-01,2025-10,Wednesday,2,22,False,member,1550,Weekday
2025-10-01,2025-10,Wednesday,2,23,False,casual,502,Weekday
2025-10-01,2025-10,Wednesday,2,23,False,member,756,Weekday
2025-10-01,2025-10,Thursday,3,0,False,casual,380,Weekday
2025-10-01,2025-10,Thursday,3,0,False,member,376,Weekday
2025-10-01,2025-10,Thursday,3,1,False,casual,220,Weekday
2025-10-01,2025-10,Thursday,3,1,False,member,207,Weekday
2025-10-01,2025-10,Thursday,3,2,False,casual,122,Weekday
2025-10-01,2025-10,Thursday,3,2,False,member,104,Weekday
2025-10-01,2025-10,Thursday,3,3,False,casual,92,Weekday
2025-10-01,2025-10,Thursday,3,3,False,member,64,Weekday
2025-10-01,2025-10,Thursday,3,4,False,casual,96,Weekday
2025-10-01,2025-10,Thursday,3,4,False,member,135,Weekday
2025-10-01,2025-10,Thursday,3,5,False,casual,168,Weekday
2025-10-01,2025-10,Thursday,3,5,False,member,730,Weekday
2025-10-01,2025-10,Thursday,3,6,False,casual,582,Weekday
2025-10-01,2025-10,Thursday,3,6,False,member,2469,Weekday
2025-10-01,2025-10,Thursday,3,7,False,casual,1266,Weekday
2025-10-01,2025-10,Thursday,3,7,False,member,5554,Weekday
2025-10-01,2025-10,Thursday,3,8,False,casual,1632,Weekday
2025-10-01,2025-10,Thursday,3,8,False,member,7100,Weekday
2025-10-01,2025-10,Thursday,3,9,False,casual,1245,Weekday
2025-10-01,2025-10,Thursday,3,9,False,member,3813,Weekday
2025-10-01,2025-10,Thursday,3,10,False,casual,1159,Weekday
2025-10-01,2025-10,Thursday,3,10,False,member,2587,Weekday
2025-10-01,2025-10,Thursday,3,11,False,casual,1356,Weekday
2025-10-01,2025-10,Thursday,3,11,False,member,2829,Weekday
2025-10-01,2025-10,Thursday,3,12,False,casual,1626,Weekday
2025-10-01,2025-10,Thursday,3,12,False,member,3509,Weekday
2025-10-01,2025-10,Thursday,3,13,False,casual,1669,Weekday
2025-10-01,2025-10,Thursday,3,13,False,member,3353,Weekday
2025-10-01,2025-10,Thursday,3,14,False,casual,1978,Weekday
2025-10-01,2025-10,Thursday,3,14,False,member,3409,Weekday
2025-10-01,2025-10,Thursday,3,15,False,casual,2467,Weekday
2025-10-01,2025-10,Thursday,3,15,False,member,5184,Weekday
2025-10-01,2025-10,Thursday,3,16,False,casual,3085,Weekday
2025-10-01,2025-10,Thursday,3,16,False,member,7875,Weekday
2025-10-01,2025-10,Thursday,3,17,False,casual,3648,Weekday
2025-10-01,2025-10,Thursday,3,17,False,member,9427,Weekday
2025-10-01,2025-10,Thursday,3,18,False,casual,3062,Weekday
2025-10-01,2025-10,Thursday,3,18,False,member,6974,Weekday
2025-10-01,2025-10,Thursday,3,19,False,casual,2407,Weekday
2025-10-01,2025-10,Thursday,3,19,False,member,4705,Weekday
2025-10-01,2025-10,Thursday,3,20,False,casual,1553,Weekday
2025-10-01,2025-10,Thursday,3,20,False,member,3049,Weekday
2025-10-01,2025-10,Thursday,3,21,False,casual,1228,Weekday
2025-10-01,2025-10,Thursday,3,21,False,member,2324,Weekday
2025-10-01,2025-10,Thursday,3,22,False,casual,1109,Weekday
2025-10-01,2025-10,Thursday,3,22,False,member,1868,Weekday
2025-10-01,2025-10,Thursday,3,23,False,casual,1294,Weekday
2025-10-01,2025-10,Thursday,3,23,False,member,1387,Weekday
2025-10-01,2025-10,Friday,4,0,False,casual,753,Weekday
2025-10-01,2025-10,Friday,4,0,False,member,639,Weekday
2025-10-01,2025-10,Friday,4,1,False,casual,392,Weekday
2025-10-01,2025-10,Friday,4,1,False,member,329,Weekday
2025-10-01,2025-10,Friday,4,2,False,casual,244,Weekday
2025-10-01,2025-10,Friday,4,2,False,member,168,Weekday
2025-10-01,2025-10,Friday,4,3,False,casual,134,Weekday
2025-10-01,2025-10,Friday,4,3,False,member,113,Weekday
2025-10-01,2025-10,Friday,4,4,False,casual,149,Weekday
2025-10-01,2025-10,Friday,4,4,False,member,148,Weekday
2025-10-01,2025-10,Friday,4,5,False,casual,176,Weekday
2025-10-01,2025-10,Friday,4,5,False,member,671,Weekday
2025-10-01,2025-10,Friday,4,6,False,casual,521,Weekday
2025-10-01,2025-10,Friday,4,6,False,member,1932,Weekday
2025-10-01,2025-10,Friday,4,7,False,casual,1021,Weekday
2025-10-01,2025-10,Friday,4,7,False,member,3630,Weekday
2025-10-01,2025-10,Friday,4,8,False,casual,1320,Weekday
2025-10-01,2025-10,Friday,4,8,False,member,4755,Weekday
2025-10-01,2025-10,Friday,4,9,False,casual,1296,Weekday
2025-10-01,2025-10,Friday,4,9,False,member,3167,Weekday
2025-10-01,2025-10,Friday,4,10,False,casual,1567,Weekday
2025-10-01,2025-10,Friday,4,10,False,member,2650,Weekday
2025-10-01,2025-10,Friday,4,11,False,casual,1958,Weekday
2025-10-01,2025-10,Friday,4,11,False,member,3216,Weekday
2025-10-01,2025-10,Friday,4,12,False,casual,2398,Weekday
2025-10-01,2025-10,Friday,4,12,False,member,3777,Weekday
2025-10-01,2025-10,Friday,4,13,False,casual,2667,Weekday
2025-10-01,2025-10,Friday,4,13,False,member,3914,Weekday
2025-10-01,2025-10,Friday,4,14,False,casual,2587,Weekday
2025-10-01,2025-10,Friday,4,14,False,member,3918,Weekday
2025-10-01,2025-10,Friday,4,15,False,casual,3306,Weekday
2025-10-01,2025-10,Friday,4,15,False,member,5190,Weekday
2025-10-01,2025-10,Friday,4,16,False,casual,3467,Weekday
2025-10-01,2025-10,Friday,4,16,False,member,6808,Weekday
2025-10-01,2025-10,Friday,4,17,False,casual,3738,Weekday
2025-10-01,2025-10,Friday,4,17,False,member,7102,Weekday
2025-10-01,2025-10,Friday,4,18,False,casual,3050,Weekday
2025-10-01,2025-10,Friday,4,18,False,member,5569,Weekday
2025-10-01,2025-10,Friday,4,19,False,casual,2172,Weekday
2025-10-01,2025-10,Friday,4,19,False,member,3921,Weekday
2025-10-01,2025-10,Friday,4,20,False,casual,1631,Weekday
2025-10-01,2025-10,Friday,4,20,False,member,2574,Weekday
2025-10-01,2025-10,Friday,4,21,False,casual,1451,Weekday
2025-10-01,2025-10,Friday,4,21,False,member,2014,Weekday
2025-10-01,2025-10,Friday,4,22,False,casual,1462,Weekday
2025-10-01,2025-10,Friday,4,22,False,member,1910,Weekday
2025-10-01,2025-10,Friday,4,23,False,casual,1320,Weekday
2025-10-01,2025-10,Friday,4,23,False,member,1447,Weekday
2025-10-01,2025-10,Saturday,5,0,True,casual,1221,Weekend
2025-10-01,2025-10,Saturday,5,0,True,member,1000,Weekend
2025-10-01,2025-10,Saturday,5,1,True,casual,855,Weekend
2025-10-01,2025-10,Saturday,5,1,True,member,620,Weekend
2025-10-01,2025-10,Saturday,5,2,True,casual,531,Weekend
2025-10-01,2025-10,Saturday,5,2,True,member,414,Weekend
2025-10-01,2025-10,Saturday,5,3,True,casual,291,Weekend
2025-10-01,2025-10,Saturday,5,3,True,member,217,Weekend
2025-10-01,2025-10,Saturday,5,4,True,casual,199,Weekend
2025-10-01,2025-10,Saturday,5,4,True,member,87,Weekend
2025-10-01,2025-10,Saturday,5,5,True,casual,132,Weekend
2025-10-01,2025-10,Saturday,5,5,True,member,177,Weekend
2025-10-01,2025-10,Saturday,5,6,True,casual,264,Weekend
2025-10-01,2025-10,Saturday,5,6,True,member,484,Weekend
2025-10-01,2025-10,Saturday,5,7,True,casual,620,Weekend
2025-10-01,2025-10,Saturday,5,7,True,member,1008,Weekend
2025-10-01,2025-10,Saturday,5,8,True,casual,1138,Weekend
2025-10-01,2025-10,Saturday,5,8,True,member,1829,Weekend
2025-10-01,2025-10,Saturday,5,9,True,casual,1847,Weekend
2025-10-01,2025-10,Saturday,5,9,True,member,2659,Weekend
2025-10-01,2025-10,Saturday,5,10,True,casual,2895,Weekend
2025-10-01,2025-10,Saturday,5,10,True,member,3571,Weekend
2025-10-01,2025-10,Saturday,5,11,True,casual,3646,Weekend
2025-10-01,2025-10,Saturday,5,11,True,member,4099,Weekend
2025-10-01,2025-10,Saturday,5,12,True,casual,4066,Weekend
2025-10-01,2025-10,Saturday,5,12,True,member,3980,Weekend
2025-10-01,2025-10,Saturday,5,13,True,casual,3863,Weekend
2025-10-01,2025-10,Saturday,5,13,True,member,3858,Weekend
2025-10-01,2025-10,Saturday,5,14,True,casual,4009,Weekend
2025-10-01,2025-10,Saturday,5,14,True,member,3989,Weekend
2025-10-01,2025-10,Saturday,5,15,True,casual,3837,Weekend
2025-10-01,2025-10,Saturday,5,15,True,member,3995,Weekend
2025-10-01,2025-10,Saturday,5,16,True,casual,3402,Weekend
2025-10-01,2025-10,Saturday,5,16,True,member,3753,Weekend
2025-10-01,2025-10,Saturday,5,17,True,casual,3004,Weekend
2025-10-01,2025-10,Saturday,5,17,True,member,3559,Weekend
2025-10-01,2025-10,Saturday,5,18,True,casual,2625,Weekend
2025-10-01,2025-10,Saturday,5,18,True,member,3499,Weekend
2025-10-01,2025-10,Saturday,5,19,True,casual,1650,Weekend
2025-10-01,2025-10,Saturday,5,19,True,member,2236,Weekend
2025-10-01,2025-10,Saturday,5,20,True,casual,1138,Weekend
2025-10-01,2025-10,Saturday,5,20,True,member,1452,Weekend
2025-10-01,2025-10,Saturday,5,21,True,casual,1079,Weekend
2025-10-01,2025-10,Saturday,5,21,True,member,1282,Weekend
2025-10-01,2025-10,Saturday,5,22,True,casual,1099,Weekend
2025-10-01,2025-10,Saturday,5,22,True,member,1258,Weekend
2025-10-01,2025-10,Saturday,5,23,True,casual,854,Weekend
2025-10-01,2025-10,Saturday,5,23,True,member,940,Weekend
2025-10-01,2025-10,Sunday,6,0,True,casual,1004,Weekend
2025-10-01,2025-10,Sunday,6,0,True,member,833,Weekend
2025-10-01,2025-10,Sunday,6,1,True,casual,665,Weekend
2025-10-01,2025-10,Sunday,6,1,True,member,516,Weekend
2025-10-01,2025-10,Sunday,6,2,True,casual,540,Weekend
2025-10-01,2025-10,Sunday,6,2,True,member,363,Weekend
2025-10-01,2025-10,Sunday,6,3,True,casual,317,Weekend
2025-10-01,2025-10,Sunday,6,3,True,member,228,Weekend
2025-10-01,2025-10,Sunday,6,4,True,casual,230,Weekend
2025-10-01,2025-10,Sunday,6,4,True,member,165,Weekend
2025-10-01,2025-10,Sunday,6,5,True,casual,363,Weekend
2025-10-01,2025-10,Sunday,6,5,True,member,272,Weekend
2025-10-01,2025-10,Sunday,6,6,True,casual,652,Weekend
2025-10-01,2025-10,Sunday,6,6,True,member,542,Weekend
2025-10-01,2025-10,Sunday,6,7,True,casual,998,Weekend
2025-10-01,2025-10,Sunday,6,7,True,member,827,Weekend
2025-10-01,2025-10,Sunday,6,8,True,casual,1340,Weekend
2025-10-01,2025-10,Sunday,6,8,True,member,1393,Weekend
2025-10-01,2025-10,Sunday,6,9,True,casual,2207,Weekend
2025-10-01,2025-10,Sunday,6,9,True,member,1954,Weekend
2025-10-01,2025-10,Sunday,6,10,True,casual,2906,Weekend
2025-10-01,2025-10,Sunday,6,10,True,member,2667,Weekend
2025-10-01,2025-10,Sunday,6,11,True,casual,3263,Weekend
2025-10-01,2025-10,Sunday,6,11,True,member,3099,Weekend
2025-10-01,2025-10,Sunday,6,12,True,casual,3373,Weekend
2025-10-01,2025-10,Sunday,6,12,True,member,3159,Weekend
2025-10-01,2025-10,Sunday,6,13,True,casual,3203,Weekend
2025-10-01,2025-10,Sunday,6,13,True,member,3231,Weekend
2025-10-01,2025-10,Sunday,6,14,True,casual,3177,Weekend
2025-10-01,2025-10,Sunday,6,14,True,member,3385,Weekend
2025-10-01,2025-10,Sunday,6,15,True,casual,3322,Weekend
2025-10-01,2025-10,Sunday,6,15,True,member,3690,Weekend
2025-10-01,2025-10,Sunday,6,16,True,casual,2816,Weekend
2025-10-01,2025-10,Sunday,6,16,True,member,3611,Weekend
2025-10-01,2025-10,Sunday,6,17,True,casual,2412,Weekend
2025-10-01,2025-10,Sunday,6,17,True,member,3405,Weekend
2025-10-01,2025-10,Sunday,6,18,True,casual,1821,Weekend
2025-10-01,2025-10,Sunday,6,18,True,member,3035,Weekend
2025-10-01,2025-10,Sunday,6,19,True,casual,1202,Weekend2025-10-01,2025-10,Sunday,6,19,True,member,2037,Weekend
2025-10-01,2025-10,Sunday,6,20,True,casual,866,Weekend
2025-10-01,2025-10,Sunday,6,20,True,member,1444,Weekend
2025-10-01,2025-10,Sunday,6,21,True,casual,790,Weekend
2025-10-01,2025-10,Sunday,6,21,True,member,1145,Weekend
2025-10-01,2025-10,Sunday,6,22,True,casual,576,Weekend
2025-10-01,2025-10,Sunday,6,22,True,member,812,Weekend
2025-10-01,2025-10,Sunday,6,23,True,casual,336,Weekend
2025-10-01,2025-10,Sunday,6,23,True,member,472,Weekend
2025-11-01,2025-11,Monday,0,0,False,casual,101,Weekday
2025-11-01,2025-11,Monday,0,0,False,member,121,Weekday
2025-11-01,2025-11,Monday,0,1,False,casual,54,Weekday
2025-11-01,2025-11,Monday,0,1,False,member,78,Weekday
2025-11-01,2025-11,Monday,0,2,False,casual,50,Weekday
2025-11-01,2025-11,Monday,0,2,False,member,47,Weekday
2025-11-01,2025-11,Monday,0,3,False,casual,34,Weekday
2025-11-01,2025-11,Monday,0,3,False,member,40,Weekday
2025-11-01,2025-11,Monday,0,4,False,casual,42,Weekday
2025-11-01,2025-11,Monday,0,4,False,member,65,Weekday
2025-11-01,2025-11,Monday,0,5,False,casual,90,Weekday
2025-11-01,2025-11,Monday,0,5,False,member,447,Weekday
2025-11-01,2025-11,Monday,0,6,False,casual,223,Weekday
2025-11-01,2025-11,Monday,0,6,False,member,1226,Weekday
2025-11-01,2025-11,Monday,0,7,False,casual,415,Weekday
2025-11-01,2025-11,Monday,0,7,False,member,2584,Weekday
2025-11-01,2025-11,Monday,0,8,False,casual,546,Weekday
2025-11-01,2025-11,Monday,0,8,False,member,3201,Weekday
2025-11-01,2025-11,Monday,0,9,False,casual,384,Weekday
2025-11-01,2025-11,Monday,0,9,False,member,1609,Weekday
2025-11-01,2025-11,Monday,0,10,False,casual,391,Weekday
2025-11-01,2025-11,Monday,0,10,False,member,1142,Weekday
2025-11-01,2025-11,Monday,0,11,False,casual,494,Weekday
2025-11-01,2025-11,Monday,0,11,False,member,1380,Weekday
2025-11-01,2025-11,Monday,0,12,False,casual,584,Weekday
2025-11-01,2025-11,Monday,0,12,False,member,1655,Weekday
2025-11-01,2025-11,Monday,0,13,False,casual,651,Weekday
2025-11-01,2025-11,Monday,0,13,False,member,1639,Weekday
2025-11-01,2025-11,Monday,0,14,False,casual,607,Weekday
2025-11-01,2025-11,Monday,0,14,False,member,1624,Weekday
2025-11-01,2025-11,Monday,0,15,False,casual,774,Weekday
2025-11-01,2025-11,Monday,0,15,False,member,2391,Weekday
2025-11-01,2025-11,Monday,0,16,False,casual,906,Weekday
2025-11-01,2025-11,Monday,0,16,False,member,3754,Weekday
2025-11-01,2025-11,Monday,0,17,False,casual,912,Weekday
2025-11-01,2025-11,Monday,0,17,False,member,4179,Weekday
2025-11-01,2025-11,Monday,0,18,False,casual,653,Weekday
2025-11-01,2025-11,Monday,0,18,False,member,2921,Weekday
2025-11-01,2025-11,Monday,0,19,False,casual,492,Weekday
2025-11-01,2025-11,Monday,0,19,False,member,1838,Weekday
2025-11-01,2025-11,Monday,0,20,False,casual,372,Weekday
2025-11-01,2025-11,Monday,0,20,False,member,1225,Weekday
2025-11-01,2025-11,Monday,0,21,False,casual,351,Weekday
2025-11-01,2025-11,Monday,0,21,False,member,1002,Weekday
2025-11-01,2025-11,Monday,0,22,False,casual,245,Weekday
2025-11-01,2025-11,Monday,0,22,False,member,608,Weekday
2025-11-01,2025-11,Monday,0,23,False,casual,256,Weekday
2025-11-01,2025-11,Monday,0,23,False,member,376,Weekday
2025-11-01,2025-11,Tuesday,1,0,False,casual,138,Weekday
2025-11-01,2025-11,Tuesday,1,0,False,member,181,Weekday
2025-11-01,2025-11,Tuesday,1,1,False,casual,75,Weekday
2025-11-01,2025-11,Tuesday,1,1,False,member,67,Weekday
2025-11-01,2025-11,Tuesday,1,2,False,casual,58,Weekday
2025-11-01,2025-11,Tuesday,1,2,False,member,44,Weekday
2025-11-01,2025-11,Tuesday,1,3,False,casual,22,Weekday
2025-11-01,2025-11,Tuesday,1,3,False,member,28,Weekday
2025-11-01,2025-11,Tuesday,1,4,False,casual,34,Weekday
2025-11-01,2025-11,Tuesday,1,4,False,member,74,Weekday
2025-11-01,2025-11,Tuesday,1,5,False,casual,91,Weekday
2025-11-01,2025-11,Tuesday,1,5,False,member,411,Weekday
2025-11-01,2025-11,Tuesday,1,6,False,casual,187,Weekday
2025-11-01,2025-11,Tuesday,1,6,False,member,1200,Weekday
2025-11-01,2025-11,Tuesday,1,7,False,casual,421,Weekday
2025-11-01,2025-11,Tuesday,1,7,False,member,2664,Weekday
2025-11-01,2025-11,Tuesday,1,8,False,casual,656,Weekday
2025-11-01,2025-11,Tuesday,1,8,False,member,3658,Weekday
2025-11-01,2025-11,Tuesday,1,9,False,casual,476,Weekday
2025-11-01,2025-11,Tuesday,1,9,False,member,1874,Weekday
2025-11-01,2025-11,Tuesday,1,10,False,casual,374,Weekday
2025-11-01,2025-11,Tuesday,1,10,False,member,1213,Weekday
2025-11-01,2025-11,Tuesday,1,11,False,casual,514,Weekday
2025-11-01,2025-11,Tuesday,1,11,False,member,1367,Weekday
2025-11-01,2025-11,Tuesday,1,12,False,casual,575,Weekday
2025-11-01,2025-11,Tuesday,1,12,False,member,1839,Weekday
2025-11-01,2025-11,Tuesday,1,13,False,casual,627,Weekday
2025-11-01,2025-11,Tuesday,1,13,False,member,1820,Weekday
2025-11-01,2025-11,Tuesday,1,14,False,casual,623,Weekday
2025-11-01,2025-11,Tuesday,1,14,False,member,1762,Weekday
2025-11-01,2025-11,Tuesday,1,15,False,casual,784,Weekday
2025-11-01,2025-11,Tuesday,1,15,False,member,2654,Weekday
2025-11-01,2025-11,Tuesday,1,16,False,casual,1045,Weekday
2025-11-01,2025-11,Tuesday,1,16,False,member,4148,Weekday
2025-11-01,2025-11,Tuesday,1,17,False,casual,1070,Weekday
2025-11-01,2025-11,Tuesday,1,17,False,member,4619,Weekday
2025-11-01,2025-11,Tuesday,1,18,False,casual,832,Weekday
2025-11-01,2025-11,Tuesday,1,18,False,member,3287,Weekday
2025-11-01,2025-11,Tuesday,1,19,False,casual,565,Weekday
2025-11-01,2025-11,Tuesday,1,19,False,member,2098,Weekday
2025-11-01,2025-11,Tuesday,1,20,False,casual,435,Weekday
2025-11-01,2025-11,Tuesday,1,20,False,member,1563,Weekday
2025-11-01,2025-11,Tuesday,1,21,False,casual,443,Weekday
2025-11-01,2025-11,Tuesday,1,21,False,member,1104,Weekday
2025-11-01,2025-11,Tuesday,1,22,False,casual,309,Weekday
2025-11-01,2025-11,Tuesday,1,22,False,member,761,Weekday
2025-11-01,2025-11,Tuesday,1,23,False,casual,188,Weekday
2025-11-01,2025-11,Tuesday,1,23,False,member,358,Weekday
2025-11-01,2025-11,Wednesday,2,0,False,casual,164,Weekday
2025-11-01,2025-11,Wednesday,2,0,False,member,218,Weekday
2025-11-01,2025-11,Wednesday,2,1,False,casual,78,Weekday
2025-11-01,2025-11,Wednesday,2,1,False,member,91,Weekday
2025-11-01,2025-11,Wednesday,2,2,False,casual,56,Weekday
2025-11-01,2025-11,Wednesday,2,2,False,member,52,Weekday
2025-11-01,2025-11,Wednesday,2,3,False,casual,33,Weekday
2025-11-01,2025-11,Wednesday,2,3,False,member,59,Weekday
2025-11-01,2025-11,Wednesday,2,4,False,casual,50,Weekday
2025-11-01,2025-11,Wednesday,2,4,False,member,89,Weekday
2025-11-01,2025-11,Wednesday,2,5,False,casual,121,Weekday
2025-11-01,2025-11,Wednesday,2,5,False,member,482,Weekday
2025-11-01,2025-11,Wednesday,2,6,False,casual,270,Weekday
2025-11-01,2025-11,Wednesday,2,6,False,member,1580,Weekday
2025-11-01,2025-11,Wednesday,2,7,False,casual,554,Weekday
2025-11-01,2025-11,Wednesday,2,7,False,member,3216,Weekday
2025-11-01,2025-11,Wednesday,2,8,False,casual,744,Weekday
2025-11-01,2025-11,Wednesday,2,8,False,member,3966,Weekday
2025-11-01,2025-11,Wednesday,2,9,False,casual,467,Weekday
2025-11-01,2025-11,Wednesday,2,9,False,member,1953,Weekday
2025-11-01,2025-11,Wednesday,2,10,False,casual,410,Weekday
2025-11-01,2025-11,Wednesday,2,10,False,member,1356,Weekday
2025-11-01,2025-11,Wednesday,2,11,False,casual,469,Weekday
2025-11-01,2025-11,Wednesday,2,11,False,member,1619,Weekday
2025-11-01,2025-11,Wednesday,2,12,False,casual,596,Weekday
2025-11-01,2025-11,Wednesday,2,12,False,member,1901,Weekday
2025-11-01,2025-11,Wednesday,2,13,False,casual,587,Weekday
2025-11-01,2025-11,Wednesday,2,13,False,member,1843,Weekday
2025-11-01,2025-11,Wednesday,2,14,False,casual,651,Weekday
2025-11-01,2025-11,Wednesday,2,14,False,member,1919,Weekday
2025-11-01,2025-11,Wednesday,2,15,False,casual,791,Weekday
2025-11-01,2025-11,Wednesday,2,15,False,member,2659,Weekday
2025-11-01,2025-11,Wednesday,2,16,False,casual,1030,Weekday
2025-11-01,2025-11,Wednesday,2,16,False,member,4242,Weekday
2025-11-01,2025-11,Wednesday,2,17,False,casual,1181,Weekday
2025-11-01,2025-11,Wednesday,2,17,False,member,4849,Weekday
2025-11-01,2025-11,Wednesday,2,18,False,casual,901,Weekday
2025-11-01,2025-11,Wednesday,2,18,False,member,3376,Weekday
2025-11-01,2025-11,Wednesday,2,19,False,casual,636,Weekday
2025-11-01,2025-11,Wednesday,2,19,False,member,2162,Weekday
2025-11-01,2025-11,Wednesday,2,20,False,casual,494,Weekday
2025-11-01,2025-11,Wednesday,2,20,False,member,1477,Weekday
2025-11-01,2025-11,Wednesday,2,21,False,casual,410,Weekday
2025-11-01,2025-11,Wednesday,2,21,False,member,1205,Weekday
2025-11-01,2025-11,Wednesday,2,22,False,casual,356,Weekday
2025-11-01,2025-11,Wednesday,2,22,False,member,870,Weekday
2025-11-01,2025-11,Wednesday,2,23,False,casual,296,Weekday
2025-11-01,2025-11,Wednesday,2,23,False,member,522,Weekday
2025-11-01,2025-11,Thursday,3,0,False,casual,187,Weekday
2025-11-01,2025-11,Thursday,3,0,False,member,297,Weekday
2025-11-01,2025-11,Thursday,3,1,False,casual,147,Weekday
2025-11-01,2025-11,Thursday,3,1,False,member,151,Weekday
2025-11-01,2025-11,Thursday,3,2,False,casual,113,Weekday
2025-11-01,2025-11,Thursday,3,2,False,member,79,Weekday
2025-11-01,2025-11,Thursday,3,3,False,casual,63,Weekday
2025-11-01,2025-11,Thursday,3,3,False,member,59,Weekday
2025-11-01,2025-11,Thursday,3,4,False,casual,58,Weekday
2025-11-01,2025-11,Thursday,3,4,False,member,101,Weekday
2025-11-01,2025-11,Thursday,3,5,False,casual,91,Weekday
2025-11-01,2025-11,Thursday,3,5,False,member,363,Weekday
2025-11-01,2025-11,Thursday,3,6,False,casual,248,Weekday
2025-11-01,2025-11,Thursday,3,6,False,member,1305,Weekday
2025-11-01,2025-11,Thursday,3,7,False,casual,546,Weekday
2025-11-01,2025-11,Thursday,3,7,False,member,2902,Weekday
2025-11-01,2025-11,Thursday,3,8,False,casual,768,Weekday
2025-11-01,2025-11,Thursday,3,8,False,member,3777,Weekday
2025-11-01,2025-11,Thursday,3,9,False,casual,570,Weekday
2025-11-01,2025-11,Thursday,3,9,False,member,2026,Weekday
2025-11-01,2025-11,Thursday,3,10,False,casual,411,Weekday
2025-11-01,2025-11,Thursday,3,10,False,member,1402,Weekday
2025-11-01,2025-11,Thursday,3,11,False,casual,507,Weekday
2025-11-01,2025-11,Thursday,3,11,False,member,1543,Weekday
2025-11-01,2025-11,Thursday,3,12,False,casual,622,Weekday
2025-11-01,2025-11,Thursday,3,12,False,member,1865,Weekday
2025-11-01,2025-11,Thursday,3,13,False,casual,610,Weekday
2025-11-01,2025-11,Thursday,3,13,False,member,1796,Weekday
2025-11-01,2025-11,Thursday,3,14,False,casual,721,Weekday
2025-11-01,2025-11,Thursday,3,14,False,member,1718,Weekday
2025-11-01,2025-11,Thursday,3,15,False,casual,848,Weekday
2025-11-01,2025-11,Thursday,3,15,False,member,2571,Weekday
2025-11-01,2025-11,Thursday,3,16,False,casual,1100,Weekday
2025-11-01,2025-11,Thursday,3,16,False,member,3812,Weekday
2025-11-01,2025-11,Thursday,3,17,False,casual,1247,Weekday
2025-11-01,2025-11,Thursday,3,17,False,member,4397,Weekday
2025-11-01,2025-11,Thursday,3,18,False,casual,935,Weekday
2025-11-01,2025-11,Thursday,3,18,False,member,3154,Weekday
2025-11-01,2025-11,Thursday,3,19,False,casual,614,Weekday
2025-11-01,2025-11,Thursday,3,19,False,member,2018,Weekday
2025-11-01,2025-11,Thursday,3,20,False,casual,434,Weekday
2025-11-01,2025-11,Thursday,3,20,False,member,1454,Weekday
2025-11-01,2025-11,Thursday,3,21,False,casual,418,Weekday
2025-11-01,2025-11,Thursday,3,21,False,member,1166,Weekday
2025-11-01,2025-11,Thursday,3,22,False,casual,378,Weekday
2025-11-01,2025-11,Thursday,3,22,False,member,919,Weekday
2025-11-01,2025-11,Thursday,3,23,False,casual,282,Weekday
2025-11-01,2025-11,Thursday,3,23,False,member,495,Weekday
2025-11-01,2025-11,Friday,4,0,False,casual,224,Weekday
2025-11-01,2025-11,Friday,4,0,False,member,297,Weekday
2025-11-01,2025-11,Friday,4,1,False,casual,136,Weekday
2025-11-01,2025-11,Friday,4,1,False,member,128,Weekday
2025-11-01,2025-11,Friday,4,2,False,casual,88,Weekday
2025-11-01,2025-11,Friday,4,2,False,member,83,Weekday
2025-11-01,2025-11,Friday,4,3,False,casual,52,Weekday
2025-11-01,2025-11,Friday,4,3,False,member,65,Weekday
2025-11-01,2025-11,Friday,4,4,False,casual,75,Weekday
2025-11-01,2025-11,Friday,4,4,False,member,80,Weekday
2025-11-01,2025-11,Friday,4,5,False,casual,84,Weekday
2025-11-01,2025-11,Friday,4,5,False,member,390,Weekday
2025-11-01,2025-11,Friday,4,6,False,casual,260,Weekday
2025-11-01,2025-11,Friday,4,6,False,member,1114,Weekday
2025-11-01,2025-11,Friday,4,7,False,casual,447,Weekday
2025-11-01,2025-11,Friday,4,7,False,member,2026,Weekday
2025-11-01,2025-11,Friday,4,8,False,casual,590,Weekday
2025-11-01,2025-11,Friday,4,8,False,member,2647,Weekday
2025-11-01,2025-11,Friday,4,9,False,casual,553,Weekday
2025-11-01,2025-11,Friday,4,9,False,member,1853,Weekday
2025-11-01,2025-11,Friday,4,10,False,casual,603,Weekday
2025-11-01,2025-11,Friday,4,10,False,member,1572,Weekday
2025-11-01,2025-11,Friday,4,11,False,casual,852,Weekday
2025-11-01,2025-11,Friday,4,11,False,member,1846,Weekday
2025-11-01,2025-11,Friday,4,12,False,casual,974,Weekday
2025-11-01,2025-11,Friday,4,12,False,member,2098,Weekday
2025-11-01,2025-11,Friday,4,13,False,casual,1097,Weekday
2025-11-01,2025-11,Friday,4,13,False,member,2345,Weekday
2025-11-01,2025-11,Friday,4,14,False,casual,1184,Weekday
2025-11-01,2025-11,Friday,4,14,False,member,2283,Weekday
2025-11-01,2025-11,Friday,4,15,False,casual,1384,Weekday
2025-11-01,2025-11,Friday,4,15,False,member,3131,Weekday
2025-11-01,2025-11,Friday,4,16,False,casual,1486,Weekday
2025-11-01,2025-11,Friday,4,16,False,member,3731,Weekday
2025-11-01,2025-11,Friday,4,17,False,casual,1436,Weekday
2025-11-01,2025-11,Friday,4,17,False,member,3697,Weekday
2025-11-01,2025-11,Friday,4,18,False,casual,1167,Weekday
2025-11-01,2025-11,Friday,4,18,False,member,2808,Weekday
2025-11-01,2025-11,Friday,4,19,False,casual,905,Weekday
2025-11-01,2025-11,Friday,4,19,False,member,2053,Weekday
2025-11-01,2025-11,Friday,4,20,False,casual,593,Weekday
2025-11-01,2025-11,Friday,4,20,False,member,1250,Weekday
2025-11-01,2025-11,Friday,4,21,False,casual,541,Weekday
2025-11-01,2025-11,Friday,4,21,False,member,1059,Weekday
2025-11-01,2025-11,Friday,4,22,False,casual,529,Weekday
2025-11-01,2025-11,Friday,4,22,False,member,836,Weekday
2025-11-01,2025-11,Friday,4,23,False,casual,616,Weekday
2025-11-01,2025-11,Friday,4,23,False,member,774,Weekday
2025-11-01,2025-11,Saturday,5,0,True,casual,1043,Weekend
2025-11-01,2025-11,Saturday,5,0,True,member,957,Weekend
2025-11-01,2025-11,Saturday,5,1,True,casual,866,Weekend
2025-11-01,2025-11,Saturday,5,1,True,member,744,Weekend
2025-11-01,2025-11,Saturday,5,2,True,casual,674,Weekend
2025-11-01,2025-11,Saturday,5,2,True,member,503,Weekend
2025-11-01,2025-11,Saturday,5,3,True,casual,259,Weekend
2025-11-01,2025-11,Saturday,5,3,True,member,210,Weekend
2025-11-01,2025-11,Saturday,5,4,True,casual,143,Weekend
2025-11-01,2025-11,Saturday,5,4,True,member,137,Weekend
2025-11-01,2025-11,Saturday,5,5,True,casual,75,Weekend
2025-11-01,2025-11,Saturday,5,5,True,member,180,Weekend
2025-11-01,2025-11,Saturday,5,6,True,casual,179,Weekend
2025-11-01,2025-11,Saturday,5,6,True,member,393,Weekend
2025-11-01,2025-11,Saturday,5,7,True,casual,307,Weekend
2025-11-01,2025-11,Saturday,5,7,True,member,799,Weekend
2025-11-01,2025-11,Saturday,5,8,True,casual,599,Weekend
2025-11-01,2025-11,Saturday,5,8,True,member,1412,Weekend
2025-11-01,2025-11,Saturday,5,9,True,casual,938,Weekend
2025-11-01,2025-11,Saturday,5,9,True,member,2063,Weekend
2025-11-01,2025-11,Saturday,5,10,True,casual,1384,Weekend
2025-11-01,2025-11,Saturday,5,10,True,member,2423,Weekend
2025-11-01,2025-11,Saturday,5,11,True,casual,1567,Weekend
2025-11-01,2025-11,Saturday,5,11,True,member,2724,Weekend
2025-11-01,2025-11,Saturday,5,12,True,casual,1794,Weekend
2025-11-01,2025-11,Saturday,5,12,True,member,2815,Weekend
2025-11-01,2025-11,Saturday,5,13,True,casual,2039,Weekend
2025-11-01,2025-11,Saturday,5,13,True,member,2926,Weekend
2025-11-01,2025-11,Saturday,5,14,True,casual,2358,Weekend
2025-11-01,2025-11,Saturday,5,14,True,member,3103,Weekend
2025-11-01,2025-11,Saturday,5,15,True,casual,2091,Weekend
2025-11-01,2025-11,Saturday,5,15,True,member,2959,Weekend
2025-11-01,2025-11,Saturday,5,16,True,casual,1757,Weekend
2025-11-01,2025-11,Saturday,5,16,True,member,2639,Weekend
2025-11-01,2025-11,Saturday,5,17,True,casual,1771,Weekend
2025-11-01,2025-11,Saturday,5,17,True,member,2366,Weekend
2025-11-01,2025-11,Saturday,5,18,True,casual,1211,Weekend
2025-11-01,2025-11,Saturday,5,18,True,member,2033,Weekend
2025-11-01,2025-11,Saturday,5,19,True,casual,804,Weekend
2025-11-01,2025-11,Saturday,5,19,True,member,1495,Weekend
2025-11-01,2025-11,Saturday,5,20,True,casual,616,Weekend
2025-11-01,2025-11,Saturday,5,20,True,member,1054,Weekend
2025-11-01,2025-11,Saturday,5,21,True,casual,596,Weekend
2025-11-01,2025-11,Saturday,5,21,True,member,893,Weekend
2025-11-01,2025-11,Saturday,5,22,True,casual,475,Weekend
2025-11-01,2025-11,Saturday,5,22,True,member,763,Weekend
2025-11-01,2025-11,Saturday,5,23,True,casual,539,Weekend
2025-11-01,2025-11,Saturday,5,23,True,member,754,Weekend
2025-11-01,2025-11,Sunday,6,0,True,casual,631,Weekend
2025-11-01,2025-11,Sunday,6,0,True,member,606,Weekend
2025-11-01,2025-11,Sunday,6,1,True,casual,483,Weekend
2025-11-01,2025-11,Sunday,6,1,True,member,482,Weekend
2025-11-01,2025-11,Sunday,6,2,True,casual,276,Weekend
2025-11-01,2025-11,Sunday,6,2,True,member,256,Weekend
2025-11-01,2025-11,Sunday,6,3,True,casual,167,Weekend
2025-11-01,2025-11,Sunday,6,3,True,member,136,Weekend
2025-11-01,2025-11,Sunday,6,4,True,casual,94,Weekend
2025-11-01,2025-11,Sunday,6,4,True,member,99,Weekend
2025-11-01,2025-11,Sunday,6,5,True,casual,49,Weekend
2025-11-01,2025-11,Sunday,6,5,True,member,152,Weekend
2025-11-01,2025-11,Sunday,6,6,True,casual,109,Weekend
2025-11-01,2025-11,Sunday,6,6,True,member,335,Weekend
2025-11-01,2025-11,Sunday,6,7,True,casual,200,Weekend
2025-11-01,2025-11,Sunday,6,7,True,member,463,Weekend
2025-11-01,2025-11,Sunday,6,8,True,casual,359,Weekend
2025-11-01,2025-11,Sunday,6,8,True,member,835,Weekend
2025-11-01,2025-11,Sunday,6,9,True,casual,769,Weekend
2025-11-01,2025-11,Sunday,6,9,True,member,1374,Weekend
2025-11-01,2025-11,Sunday,6,10,True,casual,1174,Weekend
2025-11-01,2025-11,Sunday,6,10,True,member,1947,Weekend
2025-11-01,2025-11,Sunday,6,11,True,casual,1530,Weekend
2025-11-01,2025-11,Sunday,6,11,True,member,2571,Weekend
2025-11-01,2025-11,Sunday,6,12,True,casual,1384,Weekend
2025-11-01,2025-11,Sunday,6,12,True,member,2282,Weekend
2025-11-01,2025-11,Sunday,6,13,True,casual,1231,Weekend
2025-11-01,2025-11,Sunday,6,13,True,member,2235,Weekend
2025-11-01,2025-11,Sunday,6,14,True,casual,1278,Weekend
2025-11-01,2025-11,Sunday,6,14,True,member,2132,Weekend
2025-11-01,2025-11,Sunday,6,15,True,casual,1637,Weekend
2025-11-01,2025-11,Sunday,6,15,True,member,2559,Weekend
2025-11-01,2025-11,Sunday,6,16,True,casual,1259,Weekend
2025-11-01,2025-11,Sunday,6,16,True,member,2363,Weekend
2025-11-01,2025-11,Sunday,6,17,True,casual,732,Weekend
2025-11-01,2025-11,Sunday,6,17,True,member,1908,Weekend
2025-11-01,2025-11,Sunday,6,18,True,casual,619,Weekend
2025-11-01,2025-11,Sunday,6,18,True,member,1561,Weekend
2025-11-01,2025-11,Sunday,6,19,True,casual,452,Weekend
2025-11-01,2025-11,Sunday,6,19,True,member,1167,Weekend
2025-11-01,2025-11,Sunday,6,20,True,casual,341,Weekend
2025-11-01,2025-11,Sunday,6,20,True,member,821,Weekend
2025-11-01,2025-11,Sunday,6,21,True,casual,275,Weekend
2025-11-01,2025-11,Sunday,6,21,True,member,667,Weekend
2025-11-01,2025-11,Sunday,6,22,True,casual,254,Weekend
2025-11-01,2025-11,Sunday,6,22,True,member,504,Weekend
2025-11-01,2025-11,Sunday,6,23,True,casual,175,Weekend
2025-11-01,2025-11,Sunday,6,23,True,member,304,Weekend
2025-12-01,2025-12,Monday,0,0,False,casual,45,Weekday
2025-12-01,2025-12,Monday,0,0,False,member,94,Weekday
2025-12-01,2025-12,Monday,0,1,False,casual,24,Weekday
2025-12-01,2025-12,Monday,0,1,False,member,48,Weekday
2025-12-01,2025-12,Monday,0,2,False,casual,32,Weekday
2025-12-01,2025-12,Monday,0,2,False,member,36,Weekday
2025-12-01,2025-12,Monday,0,3,False,casual,16,Weekday
2025-12-01,2025-12,Monday,0,3,False,member,18,Weekday
2025-12-01,2025-12,Monday,0,4,False,casual,21,Weekday
2025-12-01,2025-12,Monday,0,4,False,member,52,Weekday
2025-12-01,2025-12,Monday,0,5,False,casual,42,Weekday
2025-12-01,2025-12,Monday,0,5,False,member,277,Weekday
2025-12-01,2025-12,Monday,0,6,False,casual,85,Weekday
2025-12-01,2025-12,Monday,0,6,False,member,605,Weekday
2025-12-01,2025-12,Monday,0,7,False,casual,168,Weekday
2025-12-01,2025-12,Monday,0,7,False,member,1180,Weekday
2025-12-01,2025-12,Monday,0,8,False,casual,194,Weekday
2025-12-01,2025-12,Monday,0,8,False,member,1508,Weekday
2025-12-01,2025-12,Monday,0,9,False,casual,126,Weekday
2025-12-01,2025-12,Monday,0,9,False,member,908,Weekday
2025-12-01,2025-12,Monday,0,10,False,casual,111,Weekday
2025-12-01,2025-12,Monday,0,10,False,member,627,Weekday
2025-12-01,2025-12,Monday,0,11,False,casual,161,Weekday
2025-12-01,2025-12,Monday,0,11,False,member,742,Weekday
2025-12-01,2025-12,Monday,0,12,False,casual,186,Weekday
2025-12-01,2025-12,Monday,0,12,False,member,869,Weekday
2025-12-01,2025-12,Monday,0,13,False,casual,203,Weekday
2025-12-01,2025-12,Monday,0,13,False,member,879,Weekday
2025-12-01,2025-12,Monday,0,14,False,casual,228,Weekday
2025-12-01,2025-12,Monday,0,14,False,member,981,Weekday
2025-12-01,2025-12,Monday,0,15,False,casual,282,Weekday
2025-12-01,2025-12,Monday,0,15,False,member,1313,Weekday
2025-12-01,2025-12,Monday,0,16,False,casual,331,Weekday
2025-12-01,2025-12,Monday,0,16,False,member,1816,Weekday
2025-12-01,2025-12,Monday,0,17,False,casual,305,Weekday
2025-12-01,2025-12,Monday,0,17,False,member,1951,Weekday
2025-12-01,2025-12,Monday,0,18,False,casual,238,Weekday
2025-12-01,2025-12,Monday,0,18,False,member,1330,Weekday
2025-12-01,2025-12,Monday,0,19,False,casual,181,Weekday
2025-12-01,2025-12,Monday,0,19,False,member,900,Weekday
2025-12-01,2025-12,Monday,0,20,False,casual,122,Weekday
2025-12-01,2025-12,Monday,0,20,False,member,570,Weekday
2025-12-01,2025-12,Monday,0,21,False,casual,118,Weekday
2025-12-01,2025-12,Monday,0,21,False,member,433,Weekday
2025-12-01,2025-12,Monday,0,22,False,casual,90,Weekday
2025-12-01,2025-12,Monday,0,22,False,member,264,Weekday
2025-12-01,2025-12,Monday,0,23,False,casual,66,Weekday
2025-12-01,2025-12,Monday,0,23,False,member,163,Weekday
2025-12-01,2025-12,Tuesday,1,0,False,casual,63,Weekday
2025-12-01,2025-12,Tuesday,1,0,False,member,108,Weekday
2025-12-01,2025-12,Tuesday,1,1,False,casual,40,Weekday
2025-12-01,2025-12,Tuesday,1,1,False,member,67,Weekday
2025-12-01,2025-12,Tuesday,1,2,False,casual,33,Weekday
2025-12-01,2025-12,Tuesday,1,2,False,member,35,Weekday
2025-12-01,2025-12,Tuesday,1,3,False,casual,26,Weekday
2025-12-01,2025-12,Tuesday,1,3,False,member,20,Weekday
2025-12-01,2025-12,Tuesday,1,4,False,casual,26,Weekday
2025-12-01,2025-12,Tuesday,1,4,False,member,51,Weekday
2025-12-01,2025-12,Tuesday,1,5,False,casual,64,Weekday
2025-12-01,2025-12,Tuesday,1,5,False,member,312,Weekday
2025-12-01,2025-12,Tuesday,1,6,False,casual,95,Weekday
2025-12-01,2025-12,Tuesday,1,6,False,member,823,Weekday
2025-12-01,2025-12,Tuesday,1,7,False,casual,217,Weekday
2025-12-01,2025-12,Tuesday,1,7,False,member,1593,Weekday
2025-12-01,2025-12,Tuesday,1,8,False,casual,283,Weekday
2025-12-01,2025-12,Tuesday,1,8,False,member,2125,Weekday
2025-12-01,2025-12,Tuesday,1,9,False,casual,231,Weekday
2025-12-01,2025-12,Tuesday,1,9,False,member,1154,Weekday
2025-12-01,2025-12,Tuesday,1,10,False,casual,164,Weekday
2025-12-01,2025-12,Tuesday,1,10,False,member,828,Weekday
2025-12-01,2025-12,Tuesday,1,11,False,casual,221,Weekday
2025-12-01,2025-12,Tuesday,1,11,False,member,931,Weekday
2025-12-01,2025-12,Tuesday,1,12,False,casual,288,Weekday
2025-12-01,2025-12,Tuesday,1,12,False,member,1107,Weekday
2025-12-01,2025-12,Tuesday,1,13,False,casual,312,Weekday
2025-12-01,2025-12,Tuesday,1,13,False,member,1151,Weekday
2025-12-01,2025-12,Tuesday,1,14,False,casual,384,Weekday
2025-12-01,2025-12,Tuesday,1,14,False,member,1222,Weekday
2025-12-01,2025-12,Tuesday,1,15,False,casual,447,Weekday
2025-12-01,2025-12,Tuesday,1,15,False,member,1709,Weekday
2025-12-01,2025-12,Tuesday,1,16,False,casual,510,Weekday
2025-12-01,2025-12,Tuesday,1,16,False,member,2445,Weekday
2025-12-01,2025-12,Tuesday,1,17,False,casual,484,Weekday
2025-12-01,2025-12,Tuesday,1,17,False,member,2516,Weekday
2025-12-01,2025-12,Tuesday,1,18,False,casual,343,Weekday
2025-12-01,2025-12,Tuesday,1,18,False,member,1666,Weekday
2025-12-01,2025-12,Tuesday,1,19,False,casual,185,Weekday
2025-12-01,2025-12,Tuesday,1,19,False,member,1044,Weekday
2025-12-01,2025-12,Tuesday,1,20,False,casual,139,Weekday
2025-12-01,2025-12,Tuesday,1,20,False,member,623,Weekday
2025-12-01,2025-12,Tuesday,1,21,False,casual,143,Weekday
2025-12-01,2025-12,Tuesday,1,21,False,member,478,Weekday
2025-12-01,2025-12,Tuesday,1,22,False,casual,99,Weekday
2025-12-01,2025-12,Tuesday,1,22,False,member,350,Weekday
2025-12-01,2025-12,Tuesday,1,23,False,casual,125,Weekday
2025-12-01,2025-12,Tuesday,1,23,False,member,251,Weekday
2025-12-01,2025-12,Wednesday,2,0,False,casual,85,Weekday
2025-12-01,2025-12,Wednesday,2,0,False,member,131,Weekday
2025-12-01,2025-12,Wednesday,2,1,False,casual,53,Weekday
2025-12-01,2025-12,Wednesday,2,1,False,member,83,Weekday
2025-12-01,2025-12,Wednesday,2,2,False,casual,42,Weekday
2025-12-01,2025-12,Wednesday,2,2,False,member,50,Weekday
2025-12-01,2025-12,Wednesday,2,3,False,casual,21,Weekday
2025-12-01,2025-12,Wednesday,2,3,False,member,28,Weekday
2025-12-01,2025-12,Wednesday,2,4,False,casual,29,Weekday
2025-12-01,2025-12,Wednesday,2,4,False,member,64,Weekday
2025-12-01,2025-12,Wednesday,2,5,False,casual,56,Weekday
2025-12-01,2025-12,Wednesday,2,5,False,member,294,Weekday
2025-12-01,2025-12,Wednesday,2,6,False,casual,104,Weekday
2025-12-01,2025-12,Wednesday,2,6,False,member,712,Weekday
2025-12-01,2025-12,Wednesday,2,7,False,casual,243,Weekday
2025-12-01,2025-12,Wednesday,2,7,False,member,1559,Weekday
2025-12-01,2025-12,Wednesday,2,8,False,casual,234,Weekday
2025-12-01,2025-12,Wednesday,2,8,False,member,1598,Weekday
2025-12-01,2025-12,Wednesday,2,9,False,casual,175,Weekday
2025-12-01,2025-12,Wednesday,2,9,False,member,1127,Weekday
2025-12-01,2025-12,Wednesday,2,10,False,casual,150,Weekday
2025-12-01,2025-12,Wednesday,2,10,False,member,831,Weekday
2025-12-01,2025-12,Wednesday,2,11,False,casual,230,Weekday
2025-12-01,2025-12,Wednesday,2,11,False,member,962,Weekday
2025-12-01,2025-12,Wednesday,2,12,False,casual,312,Weekday
2025-12-01,2025-12,Wednesday,2,12,False,member,1133,Weekday
2025-12-01,2025-12,Wednesday,2,13,False,casual,293,Weekday
2025-12-01,2025-12,Wednesday,2,13,False,member,1099,Weekday
2025-12-01,2025-12,Wednesday,2,14,False,casual,313,Weekday
2025-12-01,2025-12,Wednesday,2,14,False,member,1168,Weekday
2025-12-01,2025-12,Wednesday,2,15,False,casual,365,Weekday
2025-12-01,2025-12,Wednesday,2,15,False,member,1476,Weekday
2025-12-01,2025-12,Wednesday,2,16,False,casual,410,Weekday
2025-12-01,2025-12,Wednesday,2,16,False,member,2050,Weekday
2025-12-01,2025-12,Wednesday,2,17,False,casual,428,Weekday
2025-12-01,2025-12,Wednesday,2,17,False,member,2201,Weekday
2025-12-01,2025-12,Wednesday,2,18,False,casual,292,Weekday
2025-12-01,2025-12,Wednesday,2,18,False,member,1474,Weekday
2025-12-01,2025-12,Wednesday,2,19,False,casual,195,Weekday
2025-12-01,2025-12,Wednesday,2,19,False,member,997,Weekday
2025-12-01,2025-12,Wednesday,2,20,False,casual,153,Weekday
2025-12-01,2025-12,Wednesday,2,20,False,member,731,Weekday
2025-12-01,2025-12,Wednesday,2,21,False,casual,174,Weekday
2025-12-01,2025-12,Wednesday,2,21,False,member,562,Weekday
2025-12-01,2025-12,Wednesday,2,22,False,casual,122,Weekday
2025-12-01,2025-12,Wednesday,2,22,False,member,385,Weekday
2025-12-01,2025-12,Wednesday,2,23,False,casual,116,Weekday
2025-12-01,2025-12,Wednesday,2,23,False,member,252,Weekday
2025-12-01,2025-12,Thursday,3,0,False,casual,76,Weekday
2025-12-01,2025-12,Thursday,3,0,False,member,148,Weekday
2025-12-01,2025-12,Thursday,3,1,False,casual,43,Weekday
2025-12-01,2025-12,Thursday,3,1,False,member,68,Weekday
2025-12-01,2025-12,Thursday,3,2,False,casual,24,Weekday
2025-12-01,2025-12,Thursday,3,2,False,member,38,Weekday
2025-12-01,2025-12,Thursday,3,3,False,casual,23,Weekday
2025-12-01,2025-12,Thursday,3,3,False,member,33,Weekday
2025-12-01,2025-12,Thursday,3,4,False,casual,25,Weekday
2025-12-01,2025-12,Thursday,3,4,False,member,59,Weekday
2025-12-01,2025-12,Thursday,3,5,False,casual,44,Weekday
2025-12-01,2025-12,Thursday,3,5,False,member,206,Weekday
2025-12-01,2025-12,Thursday,3,6,False,casual,65,Weekday
2025-12-01,2025-12,Thursday,3,6,False,member,548,Weekday
2025-12-01,2025-12,Thursday,3,7,False,casual,200,Weekday
2025-12-01,2025-12,Thursday,3,7,False,member,1143,Weekday
2025-12-01,2025-12,Thursday,3,8,False,casual,220,Weekday
2025-12-01,2025-12,Thursday,3,8,False,member,1528,Weekday
2025-12-01,2025-12,Thursday,3,9,False,casual,175,Weekday
2025-12-01,2025-12,Thursday,3,9,False,member,897,Weekday
2025-12-01,2025-12,Thursday,3,10,False,casual,144,Weekday
2025-12-01,2025-12,Thursday,3,10,False,member,667,Weekday
2025-12-01,2025-12,Thursday,3,11,False,casual,169,Weekday
2025-12-01,2025-12,Thursday,3,11,False,member,776,Weekday
2025-12-01,2025-12,Thursday,3,12,False,casual,219,Weekday
2025-12-01,2025-12,Thursday,3,12,False,member,869,Weekday
2025-12-01,2025-12,Thursday,3,13,False,casual,172,Weekday
2025-12-01,2025-12,Thursday,3,13,False,member,671,Weekday
2025-12-01,2025-12,Thursday,3,14,False,casual,217,Weekday
2025-12-01,2025-12,Thursday,3,14,False,member,695,Weekday
2025-12-01,2025-12,Thursday,3,15,False,casual,233,Weekday
2025-12-01,2025-12,Thursday,3,15,False,member,986,Weekday
2025-12-01,2025-12,Thursday,3,16,False,casual,355,Weekday
2025-12-01,2025-12,Thursday,3,16,False,member,1538,Weekday
2025-12-01,2025-12,Thursday,3,17,False,casual,389,Weekday
2025-12-01,2025-12,Thursday,3,17,False,member,1806,Weekday
2025-12-01,2025-12,Thursday,3,18,False,casual,276,Weekday
2025-12-01,2025-12,Thursday,3,18,False,member,1199,Weekday
2025-12-01,2025-12,Thursday,3,19,False,casual,209,Weekday
2025-12-01,2025-12,Thursday,3,19,False,member,804,Weekday
2025-12-01,2025-12,Thursday,3,20,False,casual,146,Weekday
2025-12-01,2025-12,Thursday,3,20,False,member,576,Weekday
2025-12-01,2025-12,Thursday,3,21,False,casual,116,Weekday
2025-12-01,2025-12,Thursday,3,21,False,member,417,Weekday
2025-12-01,2025-12,Thursday,3,22,False,casual,112,Weekday
2025-12-01,2025-12,Thursday,3,22,False,member,311,Weekday
2025-12-01,2025-12,Thursday,3,23,False,casual,101,Weekday
2025-12-01,2025-12,Thursday,3,23,False,member,226,Weekday
2025-12-01,2025-12,Friday,4,0,False,casual,84,Weekday
2025-12-01,2025-12,Friday,4,0,False,member,163,Weekday
2025-12-01,2025-12,Friday,4,1,False,casual,36,Weekday
2025-12-01,2025-12,Friday,4,1,False,member,98,Weekday
2025-12-01,2025-12,Friday,4,2,False,casual,34,Weekday
2025-12-01,2025-12,Friday,4,2,False,member,53,Weekday
2025-12-01,2025-12,Friday,4,3,False,casual,21,Weekday
2025-12-01,2025-12,Friday,4,3,False,member,31,Weekday
2025-12-01,2025-12,Friday,4,4,False,casual,25,Weekday
2025-12-01,2025-12,Friday,4,4,False,member,52,Weekday
2025-12-01,2025-12,Friday,4,5,False,casual,43,Weekday
2025-12-01,2025-12,Friday,4,5,False,member,195,Weekday
2025-12-01,2025-12,Friday,4,6,False,casual,88,Weekday
2025-12-01,2025-12,Friday,4,6,False,member,475,Weekday
2025-12-01,2025-12,Friday,4,7,False,casual,134,Weekday
2025-12-01,2025-12,Friday,4,7,False,member,847,Weekday
2025-12-01,2025-12,Friday,4,8,False,casual,145,Weekday
2025-12-01,2025-12,Friday,4,8,False,member,1053,Weekday
2025-12-01,2025-12,Friday,4,9,False,casual,167,Weekday
2025-12-01,2025-12,Friday,4,9,False,member,761,Weekday
2025-12-01,2025-12,Friday,4,10,False,casual,146,Weekday
2025-12-01,2025-12,Friday,4,10,False,member,605,Weekday
2025-12-01,2025-12,Friday,4,11,False,casual,219,Weekday
2025-12-01,2025-12,Friday,4,11,False,member,856,Weekday
2025-12-01,2025-12,Friday,4,12,False,casual,261,Weekday
2025-12-01,2025-12,Friday,4,12,False,member,941,Weekday
2025-12-01,2025-12,Friday,4,13,False,casual,288,Weekday
2025-12-01,2025-12,Friday,4,13,False,member,915,Weekday
2025-12-01,2025-12,Friday,4,14,False,casual,335,Weekday
2025-12-01,2025-12,Friday,4,14,False,member,973,Weekday
2025-12-01,2025-12,Friday,4,15,False,casual,329,Weekday
2025-12-01,2025-12,Friday,4,15,False,member,1244,Weekday
2025-12-01,2025-12,Friday,4,16,False,casual,391,Weekday
2025-12-01,2025-12,Friday,4,16,False,member,1547,Weekday
2025-12-01,2025-12,Friday,4,17,False,casual,328,Weekday
2025-12-01,2025-12,Friday,4,17,False,member,1445,Weekday
2025-12-01,2025-12,Friday,4,18,False,casual,292,Weekday
2025-12-01,2025-12,Friday,4,18,False,member,1175,Weekday
2025-12-01,2025-12,Friday,4,19,False,casual,235,Weekday
2025-12-01,2025-12,Friday,4,19,False,member,764,Weekday
2025-12-01,2025-12,Friday,4,20,False,casual,157,Weekday
2025-12-01,2025-12,Friday,4,20,False,member,480,Weekday
2025-12-01,2025-12,Friday,4,21,False,casual,159,Weekday
2025-12-01,2025-12,Friday,4,21,False,member,386,Weekday
2025-12-01,2025-12,Friday,4,22,False,casual,116,Weekday
2025-12-01,2025-12,Friday,4,22,False,member,364,Weekday
2025-12-01,2025-12,Friday,4,23,False,casual,163,Weekday
2025-12-01,2025-12,Friday,4,23,False,member,256,Weekday
2025-12-01,2025-12,Saturday,5,0,True,casual,168,Weekend
2025-12-01,2025-12,Saturday,5,0,True,member,253,Weekend
2025-12-01,2025-12,Saturday,5,1,True,casual,159,Weekend
2025-12-01,2025-12,Saturday,5,1,True,member,185,Weekend
2025-12-01,2025-12,Saturday,5,2,True,casual,86,Weekend
2025-12-01,2025-12,Saturday,5,2,True,member,137,Weekend
2025-12-01,2025-12,Saturday,5,3,True,casual,57,Weekend
2025-12-01,2025-12,Saturday,5,3,True,member,67,Weekend
2025-12-01,2025-12,Saturday,5,4,True,casual,57,Weekend
2025-12-01,2025-12,Saturday,5,4,True,member,33,Weekend
2025-12-01,2025-12,Saturday,5,5,True,casual,30,Weekend
2025-12-01,2025-12,Saturday,5,5,True,member,80,Weekend
2025-12-01,2025-12,Saturday,5,6,True,casual,34,Weekend
2025-12-01,2025-12,Saturday,5,6,True,member,156,Weekend
2025-12-01,2025-12,Saturday,5,7,True,casual,69,Weekend
2025-12-01,2025-12,Saturday,5,7,True,member,264,Weekend
2025-12-01,2025-12,Saturday,5,8,True,casual,114,Weekend
2025-12-01,2025-12,Saturday,5,8,True,member,459,Weekend
2025-12-01,2025-12,Saturday,5,9,True,casual,137,Weekend
2025-12-01,2025-12,Saturday,5,9,True,member,627,Weekend
2025-12-01,2025-12,Saturday,5,10,True,casual,262,Weekend
2025-12-01,2025-12,Saturday,5,10,True,member,751,Weekend
2025-12-01,2025-12,Saturday,5,11,True,casual,294,Weekend
2025-12-01,2025-12,Saturday,5,11,True,member,891,Weekend
2025-12-01,2025-12,Saturday,5,12,True,casual,349,Weekend
2025-12-01,2025-12,Saturday,5,12,True,member,962,Weekend
2025-12-01,2025-12,Saturday,5,13,True,casual,322,Weekend
2025-12-01,2025-12,Saturday,5,13,True,member,940,Weekend
2025-12-01,2025-12,Saturday,5,14,True,casual,386,Weekend
2025-12-01,2025-12,Saturday,5,14,True,member,954,Weekend
2025-12-01,2025-12,Saturday,5,15,True,casual,383,Weekend
2025-12-01,2025-12,Saturday,5,15,True,member,980,Weekend
2025-12-01,2025-12,Saturday,5,16,True,casual,362,Weekend
2025-12-01,2025-12,Saturday,5,16,True,member,972,Weekend
2025-12-01,2025-12,Saturday,5,17,True,casual,316,Weekend
2025-12-01,2025-12,Saturday,5,17,True,member,854,Weekend
2025-12-01,2025-12,Saturday,5,18,True,casual,337,Weekend
2025-12-01,2025-12,Saturday,5,18,True,member,741,Weekend
2025-12-01,2025-12,Saturday,5,19,True,casual,250,Weekend
2025-12-01,2025-12,Saturday,5,19,True,member,583,Weekend
2025-12-01,2025-12,Saturday,5,20,True,casual,138,Weekend
2025-12-01,2025-12,Saturday,5,20,True,member,379,Weekend
2025-12-01,2025-12,Saturday,5,21,True,casual,139,Weekend
2025-12-01,2025-12,Saturday,5,21,True,member,343,Weekend
2025-12-01,2025-12,Saturday,5,22,True,casual,219,Weekend
2025-12-01,2025-12,Saturday,5,22,True,member,361,Weekend
2025-12-01,2025-12,Saturday,5,23,True,casual,228,Weekend
2025-12-01,2025-12,Saturday,5,23,True,member,322,Weekend
2025-12-01,2025-12,Sunday,6,0,True,casual,144,Weekend
2025-12-01,2025-12,Sunday,6,0,True,member,251,Weekend
2025-12-01,2025-12,Sunday,6,1,True,casual,75,Weekend
2025-12-01,2025-12,Sunday,6,1,True,member,157,Weekend
2025-12-01,2025-12,Sunday,6,2,True,casual,79,Weekend
2025-12-01,2025-12,Sunday,6,2,True,member,112,Weekend
2025-12-01,2025-12,Sunday,6,3,True,casual,47,Weekend
2025-12-01,2025-12,Sunday,6,3,True,member,60,Weekend
2025-12-01,2025-12,Sunday,6,4,True,casual,27,Weekend
2025-12-01,2025-12,Sunday,6,4,True,member,23,Weekend
2025-12-01,2025-12,Sunday,6,5,True,casual,18,Weekend
2025-12-01,2025-12,Sunday,6,5,True,member,42,Weekend
2025-12-01,2025-12,Sunday,6,6,True,casual,15,Weekend
2025-12-01,2025-12,Sunday,6,6,True,member,84,Weekend
2025-12-01,2025-12,Sunday,6,7,True,casual,21,Weekend
2025-12-01,2025-12,Sunday,6,7,True,member,92,Weekend
2025-12-01,2025-12,Sunday,6,8,True,casual,39,Weekend
2025-12-01,2025-12,Sunday,6,8,True,member,187,Weekend
2025-12-01,2025-12,Sunday,6,9,True,casual,59,Weekend
2025-12-01,2025-12,Sunday,6,9,True,member,267,Weekend
2025-12-01,2025-12,Sunday,6,10,True,casual,91,Weekend
2025-12-01,2025-12,Sunday,6,10,True,member,378,Weekend
2025-12-01,2025-12,Sunday,6,11,True,casual,149,Weekend
2025-12-01,2025-12,Sunday,6,11,True,member,490,Weekend
2025-12-01,2025-12,Sunday,6,12,True,casual,131,Weekend
2025-12-01,2025-12,Sunday,6,12,True,member,493,Weekend
2025-12-01,2025-12,Sunday,6,13,True,casual,122,Weekend
2025-12-01,2025-12,Sunday,6,13,True,member,478,Weekend
2025-12-01,2025-12,Sunday,6,14,True,casual,197,Weekend
2025-12-01,2025-12,Sunday,6,14,True,member,583,Weekend
2025-12-01,2025-12,Sunday,6,15,True,casual,228,Weekend
2025-12-01,2025-12,Sunday,6,15,True,member,657,Weekend
2025-12-01,2025-12,Sunday,6,16,True,casual,169,Weekend
2025-12-01,2025-12,Sunday,6,16,True,member,623,Weekend
2025-12-01,2025-12,Sunday,6,17,True,casual,144,Weekend
2025-12-01,2025-12,Sunday,6,17,True,member,495,Weekend
2025-12-01,2025-12,Sunday,6,18,True,casual,134,Weekend
2025-12-01,2025-12,Sunday,6,18,True,member,501,Weekend
2025-12-01,2025-12,Sunday,6,19,True,casual,98,Weekend
2025-12-01,2025-12,Sunday,6,19,True,member,363,Weekend
2025-12-01,2025-12,Sunday,6,20,True,casual,72,Weekend
2025-12-01,2025-12,Sunday,6,20,True,member,247,Weekend
2025-12-01,2025-12,Sunday,6,21,True,casual,70,Weekend
2025-12-01,2025-12,Sunday,6,21,True,member,196,Weekend
2025-12-01,2025-12,Sunday,6,22,True,casual,80,Weekend
2025-12-01,2025-12,Sunday,6,22,True,member,198,Weekend
2025-12-01,2025-12,Sunday,6,23,True,casual,59,Weekend
2025-12-01,2025-12,Sunday,6,23,True,member,116,Weekend
2026-01-01,2026-01,Monday,0,0,False,casual,50,Weekday
2026-01-01,2026-01,Monday,0,0,False,member,69,Weekday
2026-01-01,2026-01,Monday,0,1,False,casual,32,Weekday
2026-01-01,2026-01,Monday,0,1,False,member,51,Weekday
2026-01-01,2026-01,Monday,0,2,False,casual,18,Weekday
2026-01-01,2026-01,Monday,0,2,False,member,35,Weekday
2026-01-01,2026-01,Monday,0,3,False,casual,14,Weekday
2026-01-01,2026-01,Monday,0,3,False,member,16,Weekday
2026-01-01,2026-01,Monday,0,4,False,casual,6,Weekday
2026-01-01,2026-01,Monday,0,4,False,member,39,Weekday
2026-01-01,2026-01,Monday,0,5,False,casual,44,Weekday
2026-01-01,2026-01,Monday,0,5,False,member,229,Weekday
2026-01-01,2026-01,Monday,0,6,False,casual,62,Weekday
2026-01-01,2026-01,Monday,0,6,False,member,568,Weekday
2026-01-01,2026-01,Monday,0,7,False,casual,118,Weekday
2026-01-01,2026-01,Monday,0,7,False,member,1111,Weekday
2026-01-01,2026-01,Monday,0,8,False,casual,189,Weekday
2026-01-01,2026-01,Monday,0,8,False,member,1392,Weekday
2026-01-01,2026-01,Monday,0,9,False,casual,131,Weekday
2026-01-01,2026-01,Monday,0,9,False,member,692,Weekday
2026-01-01,2026-01,Monday,0,10,False,casual,101,Weekday
2026-01-01,2026-01,Monday,0,10,False,member,473,Weekday
2026-01-01,2026-01,Monday,0,11,False,casual,121,Weekday
2026-01-01,2026-01,Monday,0,11,False,member,614,Weekday
2026-01-01,2026-01,Monday,0,12,False,casual,152,Weekday
2026-01-01,2026-01,Monday,0,12,False,member,743,Weekday
2026-01-01,2026-01,Monday,0,13,False,casual,165,Weekday
2026-01-01,2026-01,Monday,0,13,False,member,703,Weekday
2026-01-01,2026-01,Monday,0,14,False,casual,168,Weekday
2026-01-01,2026-01,Monday,0,14,False,member,720,Weekday
2026-01-01,2026-01,Monday,0,15,False,casual,249,Weekday
2026-01-01,2026-01,Monday,0,15,False,member,1131,Weekday
2026-01-01,2026-01,Monday,0,16,False,casual,315,Weekday
2026-01-01,2026-01,Monday,0,16,False,member,1760,Weekday
2026-01-01,2026-01,Monday,0,17,False,casual,283,Weekday
2026-01-01,2026-01,Monday,0,17,False,member,1967,Weekday
2026-01-01,2026-01,Monday,0,18,False,casual,190,Weekday
2026-01-01,2026-01,Monday,0,18,False,member,1282,Weekday
2026-01-01,2026-01,Monday,0,19,False,casual,158,Weekday
2026-01-01,2026-01,Monday,0,19,False,member,772,Weekday
2026-01-01,2026-01,Monday,0,20,False,casual,108,Weekday
2026-01-01,2026-01,Monday,0,20,False,member,557,Weekday
2026-01-01,2026-01,Monday,0,21,False,casual,88,Weekday
2026-01-01,2026-01,Monday,0,21,False,member,357,Weekday
2026-01-01,2026-01,Monday,0,22,False,casual,71,Weekday
2026-01-01,2026-01,Monday,0,22,False,member,245,Weekday
2026-01-01,2026-01,Monday,0,23,False,casual,43,Weekday
2026-01-01,2026-01,Monday,0,23,False,member,130,Weekday
2026-01-01,2026-01,Tuesday,1,0,False,casual,37,Weekday
2026-01-01,2026-01,Tuesday,1,0,False,member,62,Weekday
2026-01-01,2026-01,Tuesday,1,1,False,casual,17,Weekday
2026-01-01,2026-01,Tuesday,1,1,False,member,33,Weekday
2026-01-01,2026-01,Tuesday,1,2,False,casual,11,Weekday
2026-01-01,2026-01,Tuesday,1,2,False,member,26,Weekday
2026-01-01,2026-01,Tuesday,1,3,False,casual,10,Weekday
2026-01-01,2026-01,Tuesday,1,3,False,member,29,Weekday
2026-01-01,2026-01,Tuesday,1,4,False,casual,17,Weekday
2026-01-01,2026-01,Tuesday,1,4,False,member,48,Weekday
2026-01-01,2026-01,Tuesday,1,5,False,casual,45,Weekday
2026-01-01,2026-01,Tuesday,1,5,False,member,324,Weekday
2026-01-01,2026-01,Tuesday,1,6,False,casual,132,Weekday
2026-01-01,2026-01,Tuesday,1,6,False,member,855,Weekday
2026-01-01,2026-01,Tuesday,1,7,False,casual,260,Weekday
2026-01-01,2026-01,Tuesday,1,7,False,member,1763,Weekday
2026-01-01,2026-01,Tuesday,1,8,False,casual,306,Weekday
2026-01-01,2026-01,Tuesday,1,8,False,member,2329,Weekday
2026-01-01,2026-01,Tuesday,1,9,False,casual,193,Weekday
2026-01-01,2026-01,Tuesday,1,9,False,member,1084,Weekday
2026-01-01,2026-01,Tuesday,1,10,False,casual,125,Weekday
2026-01-01,2026-01,Tuesday,1,10,False,member,704,Weekday
2026-01-01,2026-01,Tuesday,1,11,False,casual,184,Weekday
2026-01-01,2026-01,Tuesday,1,11,False,member,745,Weekday
2026-01-01,2026-01,Tuesday,1,12,False,casual,191,Weekday
2026-01-01,2026-01,Tuesday,1,12,False,member,962,Weekday
2026-01-01,2026-01,Tuesday,1,13,False,casual,206,Weekday
2026-01-01,2026-01,Tuesday,1,13,False,member,936,Weekday
2026-01-01,2026-01,Tuesday,1,14,False,casual,224,Weekday
2026-01-01,2026-01,Tuesday,1,14,False,member,884,Weekday
2026-01-01,2026-01,Tuesday,1,15,False,casual,321,Weekday
2026-01-01,2026-01,Tuesday,1,15,False,member,1414,Weekday
2026-01-01,2026-01,Tuesday,1,16,False,casual,427,Weekday
2026-01-01,2026-01,Tuesday,1,16,False,member,2487,Weekday
2026-01-01,2026-01,Tuesday,1,17,False,casual,453,Weekday
2026-01-01,2026-01,Tuesday,1,17,False,member,2784,Weekday
2026-01-01,2026-01,Tuesday,1,18,False,casual,337,Weekday
2026-01-01,2026-01,Tuesday,1,18,False,member,1777,Weekday
2026-01-01,2026-01,Tuesday,1,19,False,casual,208,Weekday
2026-01-01,2026-01,Tuesday,1,19,False,member,1078,Weekday
2026-01-01,2026-01,Tuesday,1,20,False,casual,166,Weekday
2026-01-01,2026-01,Tuesday,1,20,False,member,801,Weekday
2026-01-01,2026-01,Tuesday,1,21,False,casual,126,Weekday
2026-01-01,2026-01,Tuesday,1,21,False,member,533,Weekday
2026-01-01,2026-01,Tuesday,1,22,False,casual,88,Weekday
2026-01-01,2026-01,Tuesday,1,22,False,member,313,Weekday
2026-01-01,2026-01,Tuesday,1,23,False,casual,51,Weekday
2026-01-01,2026-01,Tuesday,1,23,False,member,154,Weekday
2026-01-01,2026-01,Wednesday,2,0,False,casual,38,Weekday
2026-01-01,2026-01,Wednesday,2,0,False,member,74,Weekday
2026-01-01,2026-01,Wednesday,2,1,False,casual,19,Weekday
2026-01-01,2026-01,Wednesday,2,1,False,member,38,Weekday
2026-01-01,2026-01,Wednesday,2,2,False,casual,26,Weekday
2026-01-01,2026-01,Wednesday,2,2,False,member,29,Weekday
2026-01-01,2026-01,Wednesday,2,3,False,casual,11,Weekday
2026-01-01,2026-01,Wednesday,2,3,False,member,16,Weekday
2026-01-01,2026-01,Wednesday,2,4,False,casual,19,Weekday
2026-01-01,2026-01,Wednesday,2,4,False,member,52,Weekday
2026-01-01,2026-01,Wednesday,2,5,False,casual,49,Weekday
2026-01-01,2026-01,Wednesday,2,5,False,member,341,Weekday
2026-01-01,2026-01,Wednesday,2,6,False,casual,122,Weekday
2026-01-01,2026-01,Wednesday,2,6,False,member,926,Weekday
2026-01-01,2026-01,Wednesday,2,7,False,casual,210,Weekday
2026-01-01,2026-01,Wednesday,2,7,False,member,1568,Weekday
2026-01-01,2026-01,Wednesday,2,8,False,casual,292,Weekday
2026-01-01,2026-01,Wednesday,2,8,False,member,2033,Weekday
2026-01-01,2026-01,Wednesday,2,9,False,casual,164,Weekday
2026-01-01,2026-01,Wednesday,2,9,False,member,952,Weekday
2026-01-01,2026-01,Wednesday,2,10,False,casual,112,Weekday
2026-01-01,2026-01,Wednesday,2,10,False,member,569,Weekday
2026-01-01,2026-01,Wednesday,2,11,False,casual,141,Weekday
2026-01-01,2026-01,Wednesday,2,11,False,member,670,Weekday
2026-01-01,2026-01,Wednesday,2,12,False,casual,168,Weekday
2026-01-01,2026-01,Wednesday,2,12,False,member,790,Weekday
2026-01-01,2026-01,Wednesday,2,13,False,casual,151,Weekday
2026-01-01,2026-01,Wednesday,2,13,False,member,822,Weekday
2026-01-01,2026-01,Wednesday,2,14,False,casual,203,Weekday
2026-01-01,2026-01,Wednesday,2,14,False,member,828,Weekday
2026-01-01,2026-01,Wednesday,2,15,False,casual,274,Weekday
2026-01-01,2026-01,Wednesday,2,15,False,member,1259,Weekday
2026-01-01,2026-01,Wednesday,2,16,False,casual,407,Weekday
2026-01-01,2026-01,Wednesday,2,16,False,member,2171,Weekday
2026-01-01,2026-01,Wednesday,2,17,False,casual,388,Weekday
2026-01-01,2026-01,Wednesday,2,17,False,member,2355,Weekday
2026-01-01,2026-01,Wednesday,2,18,False,casual,251,Weekday
2026-01-01,2026-01,Wednesday,2,18,False,member,1574,Weekday
2026-01-01,2026-01,Wednesday,2,19,False,casual,202,Weekday
2026-01-01,2026-01,Wednesday,2,19,False,member,909,Weekday
2026-01-01,2026-01,Wednesday,2,20,False,casual,121,Weekday
2026-01-01,2026-01,Wednesday,2,20,False,member,675,Weekday
2026-01-01,2026-01,Wednesday,2,21,False,casual,122,Weekday
2026-01-01,2026-01,Wednesday,2,21,False,member,495,Weekday
2026-01-01,2026-01,Wednesday,2,22,False,casual,80,Weekday
2026-01-01,2026-01,Wednesday,2,22,False,member,304,Weekday
2026-01-01,2026-01,Wednesday,2,23,False,casual,51,Weekday
2026-01-01,2026-01,Wednesday,2,23,False,member,163,Weekday
2026-01-01,2026-01,Thursday,3,0,False,casual,95,Weekday
2026-01-01,2026-01,Thursday,3,0,False,member,151,Weekday
2026-01-01,2026-01,Thursday,3,1,False,casual,119,Weekday
2026-01-01,2026-01,Thursday,3,1,False,member,133,Weekday
2026-01-01,2026-01,Thursday,3,2,False,casual,89,Weekday
2026-01-01,2026-01,Thursday,3,2,False,member,92,Weekday
2026-01-01,2026-01,Thursday,3,3,False,casual,25,Weekday
2026-01-01,2026-01,Thursday,3,3,False,member,37,Weekday
2026-01-01,2026-01,Thursday,3,4,False,casual,27,Weekday
2026-01-01,2026-01,Thursday,3,4,False,member,52,Weekday
2026-01-01,2026-01,Thursday,3,5,False,casual,53,Weekday
2026-01-01,2026-01,Thursday,3,5,False,member,300,Weekday
2026-01-01,2026-01,Thursday,3,6,False,casual,116,Weekday
2026-01-01,2026-01,Thursday,3,6,False,member,768,Weekday
2026-01-01,2026-01,Thursday,3,7,False,casual,248,Weekday
2026-01-01,2026-01,Thursday,3,7,False,member,1599,Weekday
2026-01-01,2026-01,Thursday,3,8,False,casual,334,Weekday
2026-01-01,2026-01,Thursday,3,8,False,member,2229,Weekday
2026-01-01,2026-01,Thursday,3,9,False,casual,211,Weekday
2026-01-01,2026-01,Thursday,3,9,False,member,1106,Weekday
2026-01-01,2026-01,Thursday,3,10,False,casual,151,Weekday
2026-01-01,2026-01,Thursday,3,10,False,member,711,Weekday
2026-01-01,2026-01,Thursday,3,11,False,casual,149,Weekday
2026-01-01,2026-01,Thursday,3,11,False,member,851,Weekday
2026-01-01,2026-01,Thursday,3,12,False,casual,250,Weekday
2026-01-01,2026-01,Thursday,3,12,False,member,1009,Weekday
2026-01-01,2026-01,Thursday,3,13,False,casual,229,Weekday
2026-01-01,2026-01,Thursday,3,13,False,member,1014,Weekday
2026-01-01,2026-01,Thursday,3,14,False,casual,234,Weekday
2026-01-01,2026-01,Thursday,3,14,False,member,883,Weekday
2026-01-01,2026-01,Thursday,3,15,False,casual,264,Weekday
2026-01-01,2026-01,Thursday,3,15,False,member,1360,Weekday
2026-01-01,2026-01,Thursday,3,16,False,casual,378,Weekday
2026-01-01,2026-01,Thursday,3,16,False,member,1967,Weekday
2026-01-01,2026-01,Thursday,3,17,False,casual,300,Weekday
2026-01-01,2026-01,Thursday,3,17,False,member,1839,Weekday
2026-01-01,2026-01,Thursday,3,18,False,casual,174,Weekday
2026-01-01,2026-01,Thursday,3,18,False,member,1110,Weekday
2026-01-01,2026-01,Thursday,3,19,False,casual,122,Weekday
2026-01-01,2026-01,Thursday,3,19,False,member,630,Weekday
2026-01-01,2026-01,Thursday,3,20,False,casual,98,Weekday
2026-01-01,2026-01,Thursday,3,20,False,member,479,Weekday
2026-01-01,2026-01,Thursday,3,21,False,casual,91,Weekday
2026-01-01,2026-01,Thursday,3,21,False,member,328,Weekday
2026-01-01,2026-01,Thursday,3,22,False,casual,80,Weekday
2026-01-01,2026-01,Thursday,3,22,False,member,289,Weekday
2026-01-01,2026-01,Thursday,3,23,False,casual,62,Weekday
2026-01-01,2026-01,Thursday,3,23,False,member,175,Weekday
2026-01-01,2026-01,Friday,4,0,False,casual,53,Weekday
2026-01-01,2026-01,Friday,4,0,False,member,91,Weekday
2026-01-01,2026-01,Friday,4,1,False,casual,41,Weekday
2026-01-01,2026-01,Friday,4,1,False,member,53,Weekday
2026-01-01,2026-01,Friday,4,2,False,casual,24,Weekday
2026-01-01,2026-01,Friday,4,2,False,member,51,Weekday
2026-01-01,2026-01,Friday,4,3,False,casual,13,Weekday
2026-01-01,2026-01,Friday,4,3,False,member,31,Weekday
2026-01-01,2026-01,Friday,4,4,False,casual,16,Weekday
2026-01-01,2026-01,Friday,4,4,False,member,50,Weekday
2026-01-01,2026-01,Friday,4,5,False,casual,46,Weekday
2026-01-01,2026-01,Friday,4,5,False,member,263,Weekday
2026-01-01,2026-01,Friday,4,6,False,casual,79,Weekday
2026-01-01,2026-01,Friday,4,6,False,member,581,Weekday
2026-01-01,2026-01,Friday,4,7,False,casual,117,Weekday
2026-01-01,2026-01,Friday,4,7,False,member,862,Weekday
2026-01-01,2026-01,Friday,4,8,False,casual,146,Weekday
2026-01-01,2026-01,Friday,4,8,False,member,1043,Weekday
2026-01-01,2026-01,Friday,4,9,False,casual,166,Weekday
2026-01-01,2026-01,Friday,4,9,False,member,656,Weekday
2026-01-01,2026-01,Friday,4,10,False,casual,131,Weekday
2026-01-01,2026-01,Friday,4,10,False,member,549,Weekday
2026-01-01,2026-01,Friday,4,11,False,casual,153,Weekday
2026-01-01,2026-01,Friday,4,11,False,member,696,Weekday
2026-01-01,2026-01,Friday,4,12,False,casual,189,Weekday
2026-01-01,2026-01,Friday,4,12,False,member,860,Weekday
2026-01-01,2026-01,Friday,4,13,False,casual,212,Weekday
2026-01-01,2026-01,Friday,4,13,False,member,941,Weekday
2026-01-01,2026-01,Friday,4,14,False,casual,267,Weekday
2026-01-01,2026-01,Friday,4,14,False,member,995,Weekday
2026-01-01,2026-01,Friday,4,15,False,casual,353,Weekday
2026-01-01,2026-01,Friday,4,15,False,member,1370,Weekday
2026-01-01,2026-01,Friday,4,16,False,casual,383,Weekday
2026-01-01,2026-01,Friday,4,16,False,member,1701,Weekday
2026-01-01,2026-01,Friday,4,17,False,casual,353,Weekday
2026-01-01,2026-01,Friday,4,17,False,member,1731,Weekday
2026-01-01,2026-01,Friday,4,18,False,casual,254,Weekday
2026-01-01,2026-01,Friday,4,18,False,member,1217,Weekday
2026-01-01,2026-01,Friday,4,19,False,casual,234,Weekday
2026-01-01,2026-01,Friday,4,19,False,member,830,Weekday
2026-01-01,2026-01,Friday,4,20,False,casual,136,Weekday
2026-01-01,2026-01,Friday,4,20,False,member,527,Weekday
2026-01-01,2026-01,Friday,4,21,False,casual,152,Weekday
2026-01-01,2026-01,Friday,4,21,False,member,439,Weekday
2026-01-01,2026-01,Friday,4,22,False,casual,146,Weekday
2026-01-01,2026-01,Friday,4,22,False,member,325,Weekday
2026-01-01,2026-01,Friday,4,23,False,casual,134,Weekday
2026-01-01,2026-01,Friday,4,23,False,member,239,Weekday
2026-01-01,2026-01,Saturday,5,0,True,casual,103,Weekend
2026-01-01,2026-01,Saturday,5,0,True,member,230,Weekend
2026-01-01,2026-01,Saturday,5,1,True,casual,92,Weekend
2026-01-01,2026-01,Saturday,5,1,True,member,161,Weekend
2026-01-01,2026-01,Saturday,5,2,True,casual,69,Weekend
2026-01-01,2026-01,Saturday,5,2,True,member,113,Weekend
2026-01-01,2026-01,Saturday,5,3,True,casual,50,Weekend
2026-01-01,2026-01,Saturday,5,3,True,member,35,Weekend
2026-01-01,2026-01,Saturday,5,4,True,casual,30,Weekend
2026-01-01,2026-01,Saturday,5,4,True,member,27,Weekend
2026-01-01,2026-01,Saturday,5,5,True,casual,8,Weekend
2026-01-01,2026-01,Saturday,5,5,True,member,58,Weekend
2026-01-01,2026-01,Saturday,5,6,True,casual,23,Weekend
2026-01-01,2026-01,Saturday,5,6,True,member,163,Weekend
2026-01-01,2026-01,Saturday,5,7,True,casual,58,Weekend
2026-01-01,2026-01,Saturday,5,7,True,member,189,Weekend
2026-01-01,2026-01,Saturday,5,8,True,casual,67,Weekend
2026-01-01,2026-01,Saturday,5,8,True,member,378,Weekend
2026-01-01,2026-01,Saturday,5,9,True,casual,111,Weekend
2026-01-01,2026-01,Saturday,5,9,True,member,498,Weekend
2026-01-01,2026-01,Saturday,5,10,True,casual,142,Weekend
2026-01-01,2026-01,Saturday,5,10,True,member,635,Weekend
2026-01-01,2026-01,Saturday,5,11,True,casual,139,Weekend
2026-01-01,2026-01,Saturday,5,11,True,member,714,Weekend
2026-01-01,2026-01,Saturday,5,12,True,casual,182,Weekend
2026-01-01,2026-01,Saturday,5,12,True,member,772,Weekend
2026-01-01,2026-01,Saturday,5,13,True,casual,224,Weekend
2026-01-01,2026-01,Saturday,5,13,True,member,870,Weekend
2026-01-01,2026-01,Saturday,5,14,True,casual,282,Weekend
2026-01-01,2026-01,Saturday,5,14,True,member,869,Weekend
2026-01-01,2026-01,Saturday,5,15,True,casual,311,Weekend
2026-01-01,2026-01,Saturday,5,15,True,member,1064,Weekend
2026-01-01,2026-01,Saturday,5,16,True,casual,291,Weekend
2026-01-01,2026-01,Saturday,5,16,True,member,1013,Weekend
2026-01-01,2026-01,Saturday,5,17,True,casual,284,Weekend
2026-01-01,2026-01,Saturday,5,17,True,member,906,Weekend
2026-01-01,2026-01,Saturday,5,18,True,casual,198,Weekend
2026-01-01,2026-01,Saturday,5,18,True,member,713,Weekend
2026-01-01,2026-01,Saturday,5,19,True,casual,112,Weekend
2026-01-01,2026-01,Saturday,5,19,True,member,527,Weekend
2026-01-01,2026-01,Saturday,5,20,True,casual,103,Weekend
2026-01-01,2026-01,Saturday,5,20,True,member,378,Weekend
2026-01-01,2026-01,Saturday,5,21,True,casual,99,Weekend
2026-01-01,2026-01,Saturday,5,21,True,member,318,Weekend
2026-01-01,2026-01,Saturday,5,22,True,casual,162,Weekend
2026-01-01,2026-01,Saturday,5,22,True,member,321,Weekend
2026-01-01,2026-01,Saturday,5,23,True,casual,249,Weekend
2026-01-01,2026-01,Saturday,5,23,True,member,429,Weekend
2026-01-01,2026-01,Sunday,6,0,True,casual,114,Weekend
2026-01-01,2026-01,Sunday,6,0,True,member,174,Weekend
2026-01-01,2026-01,Sunday,6,1,True,casual,90,Weekend
2026-01-01,2026-01,Sunday,6,1,True,member,142,Weekend
2026-01-01,2026-01,Sunday,6,2,True,casual,51,Weekend
2026-01-01,2026-01,Sunday,6,2,True,member,100,Weekend
2026-01-01,2026-01,Sunday,6,3,True,casual,23,Weekend
2026-01-01,2026-01,Sunday,6,3,True,member,51,Weekend
2026-01-01,2026-01,Sunday,6,4,True,casual,15,Weekend
2026-01-01,2026-01,Sunday,6,4,True,member,31,Weekend
2026-01-01,2026-01,Sunday,6,5,True,casual,34,Weekend
2026-01-01,2026-01,Sunday,6,5,True,member,33,Weekend
2026-01-01,2026-01,Sunday,6,6,True,casual,29,Weekend
2026-01-01,2026-01,Sunday,6,6,True,member,95,Weekend
2026-01-01,2026-01,Sunday,6,7,True,casual,27,Weekend
2026-01-01,2026-01,Sunday,6,7,True,member,128,Weekend
2026-01-01,2026-01,Sunday,6,8,True,casual,51,Weekend
2026-01-01,2026-01,Sunday,6,8,True,member,229,Weekend
2026-01-01,2026-01,Sunday,6,9,True,casual,86,Weekend
2026-01-01,2026-01,Sunday,6,9,True,member,465,Weekend
2026-01-01,2026-01,Sunday,6,10,True,casual,150,Weekend
2026-01-01,2026-01,Sunday,6,10,True,member,615,Weekend
2026-01-01,2026-01,Sunday,6,11,True,casual,160,Weekend
2026-01-01,2026-01,Sunday,6,11,True,member,650,Weekend
2026-01-01,2026-01,Sunday,6,12,True,casual,195,Weekend
2026-01-01,2026-01,Sunday,6,12,True,member,722,Weekend
2026-01-01,2026-01,Sunday,6,13,True,casual,238,Weekend
2026-01-01,2026-01,Sunday,6,13,True,member,749,Weekend
2026-01-01,2026-01,Sunday,6,14,True,casual,303,Weekend
2026-01-01,2026-01,Sunday,6,14,True,member,775,Weekend
2026-01-01,2026-01,Sunday,6,15,True,casual,270,Weekend2026-01-01,2026-01,Sunday,6,15,True,member,793,Weekend
2026-01-01,2026-01,Sunday,6,16,True,casual,255,Weekend
2026-01-01,2026-01,Sunday,6,16,True,member,790,Weekend
2026-01-01,2026-01,Sunday,6,17,True,casual,156,Weekend
2026-01-01,2026-01,Sunday,6,17,True,member,593,Weekend
2026-01-01,2026-01,Sunday,6,18,True,casual,185,Weekend
2026-01-01,2026-01,Sunday,6,18,True,member,514,Weekend
2026-01-01,2026-01,Sunday,6,19,True,casual,114,Weekend
2026-01-01,2026-01,Sunday,6,19,True,member,407,Weekend
2026-01-01,2026-01,Sunday,6,20,True,casual,81,Weekend
2026-01-01,2026-01,Sunday,6,20,True,member,250,Weekend
2026-01-01,2026-01,Sunday,6,21,True,casual,185,Weekend
2026-01-01,2026-01,Sunday,6,21,True,member,341,Weekend
2026-01-01,2026-01,Sunday,6,22,True,casual,84,Weekend
2026-01-01,2026-01,Sunday,6,22,True,member,212,Weekend
2026-01-01,2026-01,Sunday,6,23,True,casual,42,Weekend
2026-01-01,2026-01,Sunday,6,23,True,member,86,Weekend
2026-02-01,2026-02,Monday,0,0,False,casual,46,Weekday
2026-02-01,2026-02,Monday,0,0,False,member,86,Weekday
2026-02-01,2026-02,Monday,0,1,False,casual,41,Weekday
2026-02-01,2026-02,Monday,0,1,False,member,42,Weekday
2026-02-01,2026-02,Monday,0,2,False,casual,29,Weekday
2026-02-01,2026-02,Monday,0,2,False,member,30,Weekday
2026-02-01,2026-02,Monday,0,3,False,casual,18,Weekday
2026-02-01,2026-02,Monday,0,3,False,member,33,Weekday
2026-02-01,2026-02,Monday,0,4,False,casual,10,Weekday
2026-02-01,2026-02,Monday,0,4,False,member,39,Weekday
2026-02-01,2026-02,Monday,0,5,False,casual,42,Weekday
2026-02-01,2026-02,Monday,0,5,False,member,282,Weekday
2026-02-01,2026-02,Monday,0,6,False,casual,115,Weekday
2026-02-01,2026-02,Monday,0,6,False,member,683,Weekday
2026-02-01,2026-02,Monday,0,7,False,casual,154,Weekday
2026-02-01,2026-02,Monday,0,7,False,member,1376,Weekday
2026-02-01,2026-02,Monday,0,8,False,casual,192,Weekday
2026-02-01,2026-02,Monday,0,8,False,member,1684,Weekday
2026-02-01,2026-02,Monday,0,9,False,casual,191,Weekday
2026-02-01,2026-02,Monday,0,9,False,member,1004,Weekday
2026-02-01,2026-02,Monday,0,10,False,casual,195,Weekday
2026-02-01,2026-02,Monday,0,10,False,member,780,Weekday
2026-02-01,2026-02,Monday,0,11,False,casual,236,Weekday
2026-02-01,2026-02,Monday,0,11,False,member,926,Weekday
2026-02-01,2026-02,Monday,0,12,False,casual,322,Weekday
2026-02-01,2026-02,Monday,0,12,False,member,1103,Weekday
2026-02-01,2026-02,Monday,0,13,False,casual,386,Weekday
2026-02-01,2026-02,Monday,0,13,False,member,1115,Weekday
2026-02-01,2026-02,Monday,0,14,False,casual,452,Weekday
2026-02-01,2026-02,Monday,0,14,False,member,1195,Weekday
2026-02-01,2026-02,Monday,0,15,False,casual,537,Weekday
2026-02-01,2026-02,Monday,0,15,False,member,1669,Weekday
2026-02-01,2026-02,Monday,0,16,False,casual,608,Weekday
2026-02-01,2026-02,Monday,0,16,False,member,2428,Weekday
2026-02-01,2026-02,Monday,0,17,False,casual,556,Weekday
2026-02-01,2026-02,Monday,0,17,False,member,2712,Weekday
2026-02-01,2026-02,Monday,0,18,False,casual,366,Weekday
2026-02-01,2026-02,Monday,0,18,False,member,1748,Weekday
2026-02-01,2026-02,Monday,0,19,False,casual,251,Weekday
2026-02-01,2026-02,Monday,0,19,False,member,1143,Weekday
2026-02-01,2026-02,Monday,0,20,False,casual,214,Weekday
2026-02-01,2026-02,Monday,0,20,False,member,834,Weekday
2026-02-01,2026-02,Monday,0,21,False,casual,145,Weekday
2026-02-01,2026-02,Monday,0,21,False,member,623,Weekday
2026-02-01,2026-02,Monday,0,22,False,casual,104,Weekday
2026-02-01,2026-02,Monday,0,22,False,member,298,Weekday
2026-02-01,2026-02,Monday,0,23,False,casual,73,Weekday
2026-02-01,2026-02,Monday,0,23,False,member,150,Weekday
2026-02-01,2026-02,Tuesday,1,0,False,casual,59,Weekday
2026-02-01,2026-02,Tuesday,1,0,False,member,87,Weekday
2026-02-01,2026-02,Tuesday,1,1,False,casual,23,Weekday
2026-02-01,2026-02,Tuesday,1,1,False,member,41,Weekday
2026-02-01,2026-02,Tuesday,1,2,False,casual,26,Weekday
2026-02-01,2026-02,Tuesday,1,2,False,member,37,Weekday
2026-02-01,2026-02,Tuesday,1,3,False,casual,9,Weekday
2026-02-01,2026-02,Tuesday,1,3,False,member,21,Weekday
2026-02-01,2026-02,Tuesday,1,4,False,casual,26,Weekday
2026-02-01,2026-02,Tuesday,1,4,False,member,73,Weekday
2026-02-01,2026-02,Tuesday,1,5,False,casual,72,Weekday
2026-02-01,2026-02,Tuesday,1,5,False,member,390,Weekday
2026-02-01,2026-02,Tuesday,1,6,False,casual,160,Weekday
2026-02-01,2026-02,Tuesday,1,6,False,member,1006,Weekday
2026-02-01,2026-02,Tuesday,1,7,False,casual,307,Weekday
2026-02-01,2026-02,Tuesday,1,7,False,member,2244,Weekday
2026-02-01,2026-02,Tuesday,1,8,False,casual,351,Weekday
2026-02-01,2026-02,Tuesday,1,8,False,member,2848,Weekday
2026-02-01,2026-02,Tuesday,1,9,False,casual,309,Weekday
2026-02-01,2026-02,Tuesday,1,9,False,member,1373,Weekday
2026-02-01,2026-02,Tuesday,1,10,False,casual,177,Weekday
2026-02-01,2026-02,Tuesday,1,10,False,member,819,Weekday
2026-02-01,2026-02,Tuesday,1,11,False,casual,210,Weekday
2026-02-01,2026-02,Tuesday,1,11,False,member,937,Weekday
2026-02-01,2026-02,Tuesday,1,12,False,casual,246,Weekday
2026-02-01,2026-02,Tuesday,1,12,False,member,1074,Weekday
2026-02-01,2026-02,Tuesday,1,13,False,casual,285,Weekday
2026-02-01,2026-02,Tuesday,1,13,False,member,1083,Weekday
2026-02-01,2026-02,Tuesday,1,14,False,casual,283,Weekday
2026-02-01,2026-02,Tuesday,1,14,False,member,1045,Weekday
2026-02-01,2026-02,Tuesday,1,15,False,casual,405,Weekday
2026-02-01,2026-02,Tuesday,1,15,False,member,1689,Weekday
2026-02-01,2026-02,Tuesday,1,16,False,casual,482,Weekday
2026-02-01,2026-02,Tuesday,1,16,False,member,2862,Weekday
2026-02-01,2026-02,Tuesday,1,17,False,casual,538,Weekday
2026-02-01,2026-02,Tuesday,1,17,False,member,3352,Weekday
2026-02-01,2026-02,Tuesday,1,18,False,casual,392,Weekday
2026-02-01,2026-02,Tuesday,1,18,False,member,2282,Weekday
2026-02-01,2026-02,Tuesday,1,19,False,casual,226,Weekday
2026-02-01,2026-02,Tuesday,1,19,False,member,1332,Weekday
2026-02-01,2026-02,Tuesday,1,20,False,casual,161,Weekday
2026-02-01,2026-02,Tuesday,1,20,False,member,933,Weekday
2026-02-01,2026-02,Tuesday,1,21,False,casual,162,Weekday
2026-02-01,2026-02,Tuesday,1,21,False,member,654,Weekday
2026-02-01,2026-02,Tuesday,1,22,False,casual,103,Weekday
2026-02-01,2026-02,Tuesday,1,22,False,member,435,Weekday
2026-02-01,2026-02,Tuesday,1,23,False,casual,72,Weekday
2026-02-01,2026-02,Tuesday,1,23,False,member,193,Weekday
2026-02-01,2026-02,Wednesday,2,0,False,casual,35,Weekday
2026-02-01,2026-02,Wednesday,2,0,False,member,80,Weekday
2026-02-01,2026-02,Wednesday,2,1,False,casual,28,Weekday
2026-02-01,2026-02,Wednesday,2,1,False,member,38,Weekday
2026-02-01,2026-02,Wednesday,2,2,False,casual,24,Weekday
2026-02-01,2026-02,Wednesday,2,2,False,member,23,Weekday
2026-02-01,2026-02,Wednesday,2,3,False,casual,14,Weekday
2026-02-01,2026-02,Wednesday,2,3,False,member,27,Weekday
2026-02-01,2026-02,Wednesday,2,4,False,casual,37,Weekday
2026-02-01,2026-02,Wednesday,2,4,False,member,54,Weekday
2026-02-01,2026-02,Wednesday,2,5,False,casual,58,Weekday
2026-02-01,2026-02,Wednesday,2,5,False,member,397,Weekday
2026-02-01,2026-02,Wednesday,2,6,False,casual,145,Weekday
2026-02-01,2026-02,Wednesday,2,6,False,member,1113,Weekday
2026-02-01,2026-02,Wednesday,2,7,False,casual,296,Weekday
2026-02-01,2026-02,Wednesday,2,7,False,member,2374,Weekday
2026-02-01,2026-02,Wednesday,2,8,False,casual,437,Weekday
2026-02-01,2026-02,Wednesday,2,8,False,member,2974,Weekday
2026-02-01,2026-02,Wednesday,2,9,False,casual,258,Weekday
2026-02-01,2026-02,Wednesday,2,9,False,member,1463,Weekday
2026-02-01,2026-02,Wednesday,2,10,False,casual,182,Weekday
2026-02-01,2026-02,Wednesday,2,10,False,member,930,Weekday
2026-02-01,2026-02,Wednesday,2,11,False,casual,240,Weekday
2026-02-01,2026-02,Wednesday,2,11,False,member,1011,Weekday
2026-02-01,2026-02,Wednesday,2,12,False,casual,299,Weekday
2026-02-01,2026-02,Wednesday,2,12,False,member,1248,Weekday
2026-02-01,2026-02,Wednesday,2,13,False,casual,303,Weekday
2026-02-01,2026-02,Wednesday,2,13,False,member,1230,Weekday
2026-02-01,2026-02,Wednesday,2,14,False,casual,358,Weekday
2026-02-01,2026-02,Wednesday,2,14,False,member,1218,Weekday
2026-02-01,2026-02,Wednesday,2,15,False,casual,471,Weekday
2026-02-01,2026-02,Wednesday,2,15,False,member,1866,Weekday
2026-02-01,2026-02,Wednesday,2,16,False,casual,697,Weekday
2026-02-01,2026-02,Wednesday,2,16,False,member,3267,Weekday
2026-02-01,2026-02,Wednesday,2,17,False,casual,746,Weekday
2026-02-01,2026-02,Wednesday,2,17,False,member,3618,Weekday
2026-02-01,2026-02,Wednesday,2,18,False,casual,526,Weekday
2026-02-01,2026-02,Wednesday,2,18,False,member,2365,Weekday
2026-02-01,2026-02,Wednesday,2,19,False,casual,332,Weekday
2026-02-01,2026-02,Wednesday,2,19,False,member,1517,Weekday
2026-02-01,2026-02,Wednesday,2,20,False,casual,242,Weekday
2026-02-01,2026-02,Wednesday,2,20,False,member,1085,Weekday
2026-02-01,2026-02,Wednesday,2,21,False,casual,198,Weekday
2026-02-01,2026-02,Wednesday,2,21,False,member,786,Weekday
2026-02-01,2026-02,Wednesday,2,22,False,casual,129,Weekday
2026-02-01,2026-02,Wednesday,2,22,False,member,494,Weekday
2026-02-01,2026-02,Wednesday,2,23,False,casual,80,Weekday
2026-02-01,2026-02,Wednesday,2,23,False,member,216,Weekday
2026-02-01,2026-02,Thursday,3,0,False,casual,68,Weekday
2026-02-01,2026-02,Thursday,3,0,False,member,141,Weekday
2026-02-01,2026-02,Thursday,3,1,False,casual,40,Weekday
2026-02-01,2026-02,Thursday,3,1,False,member,47,Weekday
2026-02-01,2026-02,Thursday,3,2,False,casual,19,Weekday
2026-02-01,2026-02,Thursday,3,2,False,member,22,Weekday
2026-02-01,2026-02,Thursday,3,3,False,casual,12,Weekday
2026-02-01,2026-02,Thursday,3,3,False,member,40,Weekday
2026-02-01,2026-02,Thursday,3,4,False,casual,31,Weekday
2026-02-01,2026-02,Thursday,3,4,False,member,51,Weekday
2026-02-01,2026-02,Thursday,3,5,False,casual,59,Weekday
2026-02-01,2026-02,Thursday,3,5,False,member,310,Weekday
2026-02-01,2026-02,Thursday,3,6,False,casual,134,Weekday
2026-02-01,2026-02,Thursday,3,6,False,member,990,Weekday
2026-02-01,2026-02,Thursday,3,7,False,casual,322,Weekday
2026-02-01,2026-02,Thursday,3,7,False,member,2226,Weekday
2026-02-01,2026-02,Thursday,3,8,False,casual,423,Weekday
2026-02-01,2026-02,Thursday,3,8,False,member,2928,Weekday
2026-02-01,2026-02,Thursday,3,9,False,casual,268,Weekday
2026-02-01,2026-02,Thursday,3,9,False,member,1425,Weekday
2026-02-01,2026-02,Thursday,3,10,False,casual,180,Weekday
2026-02-01,2026-02,Thursday,3,10,False,member,857,Weekday
2026-02-01,2026-02,Thursday,3,11,False,casual,221,Weekday
2026-02-01,2026-02,Thursday,3,11,False,member,970,Weekday
2026-02-01,2026-02,Thursday,3,12,False,casual,314,Weekday
2026-02-01,2026-02,Thursday,3,12,False,member,1151,Weekday
2026-02-01,2026-02,Thursday,3,13,False,casual,312,Weekday
2026-02-01,2026-02,Thursday,3,13,False,member,1137,Weekday
2026-02-01,2026-02,Thursday,3,14,False,casual,342,Weekday
2026-02-01,2026-02,Thursday,3,14,False,member,1173,Weekday
2026-02-01,2026-02,Thursday,3,15,False,casual,411,Weekday
2026-02-01,2026-02,Thursday,3,15,False,member,1882,Weekday
2026-02-01,2026-02,Thursday,3,16,False,casual,541,Weekday
2026-02-01,2026-02,Thursday,3,16,False,member,2845,Weekday
2026-02-01,2026-02,Thursday,3,17,False,casual,623,Weekday
2026-02-01,2026-02,Thursday,3,17,False,member,3257,Weekday
2026-02-01,2026-02,Thursday,3,18,False,casual,438,Weekday
2026-02-01,2026-02,Thursday,3,18,False,member,2033,Weekday
2026-02-01,2026-02,Thursday,3,19,False,casual,238,Weekday
2026-02-01,2026-02,Thursday,3,19,False,member,1400,Weekday
2026-02-01,2026-02,Thursday,3,20,False,casual,211,Weekday
2026-02-01,2026-02,Thursday,3,20,False,member,1016,Weekday
2026-02-01,2026-02,Thursday,3,21,False,casual,214,Weekday
2026-02-01,2026-02,Thursday,3,21,False,member,720,Weekday
2026-02-01,2026-02,Thursday,3,22,False,casual,137,Weekday
2026-02-01,2026-02,Thursday,3,22,False,member,459,Weekday
2026-02-01,2026-02,Thursday,3,23,False,casual,90,Weekday
2026-02-01,2026-02,Thursday,3,23,False,member,274,Weekday
2026-02-01,2026-02,Friday,4,0,False,casual,88,Weekday
2026-02-01,2026-02,Friday,4,0,False,member,141,Weekday
2026-02-01,2026-02,Friday,4,1,False,casual,42,Weekday
2026-02-01,2026-02,Friday,4,1,False,member,83,Weekday
2026-02-01,2026-02,Friday,4,2,False,casual,46,Weekday
2026-02-01,2026-02,Friday,4,2,False,member,38,Weekday
2026-02-01,2026-02,Friday,4,3,False,casual,19,Weekday
2026-02-01,2026-02,Friday,4,3,False,member,30,Weekday
2026-02-01,2026-02,Friday,4,4,False,casual,31,Weekday
2026-02-01,2026-02,Friday,4,4,False,member,67,Weekday
2026-02-01,2026-02,Friday,4,5,False,casual,49,Weekday
2026-02-01,2026-02,Friday,4,5,False,member,286,Weekday
2026-02-01,2026-02,Friday,4,6,False,casual,108,Weekday
2026-02-01,2026-02,Friday,4,6,False,member,757,Weekday
2026-02-01,2026-02,Friday,4,7,False,casual,219,Weekday
2026-02-01,2026-02,Friday,4,7,False,member,1387,Weekday
2026-02-01,2026-02,Friday,4,8,False,casual,280,Weekday
2026-02-01,2026-02,Friday,4,8,False,member,1710,Weekday
2026-02-01,2026-02,Friday,4,9,False,casual,214,Weekday
2026-02-01,2026-02,Friday,4,9,False,member,1165,Weekday
2026-02-01,2026-02,Friday,4,10,False,casual,244,Weekday
2026-02-01,2026-02,Friday,4,10,False,member,864,Weekday
2026-02-01,2026-02,Friday,4,11,False,casual,313,Weekday
2026-02-01,2026-02,Friday,4,11,False,member,1133,Weekday
2026-02-01,2026-02,Friday,4,12,False,casual,381,Weekday
2026-02-01,2026-02,Friday,4,12,False,member,1476,Weekday
2026-02-01,2026-02,Friday,4,13,False,casual,491,Weekday
2026-02-01,2026-02,Friday,4,13,False,member,1484,Weekday
2026-02-01,2026-02,Friday,4,14,False,casual,575,Weekday
2026-02-01,2026-02,Friday,4,14,False,member,1524,Weekday
2026-02-01,2026-02,Friday,4,15,False,casual,656,Weekday
2026-02-01,2026-02,Friday,4,15,False,member,1993,Weekday
2026-02-01,2026-02,Friday,4,16,False,casual,929,Weekday
2026-02-01,2026-02,Friday,4,16,False,member,2755,Weekday
2026-02-01,2026-02,Friday,4,17,False,casual,954,Weekday
2026-02-01,2026-02,Friday,4,17,False,member,2834,Weekday
2026-02-01,2026-02,Friday,4,18,False,casual,669,Weekday
2026-02-01,2026-02,Friday,4,18,False,member,2053,Weekday
2026-02-01,2026-02,Friday,4,19,False,casual,430,Weekday
2026-02-01,2026-02,Friday,4,19,False,member,1344,Weekday
2026-02-01,2026-02,Friday,4,20,False,casual,285,Weekday
2026-02-01,2026-02,Friday,4,20,False,member,847,Weekday
2026-02-01,2026-02,Friday,4,21,False,casual,269,Weekday
2026-02-01,2026-02,Friday,4,21,False,member,660,Weekday
2026-02-01,2026-02,Friday,4,22,False,casual,230,Weekday
2026-02-01,2026-02,Friday,4,22,False,member,506,Weekday
2026-02-01,2026-02,Friday,4,23,False,casual,243,Weekday
2026-02-01,2026-02,Friday,4,23,False,member,409,Weekday
2026-02-01,2026-02,Saturday,5,0,True,casual,250,Weekend
2026-02-01,2026-02,Saturday,5,0,True,member,335,Weekend
2026-02-01,2026-02,Saturday,5,1,True,casual,188,Weekend
2026-02-01,2026-02,Saturday,5,1,True,member,254,Weekend
2026-02-01,2026-02,Saturday,5,2,True,casual,116,Weekend
2026-02-01,2026-02,Saturday,5,2,True,member,136,Weekend
2026-02-01,2026-02,Saturday,5,3,True,casual,72,Weekend
2026-02-01,2026-02,Saturday,5,3,True,member,69,Weekend
2026-02-01,2026-02,Saturday,5,4,True,casual,39,Weekend
2026-02-01,2026-02,Saturday,5,4,True,member,46,Weekend
2026-02-01,2026-02,Saturday,5,5,True,casual,20,Weekend
2026-02-01,2026-02,Saturday,5,5,True,member,73,Weekend
2026-02-01,2026-02,Saturday,5,6,True,casual,44,Weekend
2026-02-01,2026-02,Saturday,5,6,True,member,214,Weekend
2026-02-01,2026-02,Saturday,5,7,True,casual,83,Weekend
2026-02-01,2026-02,Saturday,5,7,True,member,354,Weekend
2026-02-01,2026-02,Saturday,5,8,True,casual,179,Weekend
2026-02-01,2026-02,Saturday,5,8,True,member,685,Weekend
2026-02-01,2026-02,Saturday,5,9,True,casual,257,Weekend
2026-02-01,2026-02,Saturday,5,9,True,member,893,Weekend
2026-02-01,2026-02,Saturday,5,10,True,casual,351,Weekend
2026-02-01,2026-02,Saturday,5,10,True,member,1079,Weekend
2026-02-01,2026-02,Saturday,5,11,True,casual,346,Weekend
2026-02-01,2026-02,Saturday,5,11,True,member,1178,Weekend
2026-02-01,2026-02,Saturday,5,12,True,casual,444,Weekend
2026-02-01,2026-02,Saturday,5,12,True,member,1335,Weekend
2026-02-01,2026-02,Saturday,5,13,True,casual,529,Weekend
2026-02-01,2026-02,Saturday,5,13,True,member,1305,Weekend
2026-02-01,2026-02,Saturday,5,14,True,casual,494,Weekend
2026-02-01,2026-02,Saturday,5,14,True,member,1276,Weekend
2026-02-01,2026-02,Saturday,5,15,True,casual,444,Weekend
2026-02-01,2026-02,Saturday,5,15,True,member,1282,Weekend
2026-02-01,2026-02,Saturday,5,16,True,casual,443,Weekend
2026-02-01,2026-02,Saturday,5,16,True,member,1234,Weekend
2026-02-01,2026-02,Saturday,5,17,True,casual,356,Weekend
2026-02-01,2026-02,Saturday,5,17,True,member,1161,Weekend
2026-02-01,2026-02,Saturday,5,18,True,casual,290,Weekend
2026-02-01,2026-02,Saturday,5,18,True,member,984,Weekend
2026-02-01,2026-02,Saturday,5,19,True,casual,215,Weekend
2026-02-01,2026-02,Saturday,5,19,True,member,662,Weekend
2026-02-01,2026-02,Saturday,5,20,True,casual,180,Weekend
2026-02-01,2026-02,Saturday,5,20,True,member,470,Weekend
2026-02-01,2026-02,Saturday,5,21,True,casual,201,Weekend
2026-02-01,2026-02,Saturday,5,21,True,member,447,Weekend
2026-02-01,2026-02,Saturday,5,22,True,casual,157,Weekend
2026-02-01,2026-02,Saturday,5,22,True,member,335,Weekend
2026-02-01,2026-02,Saturday,5,23,True,casual,137,Weekend
2026-02-01,2026-02,Saturday,5,23,True,member,241,Weekend
2026-02-01,2026-02,Sunday,6,0,True,casual,117,Weekend
2026-02-01,2026-02,Sunday,6,0,True,member,180,Weekend
2026-02-01,2026-02,Sunday,6,1,True,casual,71,Weekend
2026-02-01,2026-02,Sunday,6,1,True,member,113,Weekend
2026-02-01,2026-02,Sunday,6,2,True,casual,71,Weekend
2026-02-01,2026-02,Sunday,6,2,True,member,87,Weekend
2026-02-01,2026-02,Sunday,6,3,True,casual,31,Weekend
2026-02-01,2026-02,Sunday,6,3,True,member,51,Weekend
2026-02-01,2026-02,Sunday,6,4,True,casual,22,Weekend
2026-02-01,2026-02,Sunday,6,4,True,member,45,Weekend
2026-02-01,2026-02,Sunday,6,5,True,casual,23,Weekend
2026-02-01,2026-02,Sunday,6,5,True,member,53,Weekend
2026-02-01,2026-02,Sunday,6,6,True,casual,29,Weekend
2026-02-01,2026-02,Sunday,6,6,True,member,149,Weekend
2026-02-01,2026-02,Sunday,6,7,True,casual,41,Weekend
2026-02-01,2026-02,Sunday,6,7,True,member,185,Weekend
2026-02-01,2026-02,Sunday,6,8,True,casual,105,Weekend
2026-02-01,2026-02,Sunday,6,8,True,member,332,Weekend
2026-02-01,2026-02,Sunday,6,9,True,casual,137,Weekend
2026-02-01,2026-02,Sunday,6,9,True,member,579,Weekend
2026-02-01,2026-02,Sunday,6,10,True,casual,257,Weekend
2026-02-01,2026-02,Sunday,6,10,True,member,836,Weekend
2026-02-01,2026-02,Sunday,6,11,True,casual,385,Weekend
2026-02-01,2026-02,Sunday,6,11,True,member,918,Weekend
2026-02-01,2026-02,Sunday,6,12,True,casual,497,Weekend
2026-02-01,2026-02,Sunday,6,12,True,member,1116,Weekend
2026-02-01,2026-02,Sunday,6,13,True,casual,558,Weekend
2026-02-01,2026-02,Sunday,6,13,True,member,1196,Weekend
2026-02-01,2026-02,Sunday,6,14,True,casual,632,Weekend
2026-02-01,2026-02,Sunday,6,14,True,member,1243,Weekend
2026-02-01,2026-02,Sunday,6,15,True,casual,597,Weekend
2026-02-01,2026-02,Sunday,6,15,True,member,1234,Weekend
2026-02-01,2026-02,Sunday,6,16,True,casual,515,Weekend
2026-02-01,2026-02,Sunday,6,16,True,member,1279,Weekend
2026-02-01,2026-02,Sunday,6,17,True,casual,394,Weekend
2026-02-01,2026-02,Sunday,6,17,True,member,1096,Weekend
2026-02-01,2026-02,Sunday,6,18,True,casual,238,Weekend
2026-02-01,2026-02,Sunday,6,18,True,member,720,Weekend
2026-02-01,2026-02,Sunday,6,19,True,casual,187,Weekend
2026-02-01,2026-02,Sunday,6,19,True,member,493,Weekend
2026-02-01,2026-02,Sunday,6,20,True,casual,134,Weekend
2026-02-01,2026-02,Sunday,6,20,True,member,376,Weekend
2026-02-01,2026-02,Sunday,6,21,True,casual,132,Weekend
2026-02-01,2026-02,Sunday,6,21,True,member,393,Weekend
2026-02-01,2026-02,Sunday,6,22,True,casual,105,Weekend
2026-02-01,2026-02,Sunday,6,22,True,member,284,Weekend
2026-02-01,2026-02,Sunday,6,23,True,casual,60,Weekend
2026-02-01,2026-02,Sunday,6,23,True,member,158,Weekend
2026-03-01,2026-03,Monday,0,0,False,casual,155,Weekday
2026-03-01,2026-03,Monday,0,0,False,member,141,Weekday
2026-03-01,2026-03,Monday,0,1,False,casual,104,Weekday
2026-03-01,2026-03,Monday,0,1,False,member,90,Weekday
2026-03-01,2026-03,Monday,0,2,False,casual,53,Weekday
2026-03-01,2026-03,Monday,0,2,False,member,75,Weekday
2026-03-01,2026-03,Monday,0,3,False,casual,19,Weekday
2026-03-01,2026-03,Monday,0,3,False,member,33,Weekday
2026-03-01,2026-03,Monday,0,4,False,casual,30,Weekday
2026-03-01,2026-03,Monday,0,4,False,member,105,Weekday
2026-03-01,2026-03,Monday,0,5,False,casual,86,Weekday
2026-03-01,2026-03,Monday,0,5,False,member,389,Weekday
2026-03-01,2026-03,Monday,0,6,False,casual,213,Weekday
2026-03-01,2026-03,Monday,0,6,False,member,1273,Weekday
2026-03-01,2026-03,Monday,0,7,False,casual,341,Weekday
2026-03-01,2026-03,Monday,0,7,False,member,2582,Weekday
2026-03-01,2026-03,Monday,0,8,False,casual,558,Weekday
2026-03-01,2026-03,Monday,0,8,False,member,3377,Weekday
2026-03-01,2026-03,Monday,0,9,False,casual,360,Weekday
2026-03-01,2026-03,Monday,0,9,False,member,1806,Weekday
2026-03-01,2026-03,Monday,0,10,False,casual,410,Weekday
2026-03-01,2026-03,Monday,0,10,False,member,1177,Weekday
2026-03-01,2026-03,Monday,0,11,False,casual,593,Weekday
2026-03-01,2026-03,Monday,0,11,False,member,1457,Weekday
2026-03-01,2026-03,Monday,0,12,False,casual,716,Weekday
2026-03-01,2026-03,Monday,0,12,False,member,1738,Weekday
2026-03-01,2026-03,Monday,0,13,False,casual,919,Weekday
2026-03-01,2026-03,Monday,0,13,False,member,1852,Weekday
2026-03-01,2026-03,Monday,0,14,False,casual,955,Weekday
2026-03-01,2026-03,Monday,0,14,False,member,1959,Weekday
2026-03-01,2026-03,Monday,0,15,False,casual,1244,Weekday
2026-03-01,2026-03,Monday,0,15,False,member,2851,Weekday
2026-03-01,2026-03,Monday,0,16,False,casual,1722,Weekday
2026-03-01,2026-03,Monday,0,16,False,member,4667,Weekday
2026-03-01,2026-03,Monday,0,17,False,casual,2174,Weekday
2026-03-01,2026-03,Monday,0,17,False,member,5837,Weekday
2026-03-01,2026-03,Monday,0,18,False,casual,1657,Weekday
2026-03-01,2026-03,Monday,0,18,False,member,4121,Weekday
2026-03-01,2026-03,Monday,0,19,False,casual,1066,Weekday
2026-03-01,2026-03,Monday,0,19,False,member,2601,Weekday
2026-03-01,2026-03,Monday,0,20,False,casual,728,Weekday
2026-03-01,2026-03,Monday,0,20,False,member,1787,Weekday
2026-03-01,2026-03,Monday,0,21,False,casual,753,Weekday
2026-03-01,2026-03,Monday,0,21,False,member,1390,Weekday
2026-03-01,2026-03,Monday,0,22,False,casual,394,Weekday
2026-03-01,2026-03,Monday,0,22,False,member,681,Weekday
2026-03-01,2026-03,Monday,0,23,False,casual,159,Weekday
2026-03-01,2026-03,Monday,0,23,False,member,285,Weekday
2026-03-01,2026-03,Tuesday,1,0,False,casual,159,Weekday
2026-03-01,2026-03,Tuesday,1,0,False,member,139,Weekday
2026-03-01,2026-03,Tuesday,1,1,False,casual,79,Weekday
2026-03-01,2026-03,Tuesday,1,1,False,member,71,Weekday
2026-03-01,2026-03,Tuesday,1,2,False,casual,61,Weekday
2026-03-01,2026-03,Tuesday,1,2,False,member,52,Weekday
2026-03-01,2026-03,Tuesday,1,3,False,casual,35,Weekday
2026-03-01,2026-03,Tuesday,1,3,False,member,67,Weekday
2026-03-01,2026-03,Tuesday,1,4,False,casual,47,Weekday
2026-03-01,2026-03,Tuesday,1,4,False,member,137,Weekday
2026-03-01,2026-03,Tuesday,1,5,False,casual,106,Weekday
2026-03-01,2026-03,Tuesday,1,5,False,member,521,Weekday
2026-03-01,2026-03,Tuesday,1,6,False,casual,279,Weekday
2026-03-01,2026-03,Tuesday,1,6,False,member,1559,Weekday
2026-03-01,2026-03,Tuesday,1,7,False,casual,510,Weekday
2026-03-01,2026-03,Tuesday,1,7,False,member,3487,Weekday
2026-03-01,2026-03,Tuesday,1,8,False,casual,737,Weekday
2026-03-01,2026-03,Tuesday,1,8,False,member,4496,Weekday
2026-03-01,2026-03,Tuesday,1,9,False,casual,415,Weekday
2026-03-01,2026-03,Tuesday,1,9,False,member,1992,Weekday
2026-03-01,2026-03,Tuesday,1,10,False,casual,314,Weekday
2026-03-01,2026-03,Tuesday,1,10,False,member,1187,Weekday
2026-03-01,2026-03,Tuesday,1,11,False,casual,272,Weekday
2026-03-01,2026-03,Tuesday,1,11,False,member,1109,Weekday
2026-03-01,2026-03,Tuesday,1,12,False,casual,435,Weekday
2026-03-01,2026-03,Tuesday,1,12,False,member,1467,Weekday
2026-03-01,2026-03,Tuesday,1,13,False,casual,432,Weekday
2026-03-01,2026-03,Tuesday,1,13,False,member,1494,Weekday
2026-03-01,2026-03,Tuesday,1,14,False,casual,527,Weekday
2026-03-01,2026-03,Tuesday,1,14,False,member,1565,Weekday
2026-03-01,2026-03,Tuesday,1,15,False,casual,632,Weekday
2026-03-01,2026-03,Tuesday,1,15,False,member,2238,Weekday
2026-03-01,2026-03,Tuesday,1,16,False,casual,820,Weekday
2026-03-01,2026-03,Tuesday,1,16,False,member,3992,Weekday
2026-03-01,2026-03,Tuesday,1,17,False,casual,980,Weekday
2026-03-01,2026-03,Tuesday,1,17,False,member,4655,Weekday
2026-03-01,2026-03,Tuesday,1,18,False,casual,586,Weekday
2026-03-01,2026-03,Tuesday,1,18,False,member,2658,Weekday
2026-03-01,2026-03,Tuesday,1,19,False,casual,466,Weekday
2026-03-01,2026-03,Tuesday,1,19,False,member,1845,Weekday
2026-03-01,2026-03,Tuesday,1,20,False,casual,265,Weekday
2026-03-01,2026-03,Tuesday,1,20,False,member,1209,Weekday
2026-03-01,2026-03,Tuesday,1,21,False,casual,261,Weekday
2026-03-01,2026-03,Tuesday,1,21,False,member,863,Weekday
2026-03-01,2026-03,Tuesday,1,22,False,casual,294,Weekday
2026-03-01,2026-03,Tuesday,1,22,False,member,567,Weekday
2026-03-01,2026-03,Tuesday,1,23,False,casual,109,Weekday
2026-03-01,2026-03,Tuesday,1,23,False,member,295,Weekday
2026-03-01,2026-03,Wednesday,2,0,False,casual,68,Weekday
2026-03-01,2026-03,Wednesday,2,0,False,member,124,Weekday
2026-03-01,2026-03,Wednesday,2,1,False,casual,55,Weekday
2026-03-01,2026-03,Wednesday,2,1,False,member,53,Weekday
2026-03-01,2026-03,Wednesday,2,2,False,casual,28,Weekday
2026-03-01,2026-03,Wednesday,2,2,False,member,28,Weekday
2026-03-01,2026-03,Wednesday,2,3,False,casual,16,Weekday
2026-03-01,2026-03,Wednesday,2,3,False,member,30,Weekday
2026-03-01,2026-03,Wednesday,2,4,False,casual,33,Weekday
2026-03-01,2026-03,Wednesday,2,4,False,member,59,Weekday
2026-03-01,2026-03,Wednesday,2,5,False,casual,69,Weekday
2026-03-01,2026-03,Wednesday,2,5,False,member,361,Weekday
2026-03-01,2026-03,Wednesday,2,6,False,casual,137,Weekday
2026-03-01,2026-03,Wednesday,2,6,False,member,934,Weekday
2026-03-01,2026-03,Wednesday,2,7,False,casual,294,Weekday
2026-03-01,2026-03,Wednesday,2,7,False,member,2125,Weekday
2026-03-01,2026-03,Wednesday,2,8,False,casual,524,Weekday
2026-03-01,2026-03,Wednesday,2,8,False,member,3007,Weekday
2026-03-01,2026-03,Wednesday,2,9,False,casual,279,Weekday
2026-03-01,2026-03,Wednesday,2,9,False,member,1420,Weekday
2026-03-01,2026-03,Wednesday,2,10,False,casual,210,Weekday
2026-03-01,2026-03,Wednesday,2,10,False,member,990,Weekday
2026-03-01,2026-03,Wednesday,2,11,False,casual,280,Weekday
2026-03-01,2026-03,Wednesday,2,11,False,member,1065,Weekday
2026-03-01,2026-03,Wednesday,2,12,False,casual,310,Weekday
2026-03-01,2026-03,Wednesday,2,12,False,member,1161,Weekday
2026-03-01,2026-03,Wednesday,2,13,False,casual,360,Weekday
2026-03-01,2026-03,Wednesday,2,13,False,member,1168,Weekday
2026-03-01,2026-03,Wednesday,2,14,False,casual,400,Weekday
2026-03-01,2026-03,Wednesday,2,14,False,member,1194,Weekday
2026-03-01,2026-03,Wednesday,2,15,False,casual,616,Weekday
2026-03-01,2026-03,Wednesday,2,15,False,member,1911,Weekday
2026-03-01,2026-03,Wednesday,2,16,False,casual,801,Weekday
2026-03-01,2026-03,Wednesday,2,16,False,member,3216,Weekday
2026-03-01,2026-03,Wednesday,2,17,False,casual,1011,Weekday
2026-03-01,2026-03,Wednesday,2,17,False,member,3724,Weekday
2026-03-01,2026-03,Wednesday,2,18,False,casual,866,Weekday
2026-03-01,2026-03,Wednesday,2,18,False,member,2870,Weekday
2026-03-01,2026-03,Wednesday,2,19,False,casual,589,Weekday
2026-03-01,2026-03,Wednesday,2,19,False,member,1877,Weekday
2026-03-01,2026-03,Wednesday,2,20,False,casual,362,Weekday
2026-03-01,2026-03,Wednesday,2,20,False,member,1279,Weekday
2026-03-01,2026-03,Wednesday,2,21,False,casual,314,Weekday
2026-03-01,2026-03,Wednesday,2,21,False,member,935,Weekday
2026-03-01,2026-03,Wednesday,2,22,False,casual,285,Weekday
2026-03-01,2026-03,Wednesday,2,22,False,member,594,Weekday
2026-03-01,2026-03,Wednesday,2,23,False,casual,149,Weekday
2026-03-01,2026-03,Wednesday,2,23,False,member,317,Weekday
2026-03-01,2026-03,Thursday,3,0,False,casual,124,Weekday
2026-03-01,2026-03,Thursday,3,0,False,member,179,Weekday
2026-03-01,2026-03,Thursday,3,1,False,casual,72,Weekday
2026-03-01,2026-03,Thursday,3,1,False,member,96,Weekday
2026-03-01,2026-03,Thursday,3,2,False,casual,43,Weekday
2026-03-01,2026-03,Thursday,3,2,False,member,43,Weekday
2026-03-01,2026-03,Thursday,3,3,False,casual,30,Weekday
2026-03-01,2026-03,Thursday,3,3,False,member,46,Weekday
2026-03-01,2026-03,Thursday,3,4,False,casual,43,Weekday
2026-03-01,2026-03,Thursday,3,4,False,member,86,Weekday
2026-03-01,2026-03,Thursday,3,5,False,casual,65,Weekday
2026-03-01,2026-03,Thursday,3,5,False,member,356,Weekday
2026-03-01,2026-03,Thursday,3,6,False,casual,175,Weekday
2026-03-01,2026-03,Thursday,3,6,False,member,1147,Weekday
2026-03-01,2026-03,Thursday,3,7,False,casual,417,Weekday
2026-03-01,2026-03,Thursday,3,7,False,member,2504,Weekday
2026-03-01,2026-03,Thursday,3,8,False,casual,678,Weekday
2026-03-01,2026-03,Thursday,3,8,False,member,3474,Weekday
2026-03-01,2026-03,Thursday,3,9,False,casual,386,Weekday
2026-03-01,2026-03,Thursday,3,9,False,member,1819,Weekday
2026-03-01,2026-03,Thursday,3,10,False,casual,355,Weekday
2026-03-01,2026-03,Thursday,3,10,False,member,1158,Weekday
2026-03-01,2026-03,Thursday,3,11,False,casual,530,Weekday
2026-03-01,2026-03,Thursday,3,11,False,member,1455,Weekday
2026-03-01,2026-03,Thursday,3,12,False,casual,555,Weekday
2026-03-01,2026-03,Thursday,3,12,False,member,1603,Weekday
2026-03-01,2026-03,Thursday,3,13,False,casual,594,Weekday
2026-03-01,2026-03,Thursday,3,13,False,member,1515,Weekday
2026-03-01,2026-03,Thursday,3,14,False,casual,564,Weekday
2026-03-01,2026-03,Thursday,3,14,False,member,1637,Weekday
2026-03-01,2026-03,Thursday,3,15,False,casual,671,Weekday
2026-03-01,2026-03,Thursday,3,15,False,member,2179,Weekday
2026-03-01,2026-03,Thursday,3,16,False,casual,891,Weekday
2026-03-01,2026-03,Thursday,3,16,False,member,3285,Weekday
2026-03-01,2026-03,Thursday,3,17,False,casual,925,Weekday
2026-03-01,2026-03,Thursday,3,17,False,member,3669,Weekday
2026-03-01,2026-03,Thursday,3,18,False,casual,668,Weekday
2026-03-01,2026-03,Thursday,3,18,False,member,2351,Weekday
2026-03-01,2026-03,Thursday,3,19,False,casual,446,Weekday
2026-03-01,2026-03,Thursday,3,19,False,member,1499,Weekday
2026-03-01,2026-03,Thursday,3,20,False,casual,324,Weekday
2026-03-01,2026-03,Thursday,3,20,False,member,1150,Weekday
2026-03-01,2026-03,Thursday,3,21,False,casual,304,Weekday
2026-03-01,2026-03,Thursday,3,21,False,member,793,Weekday
2026-03-01,2026-03,Thursday,3,22,False,casual,270,Weekday
2026-03-01,2026-03,Thursday,3,22,False,member,647,Weekday
2026-03-01,2026-03,Thursday,3,23,False,casual,226,Weekday
2026-03-01,2026-03,Thursday,3,23,False,member,404,Weekday
2026-03-01,2026-03,Friday,4,0,False,casual,204,Weekday
2026-03-01,2026-03,Friday,4,0,False,member,209,Weekday
2026-03-01,2026-03,Friday,4,1,False,casual,85,Weekday
2026-03-01,2026-03,Friday,4,1,False,member,100,Weekday
2026-03-01,2026-03,Friday,4,2,False,casual,48,Weekday
2026-03-01,2026-03,Friday,4,2,False,member,34,Weekday
2026-03-01,2026-03,Friday,4,3,False,casual,24,Weekday
2026-03-01,2026-03,Friday,4,3,False,member,50,Weekday
2026-03-01,2026-03,Friday,4,4,False,casual,37,Weekday
2026-03-01,2026-03,Friday,4,4,False,member,80,Weekday
2026-03-01,2026-03,Friday,4,5,False,casual,78,Weekday
2026-03-01,2026-03,Friday,4,5,False,member,346,Weekday
2026-03-01,2026-03,Friday,4,6,False,casual,175,Weekday
2026-03-01,2026-03,Friday,4,6,False,member,918,Weekday
2026-03-01,2026-03,Friday,4,7,False,casual,314,Weekday
2026-03-01,2026-03,Friday,4,7,False,member,1772,Weekday
2026-03-01,2026-03,Friday,4,8,False,casual,399,Weekday
2026-03-01,2026-03,Friday,4,8,False,member,2136,Weekday
2026-03-01,2026-03,Friday,4,9,False,casual,326,Weekday
2026-03-01,2026-03,Friday,4,9,False,member,1352,Weekday
2026-03-01,2026-03,Friday,4,10,False,casual,299,Weekday
2026-03-01,2026-03,Friday,4,10,False,member,1048,Weekday
2026-03-01,2026-03,Friday,4,11,False,casual,456,Weekday
2026-03-01,2026-03,Friday,4,11,False,member,1188,Weekday
2026-03-01,2026-03,Friday,4,12,False,casual,511,Weekday
2026-03-01,2026-03,Friday,4,12,False,member,1323,Weekday
2026-03-01,2026-03,Friday,4,13,False,casual,677,Weekday
2026-03-01,2026-03,Friday,4,13,False,member,1683,Weekday
2026-03-01,2026-03,Friday,4,14,False,casual,813,Weekday
2026-03-01,2026-03,Friday,4,14,False,member,1737,Weekday
2026-03-01,2026-03,Friday,4,15,False,casual,904,Weekday
2026-03-01,2026-03,Friday,4,15,False,member,2130,Weekday
2026-03-01,2026-03,Friday,4,16,False,casual,975,Weekday
2026-03-01,2026-03,Friday,4,16,False,member,2796,Weekday
2026-03-01,2026-03,Friday,4,17,False,casual,1197,Weekday
2026-03-01,2026-03,Friday,4,17,False,member,3163,Weekday
2026-03-01,2026-03,Friday,4,18,False,casual,946,Weekday
2026-03-01,2026-03,Friday,4,18,False,member,2450,Weekday
2026-03-01,2026-03,Friday,4,19,False,casual,645,Weekday
2026-03-01,2026-03,Friday,4,19,False,member,1596,Weekday
2026-03-01,2026-03,Friday,4,20,False,casual,399,Weekday
2026-03-01,2026-03,Friday,4,20,False,member,1029,Weekday
2026-03-01,2026-03,Friday,4,21,False,casual,380,Weekday
2026-03-01,2026-03,Friday,4,21,False,member,811,Weekday
2026-03-01,2026-03,Friday,4,22,False,casual,456,Weekday
2026-03-01,2026-03,Friday,4,22,False,member,768,Weekday
2026-03-01,2026-03,Friday,4,23,False,casual,458,Weekday
2026-03-01,2026-03,Friday,4,23,False,member,687,Weekday
2026-03-01,2026-03,Saturday,5,0,True,casual,417,Weekend
2026-03-01,2026-03,Saturday,5,0,True,member,499,Weekend
2026-03-01,2026-03,Saturday,5,1,True,casual,291,Weekend
2026-03-01,2026-03,Saturday,5,1,True,member,331,Weekend
2026-03-01,2026-03,Saturday,5,2,True,casual,183,Weekend
2026-03-01,2026-03,Saturday,5,2,True,member,149,Weekend
2026-03-01,2026-03,Saturday,5,3,True,casual,100,Weekend
2026-03-01,2026-03,Saturday,5,3,True,member,82,Weekend
2026-03-01,2026-03,Saturday,5,4,True,casual,54,Weekend
2026-03-01,2026-03,Saturday,5,4,True,member,52,Weekend
2026-03-01,2026-03,Saturday,5,5,True,casual,30,Weekend
2026-03-01,2026-03,Saturday,5,5,True,member,84,Weekend
2026-03-01,2026-03,Saturday,5,6,True,casual,83,Weekend
2026-03-01,2026-03,Saturday,5,6,True,member,243,Weekend
2026-03-01,2026-03,Saturday,5,7,True,casual,180,Weekend
2026-03-01,2026-03,Saturday,5,7,True,member,552,Weekend
2026-03-01,2026-03,Saturday,5,8,True,casual,418,Weekend
2026-03-01,2026-03,Saturday,5,8,True,member,1044,Weekend
2026-03-01,2026-03,Saturday,5,9,True,casual,617,Weekend
2026-03-01,2026-03,Saturday,5,9,True,member,1553,Weekend
2026-03-01,2026-03,Saturday,5,10,True,casual,1044,Weekend
2026-03-01,2026-03,Saturday,5,10,True,member,1932,Weekend
2026-03-01,2026-03,Saturday,5,11,True,casual,1106,Weekend
2026-03-01,2026-03,Saturday,5,11,True,member,2073,Weekend
2026-03-01,2026-03,Saturday,5,12,True,casual,1421,Weekend
2026-03-01,2026-03,Saturday,5,12,True,member,2273,Weekend
2026-03-01,2026-03,Saturday,5,13,True,casual,1680,Weekend
2026-03-01,2026-03,Saturday,5,13,True,member,2461,Weekend
2026-03-01,2026-03,Saturday,5,14,True,casual,1855,Weekend
2026-03-01,2026-03,Saturday,5,14,True,member,2458,Weekend
2026-03-01,2026-03,Saturday,5,15,True,casual,1967,Weekend
2026-03-01,2026-03,Saturday,5,15,True,member,2398,Weekend
2026-03-01,2026-03,Saturday,5,16,True,casual,2003,Weekend
2026-03-01,2026-03,Saturday,5,16,True,member,2506,Weekend
2026-03-01,2026-03,Saturday,5,17,True,casual,1723,Weekend
2026-03-01,2026-03,Saturday,5,17,True,member,2311,Weekend
2026-03-01,2026-03,Saturday,5,18,True,casual,1499,Weekend
2026-03-01,2026-03,Saturday,5,18,True,member,2083,Weekend
2026-03-01,2026-03,Saturday,5,19,True,casual,1134,Weekend
2026-03-01,2026-03,Saturday,5,19,True,member,1474,Weekend
2026-03-01,2026-03,Saturday,5,20,True,casual,754,Weekend
2026-03-01,2026-03,Saturday,5,20,True,member,989,Weekend
2026-03-01,2026-03,Saturday,5,21,True,casual,632,Weekend
2026-03-01,2026-03,Saturday,5,21,True,member,888,Weekend
2026-03-01,2026-03,Saturday,5,22,True,casual,646,Weekend
2026-03-01,2026-03,Saturday,5,22,True,member,848,Weekend
2026-03-01,2026-03,Saturday,5,23,True,casual,620,Weekend
2026-03-01,2026-03,Saturday,5,23,True,member,689,Weekend
2026-03-01,2026-03,Sunday,6,0,True,casual,657,Weekend
2026-03-01,2026-03,Sunday,6,0,True,member,610,Weekend
2026-03-01,2026-03,Sunday,6,1,True,casual,474,Weekend
2026-03-01,2026-03,Sunday,6,1,True,member,372,Weekend
2026-03-01,2026-03,Sunday,6,2,True,casual,280,Weekend
2026-03-01,2026-03,Sunday,6,2,True,member,222,Weekend
2026-03-01,2026-03,Sunday,6,3,True,casual,198,Weekend
2026-03-01,2026-03,Sunday,6,3,True,member,197,Weekend
2026-03-01,2026-03,Sunday,6,4,True,casual,150,Weekend
2026-03-01,2026-03,Sunday,6,4,True,member,132,Weekend
2026-03-01,2026-03,Sunday,6,5,True,casual,94,Weekend
2026-03-01,2026-03,Sunday,6,5,True,member,114,Weekend
2026-03-01,2026-03,Sunday,6,6,True,casual,120,Weekend
2026-03-01,2026-03,Sunday,6,6,True,member,305,Weekend
2026-03-01,2026-03,Sunday,6,7,True,casual,276,Weekend
2026-03-01,2026-03,Sunday,6,7,True,member,562,Weekend
2026-03-01,2026-03,Sunday,6,8,True,casual,336,Weekend
2026-03-01,2026-03,Sunday,6,8,True,member,746,Weekend
2026-03-01,2026-03,Sunday,6,9,True,casual,545,Weekend
2026-03-01,2026-03,Sunday,6,9,True,member,1371,Weekend
2026-03-01,2026-03,Sunday,6,10,True,casual,808,Weekend
2026-03-01,2026-03,Sunday,6,10,True,member,1768,Weekend
2026-03-01,2026-03,Sunday,6,11,True,casual,860,Weekend
2026-03-01,2026-03,Sunday,6,11,True,member,1824,Weekend
2026-03-01,2026-03,Sunday,6,12,True,casual,1196,Weekend
2026-03-01,2026-03,Sunday,6,12,True,member,2196,Weekend
2026-03-01,2026-03,Sunday,6,13,True,casual,1266,Weekend
2026-03-01,2026-03,Sunday,6,13,True,member,2222,Weekend
2026-03-01,2026-03,Sunday,6,14,True,casual,1328,Weekend
2026-03-01,2026-03,Sunday,6,14,True,member,2302,Weekend
2026-03-01,2026-03,Sunday,6,15,True,casual,1350,Weekend
2026-03-01,2026-03,Sunday,6,15,True,member,2305,Weekend
2026-03-01,2026-03,Sunday,6,16,True,casual,1427,Weekend
2026-03-01,2026-03,Sunday,6,16,True,member,2305,Weekend
2026-03-01,2026-03,Sunday,6,17,True,casual,971,Weekend
2026-03-01,2026-03,Sunday,6,17,True,member,1832,Weekend
2026-03-01,2026-03,Sunday,6,18,True,casual,765,Weekend
2026-03-01,2026-03,Sunday,6,18,True,member,1649,Weekend
2026-03-01,2026-03,Sunday,6,19,True,casual,588,Weekend
2026-03-01,2026-03,Sunday,6,19,True,member,1077,Weekend
2026-03-01,2026-03,Sunday,6,20,True,casual,394,Weekend
2026-03-01,2026-03,Sunday,6,20,True,member,837,Weekend
2026-03-01,2026-03,Sunday,6,21,True,casual,287,Weekend
2026-03-01,2026-03,Sunday,6,21,True,member,595,Weekend
2026-03-01,2026-03,Sunday,6,22,True,casual,221,Weekend
2026-03-01,2026-03,Sunday,6,22,True,member,462,Weekend
2026-03-01,2026-03,Sunday,6,23,True,casual,135,Weekend
2026-03-01,2026-03,Sunday,6,23,True,member,262,Weekend
2026-04-01,2026-04,Monday,0,0,False,casual,151,Weekday
2026-04-01,2026-04,Monday,0,0,False,member,122,Weekday
2026-04-01,2026-04,Monday,0,1,False,casual,115,Weekday
2026-04-01,2026-04,Monday,0,1,False,member,73,Weekday
2026-04-01,2026-04,Monday,0,2,False,casual,69,Weekday
2026-04-01,2026-04,Monday,0,2,False,member,50,Weekday
2026-04-01,2026-04,Monday,0,3,False,casual,43,Weekday
2026-04-01,2026-04,Monday,0,3,False,member,56,Weekday
2026-04-01,2026-04,Monday,0,4,False,casual,49,Weekday
2026-04-01,2026-04,Monday,0,4,False,member,96,Weekday
2026-04-01,2026-04,Monday,0,5,False,casual,113,Weekday
2026-04-01,2026-04,Monday,0,5,False,member,470,Weekday
2026-04-01,2026-04,Monday,0,6,False,casual,288,Weekday
2026-04-01,2026-04,Monday,0,6,False,member,1469,Weekday
2026-04-01,2026-04,Monday,0,7,False,casual,509,Weekday
2026-04-01,2026-04,Monday,0,7,False,member,2944,Weekday
2026-04-01,2026-04,Monday,0,8,False,casual,651,Weekday
2026-04-01,2026-04,Monday,0,8,False,member,3929,Weekday
2026-04-01,2026-04,Monday,0,9,False,casual,494,Weekday
2026-04-01,2026-04,Monday,0,9,False,member,1934,Weekday
2026-04-01,2026-04,Monday,0,10,False,casual,383,Weekday
2026-04-01,2026-04,Monday,0,10,False,member,1193,Weekday
2026-04-01,2026-04,Monday,0,11,False,casual,620,Weekday
2026-04-01,2026-04,Monday,0,11,False,member,1534,Weekday
2026-04-01,2026-04,Monday,0,12,False,casual,611,Weekday
2026-04-01,2026-04,Monday,0,12,False,member,1579,Weekday
2026-04-01,2026-04,Monday,0,13,False,casual,635,Weekday
2026-04-01,2026-04,Monday,0,13,False,member,1470,Weekday
2026-04-01,2026-04,Monday,0,14,False,casual,663,Weekday
2026-04-01,2026-04,Monday,0,14,False,member,1705,Weekday
2026-04-01,2026-04,Monday,0,15,False,casual,837,Weekday
2026-04-01,2026-04,Monday,0,15,False,member,2483,Weekday
2026-04-01,2026-04,Monday,0,16,False,casual,1253,Weekday
2026-04-01,2026-04,Monday,0,16,False,member,4418,Weekday
2026-04-01,2026-04,Monday,0,17,False,casual,1587,Weekday
2026-04-01,2026-04,Monday,0,17,False,member,5485,Weekday
2026-04-01,2026-04,Monday,0,18,False,casual,1256,Weekday
2026-04-01,2026-04,Monday,0,18,False,member,3894,Weekday
2026-04-01,2026-04,Monday,0,19,False,casual,746,Weekday
2026-04-01,2026-04,Monday,0,19,False,member,2135,Weekday
2026-04-01,2026-04,Monday,0,20,False,casual,515,Weekday
2026-04-01,2026-04,Monday,0,20,False,member,1381,Weekday
2026-04-01,2026-04,Monday,0,21,False,casual,477,Weekday
2026-04-01,2026-04,Monday,0,21,False,member,1145,Weekday
2026-04-01,2026-04,Monday,0,22,False,casual,392,Weekday
2026-04-01,2026-04,Monday,0,22,False,member,725,Weekday
2026-04-01,2026-04,Monday,0,23,False,casual,195,Weekday
2026-04-01,2026-04,Monday,0,23,False,member,379,Weekday
2026-04-01,2026-04,Tuesday,1,0,False,casual,204,Weekday
2026-04-01,2026-04,Tuesday,1,0,False,member,205,Weekday
2026-04-01,2026-04,Tuesday,1,1,False,casual,94,Weekday
2026-04-01,2026-04,Tuesday,1,1,False,member,104,Weekday
2026-04-01,2026-04,Tuesday,1,2,False,casual,59,Weekday
2026-04-01,2026-04,Tuesday,1,2,False,member,64,Weekday
2026-04-01,2026-04,Tuesday,1,3,False,casual,29,Weekday
2026-04-01,2026-04,Tuesday,1,3,False,member,53,Weekday
2026-04-01,2026-04,Tuesday,1,4,False,casual,44,Weekday
2026-04-01,2026-04,Tuesday,1,4,False,member,84,Weekday
2026-04-01,2026-04,Tuesday,1,5,False,casual,114,Weekday
2026-04-01,2026-04,Tuesday,1,5,False,member,503,Weekday
2026-04-01,2026-04,Tuesday,1,6,False,casual,245,Weekday
2026-04-01,2026-04,Tuesday,1,6,False,member,1549,Weekday
2026-04-01,2026-04,Tuesday,1,7,False,casual,487,Weekday
2026-04-01,2026-04,Tuesday,1,7,False,member,3191,Weekday
2026-04-01,2026-04,Tuesday,1,8,False,casual,923,Weekday
2026-04-01,2026-04,Tuesday,1,8,False,member,4764,Weekday
2026-04-01,2026-04,Tuesday,1,9,False,casual,575,Weekday
2026-04-01,2026-04,Tuesday,1,9,False,member,2295,Weekday
2026-04-01,2026-04,Tuesday,1,10,False,casual,542,Weekday
2026-04-01,2026-04,Tuesday,1,10,False,member,1478,Weekday
2026-04-01,2026-04,Tuesday,1,11,False,casual,707,Weekday
2026-04-01,2026-04,Tuesday,1,11,False,member,1832,Weekday
2026-04-01,2026-04,Tuesday,1,12,False,casual,848,Weekday
2026-04-01,2026-04,Tuesday,1,12,False,member,2149,Weekday
2026-04-01,2026-04,Tuesday,1,13,False,casual,895,Weekday
2026-04-01,2026-04,Tuesday,1,13,False,member,2081,Weekday
2026-04-01,2026-04,Tuesday,1,14,False,casual,979,Weekday
2026-04-01,2026-04,Tuesday,1,14,False,member,2152,Weekday
2026-04-01,2026-04,Tuesday,1,15,False,casual,1064,Weekday
2026-04-01,2026-04,Tuesday,1,15,False,member,2869,Weekday
2026-04-01,2026-04,Tuesday,1,16,False,casual,1700,Weekday
2026-04-01,2026-04,Tuesday,1,16,False,member,5599,Weekday
2026-04-01,2026-04,Tuesday,1,17,False,casual,2232,Weekday
2026-04-01,2026-04,Tuesday,1,17,False,member,6926,Weekday
2026-04-01,2026-04,Tuesday,1,18,False,casual,1880,Weekday
2026-04-01,2026-04,Tuesday,1,18,False,member,4895,Weekday
2026-04-01,2026-04,Tuesday,1,19,False,casual,1242,Weekday
2026-04-01,2026-04,Tuesday,1,19,False,member,3235,Weekday
2026-04-01,2026-04,Tuesday,1,20,False,casual,832,Weekday
2026-04-01,2026-04,Tuesday,1,20,False,member,2056,Weekday
2026-04-01,2026-04,Tuesday,1,21,False,casual,897,Weekday
2026-04-01,2026-04,Tuesday,1,21,False,member,1706,Weekday
2026-04-01,2026-04,Tuesday,1,22,False,casual,522,Weekday
2026-04-01,2026-04,Tuesday,1,22,False,member,843,Weekday
2026-04-01,2026-04,Tuesday,1,23,False,casual,219,Weekday
2026-04-01,2026-04,Tuesday,1,23,False,member,359,Weekday
2026-04-01,2026-04,Wednesday,2,0,False,casual,197,Weekday
2026-04-01,2026-04,Wednesday,2,0,False,member,245,Weekday
2026-04-01,2026-04,Wednesday,2,1,False,casual,146,Weekday
2026-04-01,2026-04,Wednesday,2,1,False,member,112,Weekday
2026-04-01,2026-04,Wednesday,2,2,False,casual,86,Weekday
2026-04-01,2026-04,Wednesday,2,2,False,member,77,Weekday
2026-04-01,2026-04,Wednesday,2,3,False,casual,50,Weekday
2026-04-01,2026-04,Wednesday,2,3,False,member,58,Weekday
2026-04-01,2026-04,Wednesday,2,4,False,casual,57,Weekday
2026-04-01,2026-04,Wednesday,2,4,False,member,111,Weekday
2026-04-01,2026-04,Wednesday,2,5,False,casual,131,Weekday
2026-04-01,2026-04,Wednesday,2,5,False,member,617,Weekday
2026-04-01,2026-04,Wednesday,2,6,False,casual,377,Weekday
2026-04-01,2026-04,Wednesday,2,6,False,member,1888,Weekday
2026-04-01,2026-04,Wednesday,2,7,False,casual,702,Weekday
2026-04-01,2026-04,Wednesday,2,7,False,member,4119,Weekday
2026-04-01,2026-04,Wednesday,2,8,False,casual,1166,Weekday
2026-04-01,2026-04,Wednesday,2,8,False,member,5665,Weekday
2026-04-01,2026-04,Wednesday,2,9,False,casual,678,Weekday
2026-04-01,2026-04,Wednesday,2,9,False,member,2654,Weekday
2026-04-01,2026-04,Wednesday,2,10,False,casual,517,Weekday
2026-04-01,2026-04,Wednesday,2,10,False,member,1659,Weekday
2026-04-01,2026-04,Wednesday,2,11,False,casual,634,Weekday
2026-04-01,2026-04,Wednesday,2,11,False,member,1907,Weekday
2026-04-01,2026-04,Wednesday,2,12,False,casual,821,Weekday
2026-04-01,2026-04,Wednesday,2,12,False,member,2354,Weekday
2026-04-01,2026-04,Wednesday,2,13,False,casual,903,Weekday
2026-04-01,2026-04,Wednesday,2,13,False,member,2317,Weekday
2026-04-01,2026-04,Wednesday,2,14,False,casual,956,Weekday
2026-04-01,2026-04,Wednesday,2,14,False,member,2394,Weekday
2026-04-01,2026-04,Wednesday,2,15,False,casual,1198,Weekday
2026-04-01,2026-04,Wednesday,2,15,False,member,3620,Weekday
2026-04-01,2026-04,Wednesday,2,16,False,casual,1861,Weekday
2026-04-01,2026-04,Wednesday,2,16,False,member,6421,Weekday
2026-04-01,2026-04,Wednesday,2,17,False,casual,2326,Weekday
2026-04-01,2026-04,Wednesday,2,17,False,member,7720,Weekday
2026-04-01,2026-04,Wednesday,2,18,False,casual,1879,Weekday
2026-04-01,2026-04,Wednesday,2,18,False,member,5546,Weekday
2026-04-01,2026-04,Wednesday,2,19,False,casual,1362,Weekday
2026-04-01,2026-04,Wednesday,2,19,False,member,3564,Weekday
2026-04-01,2026-04,Wednesday,2,20,False,casual,864,Weekday
2026-04-01,2026-04,Wednesday,2,20,False,member,2403,Weekday
2026-04-01,2026-04,Wednesday,2,21,False,casual,803,Weekday
2026-04-01,2026-04,Wednesday,2,21,False,member,1926,Weekday
2026-04-01,2026-04,Wednesday,2,22,False,casual,576,Weekday
2026-04-01,2026-04,Wednesday,2,22,False,member,1178,Weekday
2026-04-01,2026-04,Wednesday,2,23,False,casual,294,Weekday
2026-04-01,2026-04,Wednesday,2,23,False,member,542,Weekday
2026-04-01,2026-04,Thursday,3,0,False,casual,205,Weekday
2026-04-01,2026-04,Thursday,3,0,False,member,223,Weekday
2026-04-01,2026-04,Thursday,3,1,False,casual,120,Weekday
2026-04-01,2026-04,Thursday,3,1,False,member,146,Weekday
2026-04-01,2026-04,Thursday,3,2,False,casual,61,Weekday
2026-04-01,2026-04,Thursday,3,2,False,member,69,Weekday
2026-04-01,2026-04,Thursday,3,3,False,casual,44,Weekday
2026-04-01,2026-04,Thursday,3,3,False,member,67,Weekday
2026-04-01,2026-04,Thursday,3,4,False,casual,56,Weekday
2026-04-01,2026-04,Thursday,3,4,False,member,109,Weekday
2026-04-01,2026-04,Thursday,3,5,False,casual,131,Weekday
2026-04-01,2026-04,Thursday,3,5,False,member,515,Weekday
2026-04-01,2026-04,Thursday,3,6,False,casual,367,Weekday
2026-04-01,2026-04,Thursday,3,6,False,member,1745,Weekday
2026-04-01,2026-04,Thursday,3,7,False,casual,725,Weekday
2026-04-01,2026-04,Thursday,3,7,False,member,4035,Weekday
2026-04-01,2026-04,Thursday,3,8,False,casual,1115,Weekday
2026-04-01,2026-04,Thursday,3,8,False,member,5592,Weekday
2026-04-01,2026-04,Thursday,3,9,False,casual,849,Weekday
2026-04-01,2026-04,Thursday,3,9,False,member,2864,Weekday
2026-04-01,2026-04,Thursday,3,10,False,casual,741,Weekday
2026-04-01,2026-04,Thursday,3,10,False,member,1990,Weekday
2026-04-01,2026-04,Thursday,3,11,False,casual,1025,Weekday
2026-04-01,2026-04,Thursday,3,11,False,member,2280,Weekday
2026-04-01,2026-04,Thursday,3,12,False,casual,1209,Weekday
2026-04-01,2026-04,Thursday,3,12,False,member,2858,Weekday
2026-04-01,2026-04,Thursday,3,13,False,casual,1158,Weekday
2026-04-01,2026-04,Thursday,3,13,False,member,2527,Weekday
2026-04-01,2026-04,Thursday,3,14,False,casual,1237,Weekday
2026-04-01,2026-04,Thursday,3,14,False,member,2564,Weekday
2026-04-01,2026-04,Thursday,3,15,False,casual,1614,Weekday
2026-04-01,2026-04,Thursday,3,15,False,member,4011,Weekday
2026-04-01,2026-04,Thursday,3,16,False,casual,2310,Weekday
2026-04-01,2026-04,Thursday,3,16,False,member,6486,Weekday
2026-04-01,2026-04,Thursday,3,17,False,casual,2822,Weekday
2026-04-01,2026-04,Thursday,3,17,False,member,7507,Weekday
2026-04-01,2026-04,Thursday,3,18,False,casual,2274,Weekday
2026-04-01,2026-04,Thursday,3,18,False,member,5474,Weekday
2026-04-01,2026-04,Thursday,3,19,False,casual,1430,Weekday
2026-04-01,2026-04,Thursday,3,19,False,member,3401,Weekday
2026-04-01,2026-04,Thursday,3,20,False,casual,1045,Weekday
2026-04-01,2026-04,Thursday,3,20,False,member,2352,Weekday
2026-04-01,2026-04,Thursday,3,21,False,casual,721,Weekday
2026-04-01,2026-04,Thursday,3,21,False,member,1569,Weekday
2026-04-01,2026-04,Thursday,3,22,False,casual,676,Weekday
2026-04-01,2026-04,Thursday,3,22,False,member,1116,Weekday
2026-04-01,2026-04,Thursday,3,23,False,casual,436,Weekday
2026-04-01,2026-04,Thursday,3,23,False,member,740,Weekday
2026-04-01,2026-04,Friday,4,0,False,casual,332,Weekday
2026-04-01,2026-04,Friday,4,0,False,member,328,Weekday
2026-04-01,2026-04,Friday,4,1,False,casual,211,Weekday
2026-04-01,2026-04,Friday,4,1,False,member,211,Weekday
2026-04-01,2026-04,Friday,4,2,False,casual,120,Weekday
2026-04-01,2026-04,Friday,4,2,False,member,99,Weekday
2026-04-01,2026-04,Friday,4,3,False,casual,53,Weekday
2026-04-01,2026-04,Friday,4,3,False,member,69,Weekday
2026-04-01,2026-04,Friday,4,4,False,casual,70,Weekday
2026-04-01,2026-04,Friday,4,4,False,member,79,Weekday
2026-04-01,2026-04,Friday,4,5,False,casual,112,Weekday
2026-04-01,2026-04,Friday,4,5,False,member,403,Weekday
2026-04-01,2026-04,Friday,4,6,False,casual,325,Weekday
2026-04-01,2026-04,Friday,4,6,False,member,1134,Weekday
2026-04-01,2026-04,Friday,4,7,False,casual,479,Weekday
2026-04-01,2026-04,Friday,4,7,False,member,2204,Weekday
2026-04-01,2026-04,Friday,4,8,False,casual,695,Weekday
2026-04-01,2026-04,Friday,4,8,False,member,2854,Weekday
2026-04-01,2026-04,Friday,4,9,False,casual,637,Weekday
2026-04-01,2026-04,Friday,4,9,False,member,1988,Weekday
2026-04-01,2026-04,Friday,4,10,False,casual,795,Weekday
2026-04-01,2026-04,Friday,4,10,False,member,1689,Weekday
2026-04-01,2026-04,Friday,4,11,False,casual,1117,Weekday
2026-04-01,2026-04,Friday,4,11,False,member,2098,Weekday
2026-04-01,2026-04,Friday,4,12,False,casual,1336,Weekday
2026-04-01,2026-04,Friday,4,12,False,member,2621,Weekday
2026-04-01,2026-04,Friday,4,13,False,casual,1435,Weekday
2026-04-01,2026-04,Friday,4,13,False,member,2622,Weekday
2026-04-01,2026-04,Friday,4,14,False,casual,1490,Weekday
2026-04-01,2026-04,Friday,4,14,False,member,2641,Weekday
2026-04-01,2026-04,Friday,4,15,False,casual,1698,Weekday
2026-04-01,2026-04,Friday,4,15,False,member,3222,Weekday
2026-04-01,2026-04,Friday,4,16,False,casual,2214,Weekday
2026-04-01,2026-04,Friday,4,16,False,member,4529,Weekday
2026-04-01,2026-04,Friday,4,17,False,casual,2308,Weekday
2026-04-01,2026-04,Friday,4,17,False,member,4750,Weekday
2026-04-01,2026-04,Friday,4,18,False,casual,1906,Weekday
2026-04-01,2026-04,Friday,4,18,False,member,3853,Weekday
2026-04-01,2026-04,Friday,4,19,False,casual,1429,Weekday
2026-04-01,2026-04,Friday,4,19,False,member,2628,Weekday
2026-04-01,2026-04,Friday,4,20,False,casual,891,Weekday
2026-04-01,2026-04,Friday,4,20,False,member,1698,Weekday
2026-04-01,2026-04,Friday,4,21,False,casual,560,Weekday
2026-04-01,2026-04,Friday,4,21,False,member,957,Weekday
2026-04-01,2026-04,Friday,4,22,False,casual,479,Weekday
2026-04-01,2026-04,Friday,4,22,False,member,672,Weekday
2026-04-01,2026-04,Friday,4,23,False,casual,408,Weekday
2026-04-01,2026-04,Friday,4,23,False,member,520,Weekday
2026-04-01,2026-04,Saturday,5,0,True,casual,396,Weekend
2026-04-01,2026-04,Saturday,5,0,True,member,453,Weekend
2026-04-01,2026-04,Saturday,5,1,True,casual,297,Weekend
2026-04-01,2026-04,Saturday,5,1,True,member,319,Weekend
2026-04-01,2026-04,Saturday,5,2,True,casual,211,Weekend
2026-04-01,2026-04,Saturday,5,2,True,member,198,Weekend
2026-04-01,2026-04,Saturday,5,3,True,casual,121,Weekend
2026-04-01,2026-04,Saturday,5,3,True,member,113,Weekend
2026-04-01,2026-04,Saturday,5,4,True,casual,86,Weekend
2026-04-01,2026-04,Saturday,5,4,True,member,62,Weekend
2026-04-01,2026-04,Saturday,5,5,True,casual,55,Weekend
2026-04-01,2026-04,Saturday,5,5,True,member,94,Weekend
2026-04-01,2026-04,Saturday,5,6,True,casual,127,Weekend
2026-04-01,2026-04,Saturday,5,6,True,member,287,Weekend
2026-04-01,2026-04,Saturday,5,7,True,casual,211,Weekend
2026-04-01,2026-04,Saturday,5,7,True,member,580,Weekend
2026-04-01,2026-04,Saturday,5,8,True,casual,458,Weekend
2026-04-01,2026-04,Saturday,5,8,True,member,1084,Weekend
2026-04-01,2026-04,Saturday,5,9,True,casual,789,Weekend
2026-04-01,2026-04,Saturday,5,9,True,member,1584,Weekend
2026-04-01,2026-04,Saturday,5,10,True,casual,1177,Weekend
2026-04-01,2026-04,Saturday,5,10,True,member,1990,Weekend
2026-04-01,2026-04,Saturday,5,11,True,casual,1460,Weekend
2026-04-01,2026-04,Saturday,5,11,True,member,2343,Weekend
2026-04-01,2026-04,Saturday,5,12,True,casual,1754,Weekend
2026-04-01,2026-04,Saturday,5,12,True,member,2682,Weekend
2026-04-01,2026-04,Saturday,5,13,True,casual,1765,Weekend
2026-04-01,2026-04,Saturday,5,13,True,member,2652,Weekend
2026-04-01,2026-04,Saturday,5,14,True,casual,1693,Weekend
2026-04-01,2026-04,Saturday,5,14,True,member,2504,Weekend
2026-04-01,2026-04,Saturday,5,15,True,casual,1739,Weekend
2026-04-01,2026-04,Saturday,5,15,True,member,2459,Weekend
2026-04-01,2026-04,Saturday,5,16,True,casual,1678,Weekend
2026-04-01,2026-04,Saturday,5,16,True,member,2657,Weekend
2026-04-01,2026-04,Saturday,5,17,True,casual,1546,Weekend
2026-04-01,2026-04,Saturday,5,17,True,member,2284,Weekend
2026-04-01,2026-04,Saturday,5,18,True,casual,1181,Weekend
2026-04-01,2026-04,Saturday,5,18,True,member,2101,Weekend
2026-04-01,2026-04,Saturday,5,19,True,casual,903,Weekend
2026-04-01,2026-04,Saturday,5,19,True,member,1750,Weekend
2026-04-01,2026-04,Saturday,5,20,True,casual,593,Weekend
2026-04-01,2026-04,Saturday,5,20,True,member,1098,Weekend
2026-04-01,2026-04,Saturday,5,21,True,casual,567,Weekend
2026-04-01,2026-04,Saturday,5,21,True,member,917,Weekend
2026-04-01,2026-04,Saturday,5,22,True,casual,635,Weekend
2026-04-01,2026-04,Saturday,5,22,True,member,862,Weekend
2026-04-01,2026-04,Saturday,5,23,True,casual,427,Weekend
2026-04-01,2026-04,Saturday,5,23,True,member,678,Weekend
2026-04-01,2026-04,Sunday,6,0,True,casual,514,Weekend
2026-04-01,2026-04,Sunday,6,0,True,member,558,Weekend
2026-04-01,2026-04,Sunday,6,1,True,casual,364,Weekend
2026-04-01,2026-04,Sunday,6,1,True,member,350,Weekend
2026-04-01,2026-04,Sunday,6,2,True,casual,241,Weekend
2026-04-01,2026-04,Sunday,6,2,True,member,254,Weekend
2026-04-01,2026-04,Sunday,6,3,True,casual,164,Weekend
2026-04-01,2026-04,Sunday,6,3,True,member,175,Weekend
2026-04-01,2026-04,Sunday,6,4,True,casual,141,Weekend
2026-04-01,2026-04,Sunday,6,4,True,member,88,Weekend
2026-04-01,2026-04,Sunday,6,5,True,casual,80,Weekend
2026-04-01,2026-04,Sunday,6,5,True,member,103,Weekend
2026-04-01,2026-04,Sunday,6,6,True,casual,142,Weekend
2026-04-01,2026-04,Sunday,6,6,True,member,283,Weekend
2026-04-01,2026-04,Sunday,6,7,True,casual,189,Weekend
2026-04-01,2026-04,Sunday,6,7,True,member,472,Weekend
2026-04-01,2026-04,Sunday,6,8,True,casual,409,Weekend
2026-04-01,2026-04,Sunday,6,8,True,member,930,Weekend
2026-04-01,2026-04,Sunday,6,9,True,casual,692,Weekend
2026-04-01,2026-04,Sunday,6,9,True,member,1497,Weekend
2026-04-01,2026-04,Sunday,6,10,True,casual,1115,Weekend
2026-04-01,2026-04,Sunday,6,10,True,member,1955,Weekend
2026-04-01,2026-04,Sunday,6,11,True,casual,1361,Weekend2026-04-01,2026-04,Sunday,6,11,True,member,2286,Weekend
2026-04-01,2026-04,Sunday,6,12,True,casual,1675,Weekend
2026-04-01,2026-04,Sunday,6,12,True,member,2624,Weekend
2026-04-01,2026-04,Sunday,6,13,True,casual,1659,Weekend
2026-04-01,2026-04,Sunday,6,13,True,member,2400,Weekend
2026-04-01,2026-04,Sunday,6,14,True,casual,1753,Weekend
2026-04-01,2026-04,Sunday,6,14,True,member,2454,Weekend
2026-04-01,2026-04,Sunday,6,15,True,casual,1990,Weekend
2026-04-01,2026-04,Sunday,6,15,True,member,2584,Weekend
2026-04-01,2026-04,Sunday,6,16,True,casual,1937,Weekend
2026-04-01,2026-04,Sunday,6,16,True,member,2694,Weekend
2026-04-01,2026-04,Sunday,6,17,True,casual,1687,Weekend
2026-04-01,2026-04,Sunday,6,17,True,member,2456,Weekend
2026-04-01,2026-04,Sunday,6,18,True,casual,1267,Weekend
2026-04-01,2026-04,Sunday,6,18,True,member,2224,Weekend
2026-04-01,2026-04,Sunday,6,19,True,casual,772,Weekend
2026-04-01,2026-04,Sunday,6,19,True,member,1405,Weekend
2026-04-01,2026-04,Sunday,6,20,True,casual,471,Weekend
2026-04-01,2026-04,Sunday,6,20,True,member,883,Weekend
2026-04-01,2026-04,Sunday,6,21,True,casual,311,Weekend
2026-04-01,2026-04,Sunday,6,21,True,member,646,Weekend
2026-04-01,2026-04,Sunday,6,22,True,casual,239,Weekend
2026-04-01,2026-04,Sunday,6,22,True,member,457,Weekend
2026-04-01,2026-04,Sunday,6,23,True,casual,141,Weekend
2026-04-01,2026-04,Sunday,6,23,True,member,279,Weekend
2026-05-01,2026-05,Monday,0,0,False,casual,641,Weekday
2026-05-01,2026-05,Monday,0,0,False,member,358,Weekday
2026-05-01,2026-05,Monday,0,1,False,casual,352,Weekday
2026-05-01,2026-05,Monday,0,1,False,member,204,Weekday
2026-05-01,2026-05,Monday,0,2,False,casual,202,Weekday
2026-05-01,2026-05,Monday,0,2,False,member,112,Weekday
2026-05-01,2026-05,Monday,0,3,False,casual,125,Weekday
2026-05-01,2026-05,Monday,0,3,False,member,103,Weekday
2026-05-01,2026-05,Monday,0,4,False,casual,115,Weekday
2026-05-01,2026-05,Monday,0,4,False,member,128,Weekday
2026-05-01,2026-05,Monday,0,5,False,casual,192,Weekday
2026-05-01,2026-05,Monday,0,5,False,member,500,Weekday
2026-05-01,2026-05,Monday,0,6,False,casual,342,Weekday
2026-05-01,2026-05,Monday,0,6,False,member,1549,Weekday
2026-05-01,2026-05,Monday,0,7,False,casual,653,Weekday
2026-05-01,2026-05,Monday,0,7,False,member,3064,Weekday
2026-05-01,2026-05,Monday,0,8,False,casual,955,Weekday
2026-05-01,2026-05,Monday,0,8,False,member,3823,Weekday
2026-05-01,2026-05,Monday,0,9,False,casual,1016,Weekday
2026-05-01,2026-05,Monday,0,9,False,member,2318,Weekday
2026-05-01,2026-05,Monday,0,10,False,casual,1339,Weekday
2026-05-01,2026-05,Monday,0,10,False,member,1945,Weekday
2026-05-01,2026-05,Monday,0,11,False,casual,1713,Weekday
2026-05-01,2026-05,Monday,0,11,False,member,2054,Weekday
2026-05-01,2026-05,Monday,0,12,False,casual,2223,Weekday
2026-05-01,2026-05,Monday,0,12,False,member,2685,Weekday
2026-05-01,2026-05,Monday,0,13,False,casual,2451,Weekday
2026-05-01,2026-05,Monday,0,13,False,member,2718,Weekday
2026-05-01,2026-05,Monday,0,14,False,casual,2641,Weekday
2026-05-01,2026-05,Monday,0,14,False,member,2829,Weekday
2026-05-01,2026-05,Monday,0,15,False,casual,2964,Weekday
2026-05-01,2026-05,Monday,0,15,False,member,3639,Weekday
2026-05-01,2026-05,Monday,0,16,False,casual,3177,Weekday
2026-05-01,2026-05,Monday,0,16,False,member,5344,Weekday
2026-05-01,2026-05,Monday,0,17,False,casual,3266,Weekday
2026-05-01,2026-05,Monday,0,17,False,member,6318,Weekday
2026-05-01,2026-05,Monday,0,18,False,casual,2450,Weekday
2026-05-01,2026-05,Monday,0,18,False,member,4259,Weekday
2026-05-01,2026-05,Monday,0,19,False,casual,1815,Weekday
2026-05-01,2026-05,Monday,0,19,False,member,2896,Weekday
2026-05-01,2026-05,Monday,0,20,False,casual,1330,Weekday
2026-05-01,2026-05,Monday,0,20,False,member,2033,Weekday
2026-05-01,2026-05,Monday,0,21,False,casual,1099,Weekday
2026-05-01,2026-05,Monday,0,21,False,member,1626,Weekday
2026-05-01,2026-05,Monday,0,22,False,casual,860,Weekday
2026-05-01,2026-05,Monday,0,22,False,member,947,Weekday
2026-05-01,2026-05,Monday,0,23,False,casual,463,Weekday
2026-05-01,2026-05,Monday,0,23,False,member,497,Weekday
2026-05-01,2026-05,Tuesday,1,0,False,casual,403,Weekday
2026-05-01,2026-05,Tuesday,1,0,False,member,258,Weekday
2026-05-01,2026-05,Tuesday,1,1,False,casual,214,Weekday
2026-05-01,2026-05,Tuesday,1,1,False,member,130,Weekday
2026-05-01,2026-05,Tuesday,1,2,False,casual,115,Weekday
2026-05-01,2026-05,Tuesday,1,2,False,member,70,Weekday
2026-05-01,2026-05,Tuesday,1,3,False,casual,78,Weekday
2026-05-01,2026-05,Tuesday,1,3,False,member,92,Weekday
2026-05-01,2026-05,Tuesday,1,4,False,casual,76,Weekday
2026-05-01,2026-05,Tuesday,1,4,False,member,130,Weekday
2026-05-01,2026-05,Tuesday,1,5,False,casual,166,Weekday
2026-05-01,2026-05,Tuesday,1,5,False,member,662,Weekday
2026-05-01,2026-05,Tuesday,1,6,False,casual,409,Weekday
2026-05-01,2026-05,Tuesday,1,6,False,member,2053,Weekday
2026-05-01,2026-05,Tuesday,1,7,False,casual,706,Weekday
2026-05-01,2026-05,Tuesday,1,7,False,member,3823,Weekday
2026-05-01,2026-05,Tuesday,1,8,False,casual,1105,Weekday
2026-05-01,2026-05,Tuesday,1,8,False,member,4959,Weekday
2026-05-01,2026-05,Tuesday,1,9,False,casual,798,Weekday
2026-05-01,2026-05,Tuesday,1,9,False,member,2541,Weekday
2026-05-01,2026-05,Tuesday,1,10,False,casual,856,Weekday
2026-05-01,2026-05,Tuesday,1,10,False,member,1739,Weekday
2026-05-01,2026-05,Tuesday,1,11,False,casual,949,Weekday
2026-05-01,2026-05,Tuesday,1,11,False,member,2012,Weekday
2026-05-01,2026-05,Tuesday,1,12,False,casual,1183,Weekday
2026-05-01,2026-05,Tuesday,1,12,False,member,2251,Weekday
2026-05-01,2026-05,Tuesday,1,13,False,casual,1238,Weekday
2026-05-01,2026-05,Tuesday,1,13,False,member,2228,Weekday
2026-05-01,2026-05,Tuesday,1,14,False,casual,1280,Weekday
2026-05-01,2026-05,Tuesday,1,14,False,member,2202,Weekday
2026-05-01,2026-05,Tuesday,1,15,False,casual,1450,Weekday
2026-05-01,2026-05,Tuesday,1,15,False,member,3232,Weekday
2026-05-01,2026-05,Tuesday,1,16,False,casual,1828,Weekday
2026-05-01,2026-05,Tuesday,1,16,False,member,5303,Weekday
2026-05-01,2026-05,Tuesday,1,17,False,casual,2583,Weekday
2026-05-01,2026-05,Tuesday,1,17,False,member,6970,Weekday
2026-05-01,2026-05,Tuesday,1,18,False,casual,2362,Weekday
2026-05-01,2026-05,Tuesday,1,18,False,member,5543,Weekday
2026-05-01,2026-05,Tuesday,1,19,False,casual,1922,Weekday
2026-05-01,2026-05,Tuesday,1,19,False,member,3835,Weekday
2026-05-01,2026-05,Tuesday,1,20,False,casual,1572,Weekday
2026-05-01,2026-05,Tuesday,1,20,False,member,2790,Weekday
2026-05-01,2026-05,Tuesday,1,21,False,casual,1320,Weekday
2026-05-01,2026-05,Tuesday,1,21,False,member,2269,Weekday
2026-05-01,2026-05,Tuesday,1,22,False,casual,850,Weekday
2026-05-01,2026-05,Tuesday,1,22,False,member,1284,Weekday
2026-05-01,2026-05,Tuesday,1,23,False,casual,422,Weekday
2026-05-01,2026-05,Tuesday,1,23,False,member,649,Weekday
2026-05-01,2026-05,Wednesday,2,0,False,casual,359,Weekday
2026-05-01,2026-05,Wednesday,2,0,False,member,316,Weekday
2026-05-01,2026-05,Wednesday,2,1,False,casual,138,Weekday
2026-05-01,2026-05,Wednesday,2,1,False,member,158,Weekday
2026-05-01,2026-05,Wednesday,2,2,False,casual,105,Weekday
2026-05-01,2026-05,Wednesday,2,2,False,member,57,Weekday
2026-05-01,2026-05,Wednesday,2,3,False,casual,64,Weekday
2026-05-01,2026-05,Wednesday,2,3,False,member,54,Weekday
2026-05-01,2026-05,Wednesday,2,4,False,casual,62,Weekday
2026-05-01,2026-05,Wednesday,2,4,False,member,112,Weekday
2026-05-01,2026-05,Wednesday,2,5,False,casual,209,Weekday
2026-05-01,2026-05,Wednesday,2,5,False,member,703,Weekday
2026-05-01,2026-05,Wednesday,2,6,False,casual,426,Weekday
2026-05-01,2026-05,Wednesday,2,6,False,member,2156,Weekday
2026-05-01,2026-05,Wednesday,2,7,False,casual,946,Weekday
2026-05-01,2026-05,Wednesday,2,7,False,member,4547,Weekday
2026-05-01,2026-05,Wednesday,2,8,False,casual,1315,Weekday
2026-05-01,2026-05,Wednesday,2,8,False,member,5723,Weekday
2026-05-01,2026-05,Wednesday,2,9,False,casual,802,Weekday
2026-05-01,2026-05,Wednesday,2,9,False,member,2661,Weekday
2026-05-01,2026-05,Wednesday,2,10,False,casual,748,Weekday
2026-05-01,2026-05,Wednesday,2,10,False,member,1868,Weekday
2026-05-01,2026-05,Wednesday,2,11,False,casual,905,Weekday
2026-05-01,2026-05,Wednesday,2,11,False,member,2088,Weekday
2026-05-01,2026-05,Wednesday,2,12,False,casual,1102,Weekday
2026-05-01,2026-05,Wednesday,2,12,False,member,2305,Weekday
2026-05-01,2026-05,Wednesday,2,13,False,casual,1169,Weekday
2026-05-01,2026-05,Wednesday,2,13,False,member,2241,Weekday
2026-05-01,2026-05,Wednesday,2,14,False,casual,1176,Weekday
2026-05-01,2026-05,Wednesday,2,14,False,member,2302,Weekday
2026-05-01,2026-05,Wednesday,2,15,False,casual,1446,Weekday
2026-05-01,2026-05,Wednesday,2,15,False,member,3573,Weekday
2026-05-01,2026-05,Wednesday,2,16,False,casual,2336,Weekday
2026-05-01,2026-05,Wednesday,2,16,False,member,6209,Weekday
2026-05-01,2026-05,Wednesday,2,17,False,casual,2984,Weekday
2026-05-01,2026-05,Wednesday,2,17,False,member,7731,Weekday
2026-05-01,2026-05,Wednesday,2,18,False,casual,2548,Weekday
2026-05-01,2026-05,Wednesday,2,18,False,member,5754,Weekday
2026-05-01,2026-05,Wednesday,2,19,False,casual,1911,Weekday
2026-05-01,2026-05,Wednesday,2,19,False,member,3822,Weekday
2026-05-01,2026-05,Wednesday,2,20,False,casual,1340,Weekday
2026-05-01,2026-05,Wednesday,2,20,False,member,2725,Weekday
2026-05-01,2026-05,Wednesday,2,21,False,casual,1063,Weekday
2026-05-01,2026-05,Wednesday,2,21,False,member,2042,Weekday
2026-05-01,2026-05,Wednesday,2,22,False,casual,723,Weekday
2026-05-01,2026-05,Wednesday,2,22,False,member,1176,Weekday
2026-05-01,2026-05,Wednesday,2,23,False,casual,446,Weekday
2026-05-01,2026-05,Wednesday,2,23,False,member,543,Weekday
2026-05-01,2026-05,Thursday,3,0,False,casual,306,Weekday
2026-05-01,2026-05,Thursday,3,0,False,member,333,Weekday
2026-05-01,2026-05,Thursday,3,1,False,casual,183,Weekday
2026-05-01,2026-05,Thursday,3,1,False,member,173,Weekday
2026-05-01,2026-05,Thursday,3,2,False,casual,104,Weekday
2026-05-01,2026-05,Thursday,3,2,False,member,87,Weekday
2026-05-01,2026-05,Thursday,3,3,False,casual,88,Weekday
2026-05-01,2026-05,Thursday,3,3,False,member,55,Weekday
2026-05-01,2026-05,Thursday,3,4,False,casual,67,Weekday
2026-05-01,2026-05,Thursday,3,4,False,member,128,Weekday
2026-05-01,2026-05,Thursday,3,5,False,casual,191,Weekday
2026-05-01,2026-05,Thursday,3,5,False,member,577,Weekday
2026-05-01,2026-05,Thursday,3,6,False,casual,360,Weekday
2026-05-01,2026-05,Thursday,3,6,False,member,2043,Weekday
2026-05-01,2026-05,Thursday,3,7,False,casual,885,Weekday
2026-05-01,2026-05,Thursday,3,7,False,member,4264,Weekday
2026-05-01,2026-05,Thursday,3,8,False,casual,1142,Weekday
2026-05-01,2026-05,Thursday,3,8,False,member,5405,Weekday
2026-05-01,2026-05,Thursday,3,9,False,casual,812,Weekday
2026-05-01,2026-05,Thursday,3,9,False,member,2684,Weekday
2026-05-01,2026-05,Thursday,3,10,False,casual,695,Weekday
2026-05-01,2026-05,Thursday,3,10,False,member,1829,Weekday
2026-05-01,2026-05,Thursday,3,11,False,casual,967,Weekday
2026-05-01,2026-05,Thursday,3,11,False,member,2126,Weekday
2026-05-01,2026-05,Thursday,3,12,False,casual,1186,Weekday
2026-05-01,2026-05,Thursday,3,12,False,member,2481,Weekday
2026-05-01,2026-05,Thursday,3,13,False,casual,1373,Weekday
2026-05-01,2026-05,Thursday,3,13,False,member,2418,Weekday
2026-05-01,2026-05,Thursday,3,14,False,casual,1336,Weekday
2026-05-01,2026-05,Thursday,3,14,False,member,2458,Weekday
2026-05-01,2026-05,Thursday,3,15,False,casual,1559,Weekday
2026-05-01,2026-05,Thursday,3,15,False,member,3534,Weekday
2026-05-01,2026-05,Thursday,3,16,False,casual,2215,Weekday
2026-05-01,2026-05,Thursday,3,16,False,member,5648,Weekday
2026-05-01,2026-05,Thursday,3,17,False,casual,2659,Weekday
2026-05-01,2026-05,Thursday,3,17,False,member,6687,Weekday
2026-05-01,2026-05,Thursday,3,18,False,casual,2364,Weekday
2026-05-01,2026-05,Thursday,3,18,False,member,5334,Weekday
2026-05-01,2026-05,Thursday,3,19,False,casual,1874,Weekday
2026-05-01,2026-05,Thursday,3,19,False,member,3637,Weekday
2026-05-01,2026-05,Thursday,3,20,False,casual,1311,Weekday
2026-05-01,2026-05,Thursday,3,20,False,member,2643,Weekday
2026-05-01,2026-05,Thursday,3,21,False,casual,996,Weekday
2026-05-01,2026-05,Thursday,3,21,False,member,1867,Weekday
2026-05-01,2026-05,Thursday,3,22,False,casual,727,Weekday
2026-05-01,2026-05,Thursday,3,22,False,member,1279,Weekday
2026-05-01,2026-05,Thursday,3,23,False,casual,491,Weekday
2026-05-01,2026-05,Thursday,3,23,False,member,770,Weekday
2026-05-01,2026-05,Friday,4,0,False,casual,498,Weekday
2026-05-01,2026-05,Friday,4,0,False,member,449,Weekday
2026-05-01,2026-05,Friday,4,1,False,casual,323,Weekday
2026-05-01,2026-05,Friday,4,1,False,member,267,Weekday
2026-05-01,2026-05,Friday,4,2,False,casual,186,Weekday
2026-05-01,2026-05,Friday,4,2,False,member,119,Weekday
2026-05-01,2026-05,Friday,4,3,False,casual,80,Weekday
2026-05-01,2026-05,Friday,4,3,False,member,96,Weekday
2026-05-01,2026-05,Friday,4,4,False,casual,102,Weekday
2026-05-01,2026-05,Friday,4,4,False,member,167,Weekday
2026-05-01,2026-05,Friday,4,5,False,casual,230,Weekday
2026-05-01,2026-05,Friday,4,5,False,member,683,Weekday
2026-05-01,2026-05,Friday,4,6,False,casual,463,Weekday
2026-05-01,2026-05,Friday,4,6,False,member,1928,Weekday
2026-05-01,2026-05,Friday,4,7,False,casual,862,Weekday
2026-05-01,2026-05,Friday,4,7,False,member,3539,Weekday
2026-05-01,2026-05,Friday,4,8,False,casual,1114,Weekday
2026-05-01,2026-05,Friday,4,8,False,member,4334,Weekday
2026-05-01,2026-05,Friday,4,9,False,casual,1032,Weekday
2026-05-01,2026-05,Friday,4,9,False,member,2845,Weekday
2026-05-01,2026-05,Friday,4,10,False,casual,1213,Weekday
2026-05-01,2026-05,Friday,4,10,False,member,2305,Weekday
2026-05-01,2026-05,Friday,4,11,False,casual,1665,Weekday
2026-05-01,2026-05,Friday,4,11,False,member,2841,Weekday
2026-05-01,2026-05,Friday,4,12,False,casual,2221,Weekday
2026-05-01,2026-05,Friday,4,12,False,member,3477,Weekday
2026-05-01,2026-05,Friday,4,13,False,casual,2259,Weekday
2026-05-01,2026-05,Friday,4,13,False,member,3588,Weekday
2026-05-01,2026-05,Friday,4,14,False,casual,2484,Weekday
2026-05-01,2026-05,Friday,4,14,False,member,3797,Weekday
2026-05-01,2026-05,Friday,4,15,False,casual,2811,Weekday
2026-05-01,2026-05,Friday,4,15,False,member,4849,Weekday
2026-05-01,2026-05,Friday,4,16,False,casual,3650,Weekday
2026-05-01,2026-05,Friday,4,16,False,member,6446,Weekday
2026-05-01,2026-05,Friday,4,17,False,casual,3762,Weekday
2026-05-01,2026-05,Friday,4,17,False,member,6842,Weekday
2026-05-01,2026-05,Friday,4,18,False,casual,3317,Weekday
2026-05-01,2026-05,Friday,4,18,False,member,5456,Weekday
2026-05-01,2026-05,Friday,4,19,False,casual,2557,Weekday
2026-05-01,2026-05,Friday,4,19,False,member,4101,Weekday
2026-05-01,2026-05,Friday,4,20,False,casual,1691,Weekday
2026-05-01,2026-05,Friday,4,20,False,member,2765,Weekday
2026-05-01,2026-05,Friday,4,21,False,casual,1466,Weekday
2026-05-01,2026-05,Friday,4,21,False,member,2085,Weekday
2026-05-01,2026-05,Friday,4,22,False,casual,1441,Weekday
2026-05-01,2026-05,Friday,4,22,False,member,1756,Weekday
2026-05-01,2026-05,Friday,4,23,False,casual,1158,Weekday
2026-05-01,2026-05,Friday,4,23,False,member,1336,Weekday
2026-05-01,2026-05,Saturday,5,0,True,casual,1268,Weekend
2026-05-01,2026-05,Saturday,5,0,True,member,1056,Weekend
2026-05-01,2026-05,Saturday,5,1,True,casual,949,Weekend
2026-05-01,2026-05,Saturday,5,1,True,member,673,Weekend
2026-05-01,2026-05,Saturday,5,2,True,casual,630,Weekend
2026-05-01,2026-05,Saturday,5,2,True,member,374,Weekend
2026-05-01,2026-05,Saturday,5,3,True,casual,326,Weekend
2026-05-01,2026-05,Saturday,5,3,True,member,248,Weekend
2026-05-01,2026-05,Saturday,5,4,True,casual,179,Weekend
2026-05-01,2026-05,Saturday,5,4,True,member,156,Weekend
2026-05-01,2026-05,Saturday,5,5,True,casual,170,Weekend
2026-05-01,2026-05,Saturday,5,5,True,member,258,Weekend
2026-05-01,2026-05,Saturday,5,6,True,casual,338,Weekend
2026-05-01,2026-05,Saturday,5,6,True,member,615,Weekend
2026-05-01,2026-05,Saturday,5,7,True,casual,554,Weekend
2026-05-01,2026-05,Saturday,5,7,True,member,1098,Weekend
2026-05-01,2026-05,Saturday,5,8,True,casual,1065,Weekend
2026-05-01,2026-05,Saturday,5,8,True,member,2160,Weekend
2026-05-01,2026-05,Saturday,5,9,True,casual,1910,Weekend
2026-05-01,2026-05,Saturday,5,9,True,member,3076,Weekend
2026-05-01,2026-05,Saturday,5,10,True,casual,2913,Weekend
2026-05-01,2026-05,Saturday,5,10,True,member,3917,Weekend
2026-05-01,2026-05,Saturday,5,11,True,casual,3858,Weekend
2026-05-01,2026-05,Saturday,5,11,True,member,4328,Weekend
2026-05-01,2026-05,Saturday,5,12,True,casual,4573,Weekend
2026-05-01,2026-05,Saturday,5,12,True,member,4799,Weekend
2026-05-01,2026-05,Saturday,5,13,True,casual,4701,Weekend
2026-05-01,2026-05,Saturday,5,13,True,member,4871,Weekend
2026-05-01,2026-05,Saturday,5,14,True,casual,5032,Weekend
2026-05-01,2026-05,Saturday,5,14,True,member,4950,Weekend
2026-05-01,2026-05,Saturday,5,15,True,casual,5293,Weekend
2026-05-01,2026-05,Saturday,5,15,True,member,4867,Weekend
2026-05-01,2026-05,Saturday,5,16,True,casual,4985,Weekend
2026-05-01,2026-05,Saturday,5,16,True,member,4631,Weekend
2026-05-01,2026-05,Saturday,5,17,True,casual,4475,Weekend
2026-05-01,2026-05,Saturday,5,17,True,member,4600,Weekend
2026-05-01,2026-05,Saturday,5,18,True,casual,3974,Weekend
2026-05-01,2026-05,Saturday,5,18,True,member,4296,Weekend
2026-05-01,2026-05,Saturday,5,19,True,casual,3178,Weekend
2026-05-01,2026-05,Saturday,5,19,True,member,3418,Weekend
2026-05-01,2026-05,Saturday,5,20,True,casual,2206,Weekend
2026-05-01,2026-05,Saturday,5,20,True,member,2332,Weekend
2026-05-01,2026-05,Saturday,5,21,True,casual,1839,Weekend
2026-05-01,2026-05,Saturday,5,21,True,member,2104,Weekend
2026-05-01,2026-05,Saturday,5,22,True,casual,1987,Weekend
2026-05-01,2026-05,Saturday,5,22,True,member,1838,Weekend
2026-05-01,2026-05,Saturday,5,23,True,casual,1663,Weekend
2026-05-01,2026-05,Saturday,5,23,True,member,1453,Weekend
2026-05-01,2026-05,Sunday,6,0,True,casual,1717,Weekend
2026-05-01,2026-05,Sunday,6,0,True,member,1187,Weekend
2026-05-01,2026-05,Sunday,6,1,True,casual,1063,Weekend
2026-05-01,2026-05,Sunday,6,1,True,member,774,Weekend
2026-05-01,2026-05,Sunday,6,2,True,casual,726,Weekend
2026-05-01,2026-05,Sunday,6,2,True,member,497,Weekend
2026-05-01,2026-05,Sunday,6,3,True,casual,419,Weekend
2026-05-01,2026-05,Sunday,6,3,True,member,257,Weekend
2026-05-01,2026-05,Sunday,6,4,True,casual,200,Weekend
2026-05-01,2026-05,Sunday,6,4,True,member,190,Weekend
2026-05-01,2026-05,Sunday,6,5,True,casual,255,Weekend
2026-05-01,2026-05,Sunday,6,5,True,member,247,Weekend
2026-05-01,2026-05,Sunday,6,6,True,casual,366,Weekend
2026-05-01,2026-05,Sunday,6,6,True,member,581,Weekend
2026-05-01,2026-05,Sunday,6,7,True,casual,578,Weekend
2026-05-01,2026-05,Sunday,6,7,True,member,802,Weekend
2026-05-01,2026-05,Sunday,6,8,True,casual,1011,Weekend
2026-05-01,2026-05,Sunday,6,8,True,member,1397,Weekend
2026-05-01,2026-05,Sunday,6,9,True,casual,1380,Weekend
2026-05-01,2026-05,Sunday,6,9,True,member,2193,Weekend
2026-05-01,2026-05,Sunday,6,10,True,casual,1863,Weekend
2026-05-01,2026-05,Sunday,6,10,True,member,2796,Weekend
2026-05-01,2026-05,Sunday,6,11,True,casual,2260,Weekend
2026-05-01,2026-05,Sunday,6,11,True,member,3166,Weekend
2026-05-01,2026-05,Sunday,6,12,True,casual,3013,Weekend
2026-05-01,2026-05,Sunday,6,12,True,member,3833,Weekend
2026-05-01,2026-05,Sunday,6,13,True,casual,3468,Weekend
2026-05-01,2026-05,Sunday,6,13,True,member,4046,Weekend
2026-05-01,2026-05,Sunday,6,14,True,casual,3904,Weekend
2026-05-01,2026-05,Sunday,6,14,True,member,4256,Weekend
2026-05-01,2026-05,Sunday,6,15,True,casual,4044,Weekend
2026-05-01,2026-05,Sunday,6,15,True,member,4209,Weekend
2026-05-01,2026-05,Sunday,6,16,True,casual,4362,Weekend
2026-05-01,2026-05,Sunday,6,16,True,member,4468,Weekend
2026-05-01,2026-05,Sunday,6,17,True,casual,3961,Weekend
2026-05-01,2026-05,Sunday,6,17,True,member,4229,Weekend
2026-05-01,2026-05,Sunday,6,18,True,casual,3310,Weekend
2026-05-01,2026-05,Sunday,6,18,True,member,3942,Weekend
2026-05-01,2026-05,Sunday,6,19,True,casual,2610,Weekend
2026-05-01,2026-05,Sunday,6,19,True,member,3091,Weekend
2026-05-01,2026-05,Sunday,6,20,True,casual,1821,Weekend
2026-05-01,2026-05,Sunday,6,20,True,member,2253,Weekend
2026-05-01,2026-05,Sunday,6,21,True,casual,1264,Weekend
2026-05-01,2026-05,Sunday,6,21,True,member,1683,Weekend
2026-05-01,2026-05,Sunday,6,22,True,casual,1080,Weekend
2026-05-01,2026-05,Sunday,6,22,True,member,1224,Weekend
2026-05-01,2026-05,Sunday,6,23,True,casual,845,Weekend
2026-05-01,2026-05,Sunday,6,23,True,member,700,Weekend
2026-06-01,2026-06,Monday,0,0,False,casual,602,Weekday
2026-06-01,2026-06,Monday,0,0,False,member,370,Weekday
2026-06-01,2026-06,Monday,0,1,False,casual,355,Weekday
2026-06-01,2026-06,Monday,0,1,False,member,229,Weekday
2026-06-01,2026-06,Monday,0,2,False,casual,277,Weekday
2026-06-01,2026-06,Monday,0,2,False,member,141,Weekday
2026-06-01,2026-06,Monday,0,3,False,casual,128,Weekday
2026-06-01,2026-06,Monday,0,3,False,member,93,Weekday
2026-06-01,2026-06,Monday,0,4,False,casual,155,Weekday
2026-06-01,2026-06,Monday,0,4,False,member,158,Weekday
2026-06-01,2026-06,Monday,0,5,False,casual,284,Weekday
2026-06-01,2026-06,Monday,0,5,False,member,793,Weekday
2026-06-01,2026-06,Monday,0,6,False,casual,577,Weekday
2026-06-01,2026-06,Monday,0,6,False,member,2587,Weekday
2026-06-01,2026-06,Monday,0,7,False,casual,1064,Weekday
2026-06-01,2026-06,Monday,0,7,False,member,4878,Weekday
2026-06-01,2026-06,Monday,0,8,False,casual,1496,Weekday
2026-06-01,2026-06,Monday,0,8,False,member,6028,Weekday
2026-06-01,2026-06,Monday,0,9,False,casual,1144,Weekday
2026-06-01,2026-06,Monday,0,9,False,member,3066,Weekday
2026-06-01,2026-06,Monday,0,10,False,casual,1359,Weekday
2026-06-01,2026-06,Monday,0,10,False,member,2262,Weekday
2026-06-01,2026-06,Monday,0,11,False,casual,1636,Weekday
2026-06-01,2026-06,Monday,0,11,False,member,2655,Weekday
2026-06-01,2026-06,Monday,0,12,False,casual,2041,Weekday
2026-06-01,2026-06,Monday,0,12,False,member,3010,Weekday
2026-06-01,2026-06,Monday,0,13,False,casual,2090,Weekday
2026-06-01,2026-06,Monday,0,13,False,member,3004,Weekday
2026-06-01,2026-06,Monday,0,14,False,casual,2232,Weekday
2026-06-01,2026-06,Monday,0,14,False,member,3084,Weekday
2026-06-01,2026-06,Monday,0,15,False,casual,2479,Weekday
2026-06-01,2026-06,Monday,0,15,False,member,4306,Weekday
2026-06-01,2026-06,Monday,0,16,False,casual,3079,Weekday
2026-06-01,2026-06,Monday,0,16,False,member,6964,Weekday
2026-06-01,2026-06,Monday,0,17,False,casual,3749,Weekday
2026-06-01,2026-06,Monday,0,17,False,member,8706,Weekday
2026-06-01,2026-06,Monday,0,18,False,casual,3469,Weekday
2026-06-01,2026-06,Monday,0,18,False,member,7256,Weekday
2026-06-01,2026-06,Monday,0,19,False,casual,3125,Weekday
2026-06-01,2026-06,Monday,0,19,False,member,5250,Weekday
2026-06-01,2026-06,Monday,0,20,False,casual,2429,Weekday
2026-06-01,2026-06,Monday,0,20,False,member,3726,Weekday
2026-06-01,2026-06,Monday,0,21,False,casual,1630,Weekday
2026-06-01,2026-06,Monday,0,21,False,member,2595,Weekday
2026-06-01,2026-06,Monday,0,22,False,casual,1372,Weekday
2026-06-01,2026-06,Monday,0,22,False,member,1719,Weekday
2026-06-01,2026-06,Monday,0,23,False,casual,763,Weekday
2026-06-01,2026-06,Monday,0,23,False,member,803,Weekday
2026-06-01,2026-06,Tuesday,1,0,False,casual,546,Weekday
2026-06-01,2026-06,Tuesday,1,0,False,member,406,Weekday
2026-06-01,2026-06,Tuesday,1,1,False,casual,273,Weekday
2026-06-01,2026-06,Tuesday,1,1,False,member,197,Weekday
2026-06-01,2026-06,Tuesday,1,2,False,casual,173,Weekday
2026-06-01,2026-06,Tuesday,1,2,False,member,111,Weekday
2026-06-01,2026-06,Tuesday,1,3,False,casual,100,Weekday
2026-06-01,2026-06,Tuesday,1,3,False,member,80,Weekday
2026-06-01,2026-06,Tuesday,1,4,False,casual,135,Weekday
2026-06-01,2026-06,Tuesday,1,4,False,member,185,Weekday
2026-06-01,2026-06,Tuesday,1,5,False,casual,344,Weekday
2026-06-01,2026-06,Tuesday,1,5,False,member,1038,Weekday
2026-06-01,2026-06,Tuesday,1,6,False,casual,767,Weekday
2026-06-01,2026-06,Tuesday,1,6,False,member,3178,Weekday
2026-06-01,2026-06,Tuesday,1,7,False,casual,1338,Weekday
2026-06-01,2026-06,Tuesday,1,7,False,member,6042,Weekday
2026-06-01,2026-06,Tuesday,1,8,False,casual,1809,Weekday
2026-06-01,2026-06,Tuesday,1,8,False,member,7374,Weekday
2026-06-01,2026-06,Tuesday,1,9,False,casual,1251,Weekday
2026-06-01,2026-06,Tuesday,1,9,False,member,3405,Weekday
2026-06-01,2026-06,Tuesday,1,10,False,casual,1162,Weekday
2026-06-01,2026-06,Tuesday,1,10,False,member,2293,Weekday
2026-06-01,2026-06,Tuesday,1,11,False,casual,1638,Weekday
2026-06-01,2026-06,Tuesday,1,11,False,member,2679,Weekday
2026-06-01,2026-06,Tuesday,1,12,False,casual,1843,Weekday
2026-06-01,2026-06,Tuesday,1,12,False,member,3228,Weekday
2026-06-01,2026-06,Tuesday,1,13,False,casual,2009,Weekday
2026-06-01,2026-06,Tuesday,1,13,False,member,3014,Weekday
2026-06-01,2026-06,Tuesday,1,14,False,casual,2184,Weekday
2026-06-01,2026-06,Tuesday,1,14,False,member,3340,Weekday
2026-06-01,2026-06,Tuesday,1,15,False,casual,2533,Weekday
2026-06-01,2026-06,Tuesday,1,15,False,member,4624,Weekday
2026-06-01,2026-06,Tuesday,1,16,False,casual,3618,Weekday
2026-06-01,2026-06,Tuesday,1,16,False,member,8514,Weekday
2026-06-01,2026-06,Tuesday,1,17,False,casual,4672,Weekday
2026-06-01,2026-06,Tuesday,1,17,False,member,10898,Weekday
2026-06-01,2026-06,Tuesday,1,18,False,casual,4554,Weekday
2026-06-01,2026-06,Tuesday,1,18,False,member,8516,Weekday
2026-06-01,2026-06,Tuesday,1,19,False,casual,3425,Weekday
2026-06-01,2026-06,Tuesday,1,19,False,member,6055,Weekday
2026-06-01,2026-06,Tuesday,1,20,False,casual,2773,Weekday
2026-06-01,2026-06,Tuesday,1,20,False,member,4336,Weekday
2026-06-01,2026-06,Tuesday,1,21,False,casual,2373,Weekday
2026-06-01,2026-06,Tuesday,1,21,False,member,3355,Weekday
2026-06-01,2026-06,Tuesday,1,22,False,casual,1720,Weekday
2026-06-01,2026-06,Tuesday,1,22,False,member,2098,Weekday
2026-06-01,2026-06,Tuesday,1,23,False,casual,866,Weekday
2026-06-01,2026-06,Tuesday,1,23,False,member,1025,Weekday
2026-06-01,2026-06,Wednesday,2,0,False,casual,458,Weekday
2026-06-01,2026-06,Wednesday,2,0,False,member,351,Weekday
2026-06-01,2026-06,Wednesday,2,1,False,casual,232,Weekday
2026-06-01,2026-06,Wednesday,2,1,False,member,160,Weekday
2026-06-01,2026-06,Wednesday,2,2,False,casual,126,Weekday
2026-06-01,2026-06,Wednesday,2,2,False,member,89,Weekday
2026-06-01,2026-06,Wednesday,2,3,False,casual,116,Weekday
2026-06-01,2026-06,Wednesday,2,3,False,member,83,Weekday
2026-06-01,2026-06,Wednesday,2,4,False,casual,110,Weekday
2026-06-01,2026-06,Wednesday,2,4,False,member,139,Weekday
2026-06-01,2026-06,Wednesday,2,5,False,casual,312,Weekday
2026-06-01,2026-06,Wednesday,2,5,False,member,884,Weekday
2026-06-01,2026-06,Wednesday,2,6,False,casual,629,Weekday
2026-06-01,2026-06,Wednesday,2,6,False,member,2507,Weekday
2026-06-01,2026-06,Wednesday,2,7,False,casual,1098,Weekday
2026-06-01,2026-06,Wednesday,2,7,False,member,4882,Weekday
2026-06-01,2026-06,Wednesday,2,8,False,casual,1513,Weekday
2026-06-01,2026-06,Wednesday,2,8,False,member,5597,Weekday
2026-06-01,2026-06,Wednesday,2,9,False,casual,875,Weekday
2026-06-01,2026-06,Wednesday,2,9,False,member,2494,Weekday
2026-06-01,2026-06,Wednesday,2,10,False,casual,746,Weekday
2026-06-01,2026-06,Wednesday,2,10,False,member,1652,Weekday
2026-06-01,2026-06,Wednesday,2,11,False,casual,874,Weekday
2026-06-01,2026-06,Wednesday,2,11,False,member,1812,Weekday
2026-06-01,2026-06,Wednesday,2,12,False,casual,952,Weekday
2026-06-01,2026-06,Wednesday,2,12,False,member,1896,Weekday
2026-06-01,2026-06,Wednesday,2,13,False,casual,964,Weekday
2026-06-01,2026-06,Wednesday,2,13,False,member,1662,Weekday
2026-06-01,2026-06,Wednesday,2,14,False,casual,932,Weekday
2026-06-01,2026-06,Wednesday,2,14,False,member,1764,Weekday
2026-06-01,2026-06,Wednesday,2,15,False,casual,1441,Weekday
2026-06-01,2026-06,Wednesday,2,15,False,member,3292,Weekday
2026-06-01,2026-06,Wednesday,2,16,False,casual,1794,Weekday
2026-06-01,2026-06,Wednesday,2,16,False,member,4593,Weekday
2026-06-01,2026-06,Wednesday,2,17,False,casual,2828,Weekday
2026-06-01,2026-06,Wednesday,2,17,False,member,6740,Weekday
2026-06-01,2026-06,Wednesday,2,18,False,casual,2755,Weekday
2026-06-01,2026-06,Wednesday,2,18,False,member,5509,Weekday
2026-06-01,2026-06,Wednesday,2,19,False,casual,1823,Weekday
2026-06-01,2026-06,Wednesday,2,19,False,member,3464,Weekday
2026-06-01,2026-06,Wednesday,2,20,False,casual,1479,Weekday
2026-06-01,2026-06,Wednesday,2,20,False,member,2525,Weekday
2026-06-01,2026-06,Wednesday,2,21,False,casual,1211,Weekday
2026-06-01,2026-06,Wednesday,2,21,False,member,2057,Weekday
2026-06-01,2026-06,Wednesday,2,22,False,casual,952,Weekday
2026-06-01,2026-06,Wednesday,2,22,False,member,1315,Weekday
2026-06-01,2026-06,Wednesday,2,23,False,casual,639,Weekday
2026-06-01,2026-06,Wednesday,2,23,False,member,694,Weekday
2026-06-01,2026-06,Thursday,3,0,False,casual,386,Weekday
2026-06-01,2026-06,Thursday,3,0,False,member,346,Weekday
2026-06-01,2026-06,Thursday,3,1,False,casual,204,Weekday
2026-06-01,2026-06,Thursday,3,1,False,member,129,Weekday
2026-06-01,2026-06,Thursday,3,2,False,casual,128,Weekday
2026-06-01,2026-06,Thursday,3,2,False,member,78,Weekday
2026-06-01,2026-06,Thursday,3,3,False,casual,87,Weekday
2026-06-01,2026-06,Thursday,3,3,False,member,67,Weekday
2026-06-01,2026-06,Thursday,3,4,False,casual,114,Weekday
2026-06-01,2026-06,Thursday,3,4,False,member,147,Weekday
2026-06-01,2026-06,Thursday,3,5,False,casual,281,Weekday
2026-06-01,2026-06,Thursday,3,5,False,member,741,Weekday
2026-06-01,2026-06,Thursday,3,6,False,casual,599,Weekday
2026-06-01,2026-06,Thursday,3,6,False,member,2330,Weekday
2026-06-01,2026-06,Thursday,3,7,False,casual,1067,Weekday
2026-06-01,2026-06,Thursday,3,7,False,member,4491,Weekday
2026-06-01,2026-06,Thursday,3,8,False,casual,1510,Weekday
2026-06-01,2026-06,Thursday,3,8,False,member,5613,Weekday
2026-06-01,2026-06,Thursday,3,9,False,casual,1098,Weekday
2026-06-01,2026-06,Thursday,3,9,False,member,2979,Weekday
2026-06-01,2026-06,Thursday,3,10,False,casual,1050,Weekday
2026-06-01,2026-06,Thursday,3,10,False,member,2145,Weekday
2026-06-01,2026-06,Thursday,3,11,False,casual,1354,Weekday
2026-06-01,2026-06,Thursday,3,11,False,member,2451,Weekday
2026-06-01,2026-06,Thursday,3,12,False,casual,1679,Weekday
2026-06-01,2026-06,Thursday,3,12,False,member,2747,Weekday
2026-06-01,2026-06,Thursday,3,13,False,casual,1925,Weekday
2026-06-01,2026-06,Thursday,3,13,False,member,2758,Weekday
2026-06-01,2026-06,Thursday,3,14,False,casual,1727,Weekday
2026-06-01,2026-06,Thursday,3,14,False,member,2501,Weekday
2026-06-01,2026-06,Thursday,3,15,False,casual,2094,Weekday
2026-06-01,2026-06,Thursday,3,15,False,member,3705,Weekday
2026-06-01,2026-06,Thursday,3,16,False,casual,3023,Weekday
2026-06-01,2026-06,Thursday,3,16,False,member,6441,Weekday
2026-06-01,2026-06,Thursday,3,17,False,casual,4060,Weekday
2026-06-01,2026-06,Thursday,3,17,False,member,7941,Weekday
2026-06-01,2026-06,Thursday,3,18,False,casual,3667,Weekday
2026-06-01,2026-06,Thursday,3,18,False,member,6050,Weekday
2026-06-01,2026-06,Thursday,3,19,False,casual,2839,Weekday
2026-06-01,2026-06,Thursday,3,19,False,member,4236,Weekday
2026-06-01,2026-06,Thursday,3,20,False,casual,2117,Weekday
2026-06-01,2026-06,Thursday,3,20,False,member,3048,Weekday
2026-06-01,2026-06,Thursday,3,21,False,casual,1673,Weekday
2026-06-01,2026-06,Thursday,3,21,False,member,2252,Weekday
2026-06-01,2026-06,Thursday,3,22,False,casual,1462,Weekday
2026-06-01,2026-06,Thursday,3,22,False,member,1858,Weekday
2026-06-01,2026-06,Thursday,3,23,False,casual,1173,Weekday
2026-06-01,2026-06,Thursday,3,23,False,member,1277,Weekday
2026-06-01,2026-06,Friday,4,0,False,casual,1110,Weekday
2026-06-01,2026-06,Friday,4,0,False,member,831,Weekday
2026-06-01,2026-06,Friday,4,1,False,casual,827,Weekday
2026-06-01,2026-06,Friday,4,1,False,member,431,Weekday
2026-06-01,2026-06,Friday,4,2,False,casual,372,Weekday
2026-06-01,2026-06,Friday,4,2,False,member,192,Weekday
2026-06-01,2026-06,Friday,4,3,False,casual,164,Weekday
2026-06-01,2026-06,Friday,4,3,False,member,131,Weekday
2026-06-01,2026-06,Friday,4,4,False,casual,177,Weekday
2026-06-01,2026-06,Friday,4,4,False,member,175,Weekday
2026-06-01,2026-06,Friday,4,5,False,casual,356,Weekday
2026-06-01,2026-06,Friday,4,5,False,member,697,Weekday
2026-06-01,2026-06,Friday,4,6,False,casual,668,Weekday
2026-06-01,2026-06,Friday,4,6,False,member,1809,Weekday
2026-06-01,2026-06,Friday,4,7,False,casual,1051,Weekday
2026-06-01,2026-06,Friday,4,7,False,member,3043,Weekday
2026-06-01,2026-06,Friday,4,8,False,casual,1270,Weekday
2026-06-01,2026-06,Friday,4,8,False,member,3598,Weekday
2026-06-01,2026-06,Friday,4,9,False,casual,1352,Weekday
2026-06-01,2026-06,Friday,4,9,False,member,2679,Weekday
2026-06-01,2026-06,Friday,4,10,False,casual,1652,Weekday
2026-06-01,2026-06,Friday,4,10,False,member,2259,Weekday
2026-06-01,2026-06,Friday,4,11,False,casual,2370,Weekday
2026-06-01,2026-06,Friday,4,11,False,member,2970,Weekday
2026-06-01,2026-06,Friday,4,12,False,casual,2897,Weekday
2026-06-01,2026-06,Friday,4,12,False,member,3578,Weekday
2026-06-01,2026-06,Friday,4,13,False,casual,3127,Weekday
2026-06-01,2026-06,Friday,4,13,False,member,3601,Weekday
2026-06-01,2026-06,Friday,4,14,False,casual,2864,Weekday
2026-06-01,2026-06,Friday,4,14,False,member,3083,Weekday
2026-06-01,2026-06,Friday,4,15,False,casual,3055,Weekday
2026-06-01,2026-06,Friday,4,15,False,member,3843,Weekday
2026-06-01,2026-06,Friday,4,16,False,casual,4243,Weekday
2026-06-01,2026-06,Friday,4,16,False,member,5708,Weekday
2026-06-01,2026-06,Friday,4,17,False,casual,4689,Weekday
2026-06-01,2026-06,Friday,4,17,False,member,6238,Weekday
2026-06-01,2026-06,Friday,4,18,False,casual,4289,Weekday
2026-06-01,2026-06,Friday,4,18,False,member,5630,Weekday
2026-06-01,2026-06,Friday,4,19,False,casual,3553,Weekday
2026-06-01,2026-06,Friday,4,19,False,member,4218,Weekday
2026-06-01,2026-06,Friday,4,20,False,casual,2491,Weekday
2026-06-01,2026-06,Friday,4,20,False,member,2999,Weekday
2026-06-01,2026-06,Friday,4,21,False,casual,1904,Weekday
2026-06-01,2026-06,Friday,4,21,False,member,2242,Weekday
2026-06-01,2026-06,Friday,4,22,False,casual,2289,Weekday
2026-06-01,2026-06,Friday,4,22,False,member,2264,Weekday
2026-06-01,2026-06,Friday,4,23,False,casual,2379,Weekday
2026-06-01,2026-06,Friday,4,23,False,member,1808,Weekday
2026-06-01,2026-06,Saturday,5,0,True,casual,2317,Weekend
2026-06-01,2026-06,Saturday,5,0,True,member,1455,Weekend
2026-06-01,2026-06,Saturday,5,1,True,casual,1455,Weekend
2026-06-01,2026-06,Saturday,5,1,True,member,878,Weekend
2026-06-01,2026-06,Saturday,5,2,True,casual,781,Weekend
2026-06-01,2026-06,Saturday,5,2,True,member,459,Weekend
2026-06-01,2026-06,Saturday,5,3,True,casual,420,Weekend
2026-06-01,2026-06,Saturday,5,3,True,member,260,Weekend
2026-06-01,2026-06,Saturday,5,4,True,casual,254,Weekend
2026-06-01,2026-06,Saturday,5,4,True,member,172,Weekend
2026-06-01,2026-06,Saturday,5,5,True,casual,262,Weekend
2026-06-01,2026-06,Saturday,5,5,True,member,276,Weekend
2026-06-01,2026-06,Saturday,5,6,True,casual,345,Weekend
2026-06-01,2026-06,Saturday,5,6,True,member,589,Weekend
2026-06-01,2026-06,Saturday,5,7,True,casual,706,Weekend
2026-06-01,2026-06,Saturday,5,7,True,member,1309,Weekend
2026-06-01,2026-06,Saturday,5,8,True,casual,1339,Weekend
2026-06-01,2026-06,Saturday,5,8,True,member,2138,Weekend
2026-06-01,2026-06,Saturday,5,9,True,casual,2405,Weekend
2026-06-01,2026-06,Saturday,5,9,True,member,3007,Weekend
2026-06-01,2026-06,Saturday,5,10,True,casual,3585,Weekend
2026-06-01,2026-06,Saturday,5,10,True,member,3911,Weekend
2026-06-01,2026-06,Saturday,5,11,True,casual,5114,Weekend
2026-06-01,2026-06,Saturday,5,11,True,member,4671,Weekend
2026-06-01,2026-06,Saturday,5,12,True,casual,6372,Weekend
2026-06-01,2026-06,Saturday,5,12,True,member,5078,Weekend
2026-06-01,2026-06,Saturday,5,13,True,casual,6081,Weekend
2026-06-01,2026-06,Saturday,5,13,True,member,4768,Weekend
2026-06-01,2026-06,Saturday,5,14,True,casual,5815,Weekend
2026-06-01,2026-06,Saturday,5,14,True,member,4632,Weekend
2026-06-01,2026-06,Saturday,5,15,True,casual,6400,Weekend
2026-06-01,2026-06,Saturday,5,15,True,member,4744,Weekend
2026-06-01,2026-06,Saturday,5,16,True,casual,6600,Weekend
2026-06-01,2026-06,Saturday,5,16,True,member,4908,Weekend
2026-06-01,2026-06,Saturday,5,17,True,casual,5937,Weekend
2026-06-01,2026-06,Saturday,5,17,True,member,4639,Weekend
2026-06-01,2026-06,Saturday,5,18,True,casual,5203,Weekend
2026-06-01,2026-06,Saturday,5,18,True,member,4478,Weekend
2026-06-01,2026-06,Saturday,5,19,True,casual,4105,Weekend
2026-06-01,2026-06,Saturday,5,19,True,member,3704,Weekend
2026-06-01,2026-06,Saturday,5,20,True,casual,2988,Weekend
2026-06-01,2026-06,Saturday,5,20,True,member,2756,Weekend
2026-06-01,2026-06,Saturday,5,21,True,casual,2567,Weekend
2026-06-01,2026-06,Saturday,5,21,True,member,2341,Weekend
2026-06-01,2026-06,Saturday,5,22,True,casual,2838,Weekend
2026-06-01,2026-06,Saturday,5,22,True,member,2184,Weekend
2026-06-01,2026-06,Saturday,5,23,True,casual,2218,Weekend
2026-06-01,2026-06,Saturday,5,23,True,member,1558,Weekend
2026-06-01,2026-06,Sunday,6,0,True,casual,2208,Weekend
2026-06-01,2026-06,Sunday,6,0,True,member,1261,Weekend
2026-06-01,2026-06,Sunday,6,1,True,casual,1515,Weekend
2026-06-01,2026-06,Sunday,6,1,True,member,927,Weekend
2026-06-01,2026-06,Sunday,6,2,True,casual,936,Weekend
2026-06-01,2026-06,Sunday,6,2,True,member,569,Weekend
2026-06-01,2026-06,Sunday,6,3,True,casual,575,Weekend
2026-06-01,2026-06,Sunday,6,3,True,member,350,Weekend
2026-06-01,2026-06,Sunday,6,4,True,casual,400,Weekend
2026-06-01,2026-06,Sunday,6,4,True,member,235,Weekend
2026-06-01,2026-06,Sunday,6,5,True,casual,359,Weekend
2026-06-01,2026-06,Sunday,6,5,True,member,337,Weekend
2026-06-01,2026-06,Sunday,6,6,True,casual,409,Weekend
2026-06-01,2026-06,Sunday,6,6,True,member,522,Weekend
2026-06-01,2026-06,Sunday,6,7,True,casual,468,Weekend
2026-06-01,2026-06,Sunday,6,7,True,member,712,Weekend
2026-06-01,2026-06,Sunday,6,8,True,casual,940,Weekend
2026-06-01,2026-06,Sunday,6,8,True,member,1276,Weekend
2026-06-01,2026-06,Sunday,6,9,True,casual,1603,Weekend
2026-06-01,2026-06,Sunday,6,9,True,member,2187,Weekend
2026-06-01,2026-06,Sunday,6,10,True,casual,2666,Weekend
2026-06-01,2026-06,Sunday,6,10,True,member,3066,Weekend
2026-06-01,2026-06,Sunday,6,11,True,casual,3109,Weekend
2026-06-01,2026-06,Sunday,6,11,True,member,3404,Weekend
2026-06-01,2026-06,Sunday,6,12,True,casual,3359,Weekend
2026-06-01,2026-06,Sunday,6,12,True,member,3481,Weekend
2026-06-01,2026-06,Sunday,6,13,True,casual,3564,Weekend
2026-06-01,2026-06,Sunday,6,13,True,member,3565,Weekend
2026-06-01,2026-06,Sunday,6,14,True,casual,3594,Weekend
2026-06-01,2026-06,Sunday,6,14,True,member,3467,Weekend
2026-06-01,2026-06,Sunday,6,15,True,casual,3539,Weekend
2026-06-01,2026-06,Sunday,6,15,True,member,3143,Weekend
2026-06-01,2026-06,Sunday,6,16,True,casual,3136,Weekend
2026-06-01,2026-06,Sunday,6,16,True,member,3159,Weekend
2026-06-01,2026-06,Sunday,6,17,True,casual,2700,Weekend
2026-06-01,2026-06,Sunday,6,17,True,member,2843,Weekend
2026-06-01,2026-06,Sunday,6,18,True,casual,2064,Weekend
2026-06-01,2026-06,Sunday,6,18,True,member,2458,Weekend
2026-06-01,2026-06,Sunday,6,19,True,casual,1629,Weekend
2026-06-01,2026-06,Sunday,6,19,True,member,1824,Weekend
2026-06-01,2026-06,Sunday,6,20,True,casual,1328,Weekend
2026-06-01,2026-06,Sunday,6,20,True,member,1494,Weekend
2026-06-01,2026-06,Sunday,6,21,True,casual,1099,Weekend
2026-06-01,2026-06,Sunday,6,21,True,member,1236,Weekend
2026-06-01,2026-06,Sunday,6,22,True,casual,949,Weekend
2026-06-01,2026-06,Sunday,6,22,True,member,881,Weekend
2026-06-01,2026-06,Sunday,6,23,True,casual,651,Weekend
2026-06-01,2026-06,Sunday,6,23,True,member,518,Weekend
2026-07-01,2026-07,Monday,0,0,False,casual,655,Weekday
2026-07-01,2026-07,Monday,0,0,False,member,383,Weekday
2026-07-01,2026-07,Monday,0,1,False,casual,407,Weekday
2026-07-01,2026-07,Monday,0,1,False,member,223,Weekday
2026-07-01,2026-07,Monday,0,2,False,casual,207,Weekday
2026-07-01,2026-07,Monday,0,2,False,member,131,Weekday
2026-07-01,2026-07,Monday,0,3,False,casual,153,Weekday
2026-07-01,2026-07,Monday,0,3,False,member,100,Weekday
2026-07-01,2026-07,Monday,0,4,False,casual,128,Weekday
2026-07-01,2026-07,Monday,0,4,False,member,170,Weekday
2026-07-01,2026-07,Monday,0,5,False,casual,315,Weekday
2026-07-01,2026-07,Monday,0,5,False,member,695,Weekday
2026-07-01,2026-07,Monday,0,6,False,casual,581,Weekday
2026-07-01,2026-07,Monday,0,6,False,member,2279,Weekday
2026-07-01,2026-07,Monday,0,7,False,casual,999,Weekday
2026-07-01,2026-07,Monday,0,7,False,member,4158,Weekday
2026-07-01,2026-07,Monday,0,8,False,casual,1365,Weekday
2026-07-01,2026-07,Monday,0,8,False,member,5244,Weekday
2026-07-01,2026-07,Monday,0,9,False,casual,1054,Weekday
2026-07-01,2026-07,Monday,0,9,False,member,2668,Weekday
2026-07-01,2026-07,Monday,0,10,False,casual,1207,Weekday
2026-07-01,2026-07,Monday,0,10,False,member,1932,Weekday
2026-07-01,2026-07,Monday,0,11,False,casual,1403,Weekday
2026-07-01,2026-07,Monday,0,11,False,member,2050,Weekday
2026-07-01,2026-07,Monday,0,12,False,casual,1432,Weekday
2026-07-01,2026-07,Monday,0,12,False,member,2047,Weekday
2026-07-01,2026-07,Monday,0,13,False,casual,1522,Weekday
2026-07-01,2026-07,Monday,0,13,False,member,1987,Weekday
2026-07-01,2026-07,Monday,0,14,False,casual,1688,Weekday
2026-07-01,2026-07,Monday,0,14,False,member,2235,Weekday
2026-07-01,2026-07,Monday,0,15,False,casual,1962,Weekday
2026-07-01,2026-07,Monday,0,15,False,member,3288,Weekday
2026-07-01,2026-07,Monday,0,16,False,casual,2548,Weekday
2026-07-01,2026-07,Monday,0,16,False,member,5728,Weekday
2026-07-01,2026-07,Monday,0,17,False,casual,3223,Weekday
2026-07-01,2026-07,Monday,0,17,False,member,7159,Weekday
2026-07-01,2026-07,Monday,0,18,False,casual,3222,Weekday
2026-07-01,2026-07,Monday,0,18,False,member,6521,Weekday
2026-07-01,2026-07,Monday,0,19,False,casual,2398,Weekday
2026-07-01,2026-07,Monday,0,19,False,member,4238,Weekday
2026-07-01,2026-07,Monday,0,20,False,casual,1963,Weekday
2026-07-01,2026-07,Monday,0,20,False,member,3172,Weekday
2026-07-01,2026-07,Monday,0,21,False,casual,1858,Weekday
2026-07-01,2026-07,Monday,0,21,False,member,2735,Weekday
2026-07-01,2026-07,Monday,0,22,False,casual,1070,Weekday
2026-07-01,2026-07,Monday,0,22,False,member,1323,Weekday
2026-07-01,2026-07,Monday,0,23,False,casual,751,Weekday
2026-07-01,2026-07,Monday,0,23,False,member,769,Weekday
2026-07-01,2026-07,Tuesday,1,0,False,casual,463,Weekday
2026-07-01,2026-07,Tuesday,1,0,False,member,343,Weekday
2026-07-01,2026-07,Tuesday,1,1,False,casual,265,Weekday
2026-07-01,2026-07,Tuesday,1,1,False,member,193,Weekday
2026-07-01,2026-07,Tuesday,1,2,False,casual,151,Weekday
2026-07-01,2026-07,Tuesday,1,2,False,member,85,Weekday
2026-07-01,2026-07,Tuesday,1,3,False,casual,95,Weekday
2026-07-01,2026-07,Tuesday,1,3,False,member,88,Weekday
2026-07-01,2026-07,Tuesday,1,4,False,casual,111,Weekday
2026-07-01,2026-07,Tuesday,1,4,False,member,158,Weekday
2026-07-01,2026-07,Tuesday,1,5,False,casual,318,Weekday
2026-07-01,2026-07,Tuesday,1,5,False,member,884,Weekday
2026-07-01,2026-07,Tuesday,1,6,False,casual,680,Weekday
2026-07-01,2026-07,Tuesday,1,6,False,member,2699,Weekday
2026-07-01,2026-07,Tuesday,1,7,False,casual,1260,Weekday
2026-07-01,2026-07,Tuesday,1,7,False,member,5304,Weekday
2026-07-01,2026-07,Tuesday,1,8,False,casual,1743,Weekday
2026-07-01,2026-07,Tuesday,1,8,False,member,6504,Weekday
2026-07-01,2026-07,Tuesday,1,9,False,casual,1130,Weekday
2026-07-01,2026-07,Tuesday,1,9,False,member,3084,Weekday
2026-07-01,2026-07,Tuesday,1,10,False,casual,1114,Weekday
2026-07-01,2026-07,Tuesday,1,10,False,member,2124,Weekday
2026-07-01,2026-07,Tuesday,1,11,False,casual,1374,Weekday
2026-07-01,2026-07,Tuesday,1,11,False,member,2292,Weekday
2026-07-01,2026-07,Tuesday,1,12,False,casual,1557,Weekday
2026-07-01,2026-07,Tuesday,1,12,False,member,2656,Weekday
2026-07-01,2026-07,Tuesday,1,13,False,casual,1787,Weekday
2026-07-01,2026-07,Tuesday,1,13,False,member,2725,Weekday
2026-07-01,2026-07,Tuesday,1,14,False,casual,1940,Weekday
2026-07-01,2026-07,Tuesday,1,14,False,member,2788,Weekday
2026-07-01,2026-07,Tuesday,1,15,False,casual,2254,Weekday
2026-07-01,2026-07,Tuesday,1,15,False,member,3955,Weekday
2026-07-01,2026-07,Tuesday,1,16,False,casual,3160,Weekday
2026-07-01,2026-07,Tuesday,1,16,False,member,7469,Weekday
2026-07-01,2026-07,Tuesday,1,17,False,casual,4387,Weekday
2026-07-01,2026-07,Tuesday,1,17,False,member,9841,Weekday
2026-07-01,2026-07,Tuesday,1,18,False,casual,4166,Weekday
2026-07-01,2026-07,Tuesday,1,18,False,member,7712,Weekday
2026-07-01,2026-07,Tuesday,1,19,False,casual,3082,Weekday
2026-07-01,2026-07,Tuesday,1,19,False,member,5361,Weekday
2026-07-01,2026-07,Tuesday,1,20,False,casual,2535,Weekday
2026-07-01,2026-07,Tuesday,1,20,False,member,4065,Weekday
2026-07-01,2026-07,Tuesday,1,21,False,casual,2008,Weekday
2026-07-01,2026-07,Tuesday,1,21,False,member,3058,Weekday
2026-07-01,2026-07,Tuesday,1,22,False,casual,1494,Weekday
2026-07-01,2026-07,Tuesday,1,22,False,member,1852,Weekday
2026-07-01,2026-07,Tuesday,1,23,False,casual,933,Weekday
2026-07-01,2026-07,Tuesday,1,23,False,member,925,Weekday
2026-07-01,2026-07,Wednesday,2,0,False,casual,674,Weekday
2026-07-01,2026-07,Wednesday,2,0,False,member,530,Weekday
2026-07-01,2026-07,Wednesday,2,1,False,casual,404,Weekday
2026-07-01,2026-07,Wednesday,2,1,False,member,269,Weekday
2026-07-01,2026-07,Wednesday,2,2,False,casual,190,Weekday
2026-07-01,2026-07,Wednesday,2,2,False,member,147,Weekday
2026-07-01,2026-07,Wednesday,2,3,False,casual,191,Weekday
2026-07-01,2026-07,Wednesday,2,3,False,member,111,Weekday
2026-07-01,2026-07,Wednesday,2,4,False,casual,150,Weekday
2026-07-01,2026-07,Wednesday,2,4,False,member,194,Weekday
2026-07-01,2026-07,Wednesday,2,5,False,casual,412,Weekday
2026-07-01,2026-07,Wednesday,2,5,False,member,1183,Weekday
2026-07-01,2026-07,Wednesday,2,6,False,casual,895,Weekday
2026-07-01,2026-07,Wednesday,2,6,False,member,3444,Weekday
2026-07-01,2026-07,Wednesday,2,7,False,casual,1602,Weekday
2026-07-01,2026-07,Wednesday,2,7,False,member,6555,Weekday
2026-07-01,2026-07,Wednesday,2,8,False,casual,2260,Weekday
2026-07-01,2026-07,Wednesday,2,8,False,member,8059,Weekday
2026-07-01,2026-07,Wednesday,2,9,False,casual,1530,Weekday
2026-07-01,2026-07,Wednesday,2,9,False,member,3940,Weekday
2026-07-01,2026-07,Wednesday,2,10,False,casual,1468,Weekday
2026-07-01,2026-07,Wednesday,2,10,False,member,2648,Weekday
2026-07-01,2026-07,Wednesday,2,11,False,casual,1841,Weekday
2026-07-01,2026-07,Wednesday,2,11,False,member,2960,Weekday
2026-07-01,2026-07,Wednesday,2,12,False,casual,2249,Weekday
2026-07-01,2026-07,Wednesday,2,12,False,member,3576,Weekday
2026-07-01,2026-07,Wednesday,2,13,False,casual,2419,Weekday
2026-07-01,2026-07,Wednesday,2,13,False,member,3460,Weekday
2026-07-01,2026-07,Wednesday,2,14,False,casual,2508,Weekday
2026-07-01,2026-07,Wednesday,2,14,False,member,3413,Weekday
2026-07-01,2026-07,Wednesday,2,15,False,casual,2959,Weekday
2026-07-01,2026-07,Wednesday,2,15,False,member,5025,Weekday
2026-07-01,2026-07,Wednesday,2,16,False,casual,4515,Weekday
2026-07-01,2026-07,Wednesday,2,16,False,member,9321,Weekday
2026-07-01,2026-07,Wednesday,2,17,False,casual,6163,Weekday
2026-07-01,2026-07,Wednesday,2,17,False,member,11915,Weekday
2026-07-01,2026-07,Wednesday,2,18,False,casual,5916,Weekday
2026-07-01,2026-07,Wednesday,2,18,False,member,9693,Weekday
2026-07-01,2026-07,Wednesday,2,19,False,casual,4723,Weekday
2026-07-01,2026-07,Wednesday,2,19,False,member,6813,Weekday
2026-07-01,2026-07,Wednesday,2,20,False,casual,3834,Weekday
2026-07-01,2026-07,Wednesday,2,20,False,member,5243,Weekday
2026-07-01,2026-07,Wednesday,2,21,False,casual,3755,Weekday
2026-07-01,2026-07,Wednesday,2,21,False,member,4547,Weekday
2026-07-01,2026-07,Wednesday,2,22,False,casual,2442,Weekday
2026-07-01,2026-07,Wednesday,2,22,False,member,2849,Weekday
2026-07-01,2026-07,Wednesday,2,23,False,casual,1491,Weekday
2026-07-01,2026-07,Wednesday,2,23,False,member,1447,Weekday
2026-07-01,2026-07,Thursday,3,0,False,casual,834,Weekday
2026-07-01,2026-07,Thursday,3,0,False,member,632,Weekday
2026-07-01,2026-07,Thursday,3,1,False,casual,442,Weekday
2026-07-01,2026-07,Thursday,3,1,False,member,329,Weekday
2026-07-01,2026-07,Thursday,3,2,False,casual,275,Weekday
2026-07-01,2026-07,Thursday,3,2,False,member,147,Weekday
2026-07-01,2026-07,Thursday,3,3,False,casual,162,Weekday
2026-07-01,2026-07,Thursday,3,3,False,member,125,Weekday
2026-07-01,2026-07,Thursday,3,4,False,casual,158,Weekday
2026-07-01,2026-07,Thursday,3,4,False,member,194,Weekday
2026-07-01,2026-07,Thursday,3,5,False,casual,402,Weekday
2026-07-01,2026-07,Thursday,3,5,False,member,969,Weekday
2026-07-01,2026-07,Thursday,3,6,False,casual,897,Weekday
2026-07-01,2026-07,Thursday,3,6,False,member,3096,Weekday
2026-07-01,2026-07,Thursday,3,7,False,casual,1523,Weekday
2026-07-01,2026-07,Thursday,3,7,False,member,5818,Weekday
2026-07-01,2026-07,Thursday,3,8,False,casual,2029,Weekday
2026-07-01,2026-07,Thursday,3,8,False,member,7325,Weekday
2026-07-01,2026-07,Thursday,3,9,False,casual,1527,Weekday
2026-07-01,2026-07,Thursday,3,9,False,member,3778,Weekday
2026-07-01,2026-07,Thursday,3,10,False,casual,1545,Weekday
2026-07-01,2026-07,Thursday,3,10,False,member,2697,Weekday
2026-07-01,2026-07,Thursday,3,11,False,casual,2020,Weekday
2026-07-01,2026-07,Thursday,3,11,False,member,2973,Weekday
2026-07-01,2026-07,Thursday,3,12,False,casual,2342,Weekday
2026-07-01,2026-07,Thursday,3,12,False,member,3607,Weekday
2026-07-01,2026-07,Thursday,3,13,False,casual,2452,Weekday
2026-07-01,2026-07,Thursday,3,13,False,member,3561,Weekday
2026-07-01,2026-07,Thursday,3,14,False,casual,2749,Weekday
2026-07-01,2026-07,Thursday,3,14,False,member,3675,Weekday
2026-07-01,2026-07,Thursday,3,15,False,casual,3162,Weekday
2026-07-01,2026-07,Thursday,3,15,False,member,5035,Weekday
2026-07-01,2026-07,Thursday,3,16,False,casual,4217,Weekday
2026-07-01,2026-07,Thursday,3,16,False,member,8056,Weekday
2026-07-01,2026-07,Thursday,3,17,False,casual,5162,Weekday
2026-07-01,2026-07,Thursday,3,17,False,member,10034,Weekday
2026-07-01,2026-07,Thursday,3,18,False,casual,4752,Weekday
2026-07-01,2026-07,Thursday,3,18,False,member,7927,Weekday
2026-07-01,2026-07,Thursday,3,19,False,casual,3862,Weekday
2026-07-01,2026-07,Thursday,3,19,False,member,5674,Weekday
2026-07-01,2026-07,Thursday,3,20,False,casual,3237,Weekday
2026-07-01,2026-07,Thursday,3,20,False,member,4311,Weekday
2026-07-01,2026-07,Thursday,3,21,False,casual,2232,Weekday
2026-07-01,2026-07,Thursday,3,21,False,member,3016,Weekday
2026-07-01,2026-07,Thursday,3,22,False,casual,2050,Weekday
2026-07-01,2026-07,Thursday,3,22,False,member,2313,Weekday
2026-07-01,2026-07,Thursday,3,23,False,casual,1069,Weekday
2026-07-01,2026-07,Thursday,3,23,False,member,1067,Weekday
2026-07-01,2026-07,Friday,4,0,False,casual,863,Weekday
2026-07-01,2026-07,Friday,4,0,False,member,663,Weekday
2026-07-01,2026-07,Friday,4,1,False,casual,601,Weekday
2026-07-01,2026-07,Friday,4,1,False,member,398,Weekday
2026-07-01,2026-07,Friday,4,2,False,casual,369,Weekday
2026-07-01,2026-07,Friday,4,2,False,member,241,Weekday
2026-07-01,2026-07,Friday,4,3,False,casual,238,Weekday
2026-07-01,2026-07,Friday,4,3,False,member,174,Weekday
2026-07-01,2026-07,Friday,4,4,False,casual,182,Weekday
2026-07-01,2026-07,Friday,4,4,False,member,208,Weekday
2026-07-01,2026-07,Friday,4,5,False,casual,409,Weekday
2026-07-01,2026-07,Friday,4,5,False,member,872,Weekday
2026-07-01,2026-07,Friday,4,6,False,casual,846,Weekday
2026-07-01,2026-07,Friday,4,6,False,member,2295,Weekday
2026-07-01,2026-07,Friday,4,7,False,casual,1211,Weekday
2026-07-01,2026-07,Friday,4,7,False,member,3743,Weekday
2026-07-01,2026-07,Friday,4,8,False,casual,1720,Weekday
2026-07-01,2026-07,Friday,4,8,False,member,4460,Weekday
2026-07-01,2026-07,Friday,4,9,False,casual,1807,Weekday
2026-07-01,2026-07,Friday,4,9,False,member,3320,Weekday
2026-07-01,2026-07,Friday,4,10,False,casual,2288,Weekday
2026-07-01,2026-07,Friday,4,10,False,member,2940,Weekday
2026-07-01,2026-07,Friday,4,11,False,casual,3204,Weekday
2026-07-01,2026-07,Friday,4,11,False,member,3574,Weekday
2026-07-01,2026-07,Friday,4,12,False,casual,3723,Weekday
2026-07-01,2026-07,Friday,4,12,False,member,4310,Weekday
2026-07-01,2026-07,Friday,4,13,False,casual,3366,Weekday
2026-07-01,2026-07,Friday,4,13,False,member,3948,Weekday
2026-07-01,2026-07,Friday,4,14,False,casual,3085,Weekday
2026-07-01,2026-07,Friday,4,14,False,member,3572,Weekday
2026-07-01,2026-07,Friday,4,15,False,casual,3249,Weekday
2026-07-01,2026-07,Friday,4,15,False,member,4467,Weekday
2026-07-01,2026-07,Friday,4,16,False,casual,4157,Weekday
2026-07-01,2026-07,Friday,4,16,False,member,6230,Weekday
2026-07-01,2026-07,Friday,4,17,False,casual,4841,Weekday
2026-07-01,2026-07,Friday,4,17,False,member,7162,Weekday
2026-07-01,2026-07,Friday,4,18,False,casual,4823,Weekday
2026-07-01,2026-07,Friday,4,18,False,member,6302,Weekday
2026-07-01,2026-07,Friday,4,19,False,casual,3856,Weekday
2026-07-01,2026-07,Friday,4,19,False,member,4737,Weekday
2026-07-01,2026-07,Friday,4,20,False,casual,3457,Weekday
2026-07-01,2026-07,Friday,4,20,False,member,4025,Weekday
2026-07-01,2026-07,Friday,4,21,False,casual,2742,Weekday
2026-07-01,2026-07,Friday,4,21,False,member,2930,Weekday
2026-07-01,2026-07,Friday,4,22,False,casual,2828,Weekday
2026-07-01,2026-07,Friday,4,22,False,member,2474,Weekday
2026-07-01,2026-07,Friday,4,23,False,casual,1958,Weekday
2026-07-01,2026-07,Friday,4,23,False,member,1706,Weekday
2026-07-01,2026-07,Saturday,5,0,True,casual,1564,Weekend
2026-07-01,2026-07,Saturday,5,0,True,member,1078,Weekend
2026-07-01,2026-07,Saturday,5,1,True,casual,1253,Weekend
2026-07-01,2026-07,Saturday,5,1,True,member,851,Weekend
2026-07-01,2026-07,Saturday,5,2,True,casual,809,Weekend
2026-07-01,2026-07,Saturday,5,2,True,member,480,Weekend
2026-07-01,2026-07,Saturday,5,3,True,casual,437,Weekend
2026-07-01,2026-07,Saturday,5,3,True,member,296,Weekend
2026-07-01,2026-07,Saturday,5,4,True,casual,247,Weekend
2026-07-01,2026-07,Saturday,5,4,True,member,170,Weekend
2026-07-01,2026-07,Saturday,5,5,True,casual,283,Weekend
2026-07-01,2026-07,Saturday,5,5,True,member,383,Weekend
2026-07-01,2026-07,Saturday,5,6,True,casual,573,Weekend
2026-07-01,2026-07,Saturday,5,6,True,member,740,Weekend
2026-07-01,2026-07,Saturday,5,7,True,casual,771,Weekend
2026-07-01,2026-07,Saturday,5,7,True,member,1357,Weekend
2026-07-01,2026-07,Saturday,5,8,True,casual,1549,Weekend
2026-07-01,2026-07,Saturday,5,8,True,member,2264,Weekend
2026-07-01,2026-07,Saturday,5,9,True,casual,2654,Weekend
2026-07-01,2026-07,Saturday,5,9,True,member,3120,Weekend
2026-07-01,2026-07,Saturday,5,10,True,casual,3762,Weekend
2026-07-01,2026-07,Saturday,5,10,True,member,3795,Weekend
2026-07-01,2026-07,Saturday,5,11,True,casual,4819,Weekend
2026-07-01,2026-07,Saturday,5,11,True,member,4230,Weekend
2026-07-01,2026-07,Saturday,5,12,True,casual,5213,Weekend
2026-07-01,2026-07,Saturday,5,12,True,member,4202,Weekend
2026-07-01,2026-07,Saturday,5,13,True,casual,5604,Weekend
2026-07-01,2026-07,Saturday,5,13,True,member,4459,Weekend
2026-07-01,2026-07,Saturday,5,14,True,casual,5671,Weekend
2026-07-01,2026-07,Saturday,5,14,True,member,4225,Weekend
2026-07-01,2026-07,Saturday,5,15,True,casual,5906,Weekend
2026-07-01,2026-07,Saturday,5,15,True,member,4679,Weekend
2026-07-01,2026-07,Saturday,5,16,True,casual,5124,Weekend
2026-07-01,2026-07,Saturday,5,16,True,member,4138,Weekend
2026-07-01,2026-07,Saturday,5,17,True,casual,4126,Weekend
2026-07-01,2026-07,Saturday,5,17,True,member,3495,Weekend
2026-07-01,2026-07,Saturday,5,18,True,casual,3869,Weekend
2026-07-01,2026-07,Saturday,5,18,True,member,3699,Weekend
2026-07-01,2026-07,Saturday,5,19,True,casual,3773,Weekend
2026-07-01,2026-07,Saturday,5,19,True,member,3472,Weekend
2026-07-01,2026-07,Saturday,5,20,True,casual,3233,Weekend
2026-07-01,2026-07,Saturday,5,20,True,member,2609,Weekend
2026-07-01,2026-07,Saturday,5,21,True,casual,3156,Weekend
2026-07-01,2026-07,Saturday,5,21,True,member,2370,Weekend
2026-07-01,2026-07,Saturday,5,22,True,casual,3161,Weekend
2026-07-01,2026-07,Saturday,5,22,True,member,2254,Weekend
2026-07-01,2026-07,Saturday,5,23,True,casual,3261,Weekend
2026-07-01,2026-07,Saturday,5,23,True,member,2183,Weekend
2026-07-01,2026-07,Sunday,6,0,True,casual,2406,Weekend
2026-07-01,2026-07,Sunday,6,0,True,member,1392,Weekend
2026-07-01,2026-07,Sunday,6,1,True,casual,1569,Weekend
2026-07-01,2026-07,Sunday,6,1,True,member,858,Weekend
2026-07-01,2026-07,Sunday,6,2,True,casual,1059,Weekend
2026-07-01,2026-07,Sunday,6,2,True,member,574,Weekend
2026-07-01,2026-07,Sunday,6,3,True,casual,595,Weekend
2026-07-01,2026-07,Sunday,6,3,True,member,352,Weekend
2026-07-01,2026-07,Sunday,6,4,True,casual,325,Weekend
2026-07-01,2026-07,Sunday,6,4,True,member,240,Weekend
2026-07-01,2026-07,Sunday,6,5,True,casual,243,Weekend
2026-07-01,2026-07,Sunday,6,5,True,member,234,Weekend
2026-07-01,2026-07,Sunday,6,6,True,casual,276,Weekend
2026-07-01,2026-07,Sunday,6,6,True,member,526,Weekend
2026-07-01,2026-07,Sunday,6,7,True,casual,477,Weekend2026-07-01,2026-07,Sunday,6,7,True,member,911,Weekend
2026-07-01,2026-07,Sunday,6,8,True,casual,986,Weekend
2026-07-01,2026-07,Sunday,6,8,True,member,1595,Weekend
2026-07-01,2026-07,Sunday,6,9,True,casual,1732,Weekend
2026-07-01,2026-07,Sunday,6,9,True,member,2319,Weekend
2026-07-01,2026-07,Sunday,6,10,True,casual,2579,Weekend
2026-07-01,2026-07,Sunday,6,10,True,member,3117,Weekend
2026-07-01,2026-07,Sunday,6,11,True,casual,3456,Weekend
2026-07-01,2026-07,Sunday,6,11,True,member,3628,Weekend
2026-07-01,2026-07,Sunday,6,12,True,casual,4471,Weekend
2026-07-01,2026-07,Sunday,6,12,True,member,4315,Weekend
2026-07-01,2026-07,Sunday,6,13,True,casual,4950,Weekend
2026-07-01,2026-07,Sunday,6,13,True,member,4632,Weekend
2026-07-01,2026-07,Sunday,6,14,True,casual,4574,Weekend
2026-07-01,2026-07,Sunday,6,14,True,member,4148,Weekend
2026-07-01,2026-07,Sunday,6,15,True,casual,4276,Weekend
2026-07-01,2026-07,Sunday,6,15,True,member,3840,Weekend
2026-07-01,2026-07,Sunday,6,16,True,casual,4286,Weekend
2026-07-01,2026-07,Sunday,6,16,True,member,3915,Weekend
2026-07-01,2026-07,Sunday,6,17,True,casual,4629,Weekend
2026-07-01,2026-07,Sunday,6,17,True,member,4589,Weekend
2026-07-01,2026-07,Sunday,6,18,True,casual,3852,Weekend
2026-07-01,2026-07,Sunday,6,18,True,member,4100,Weekend
2026-07-01,2026-07,Sunday,6,19,True,casual,3080,Weekend
2026-07-01,2026-07,Sunday,6,19,True,member,3187,Weekend
2026-07-01,2026-07,Sunday,6,20,True,casual,2378,Weekend
2026-07-01,2026-07,Sunday,6,20,True,member,2393,Weekend
2026-07-01,2026-07,Sunday,6,21,True,casual,1696,Weekend
2026-07-01,2026-07,Sunday,6,21,True,member,1669,Weekend
2026-07-01,2026-07,Sunday,6,22,True,casual,1641,Weekend
2026-07-01,2026-07,Sunday,6,22,True,member,1455,Weekend
2026-07-01,2026-07,Sunday,6,23,True,casual,1064,Weekend
2026-07-01,2026-07,Sunday,6,23,True,member,743,Weekend